CREATE DATABASE  IF NOT EXISTS `taquilla_virtual` /*!40100 DEFAULT CHARACTER SET latin1 */;
USE `taquilla_virtual`;
-- MySQL dump 10.13  Distrib 5.6.23, for Win64 (x86_64)
--
-- Host: localhost    Database: taquilla_virtual
-- ------------------------------------------------------
-- Server version	5.6.24-log

/*!40101 SET @OLD_CHARACTER_SET_CLIENT=@@CHARACTER_SET_CLIENT */;
/*!40101 SET @OLD_CHARACTER_SET_RESULTS=@@CHARACTER_SET_RESULTS */;
/*!40101 SET @OLD_COLLATION_CONNECTION=@@COLLATION_CONNECTION */;
/*!40101 SET NAMES utf8 */;
/*!40103 SET @OLD_TIME_ZONE=@@TIME_ZONE */;
/*!40103 SET TIME_ZONE='+00:00' */;
/*!40014 SET @OLD_UNIQUE_CHECKS=@@UNIQUE_CHECKS, UNIQUE_CHECKS=0 */;
/*!40014 SET @OLD_FOREIGN_KEY_CHECKS=@@FOREIGN_KEY_CHECKS, FOREIGN_KEY_CHECKS=0 */;
/*!40101 SET @OLD_SQL_MODE=@@SQL_MODE, SQL_MODE='NO_AUTO_VALUE_ON_ZERO' */;
/*!40111 SET @OLD_SQL_NOTES=@@SQL_NOTES, SQL_NOTES=0 */;

--
-- Table structure for table `cliente`
--

DROP TABLE IF EXISTS `cliente`;
/*!40101 SET @saved_cs_client     = @@character_set_client */;
/*!40101 SET character_set_client = utf8 */;
CREATE TABLE `cliente` (
  `ID_Cliente` int(11) NOT NULL AUTO_INCREMENT,
  `nombre` varchar(45) NOT NULL,
  `Direccion` varchar(45) NOT NULL,
  `Pass` varchar(45) NOT NULL,
  `Metodo_de_pago` varchar(45) NOT NULL,
  PRIMARY KEY (`ID_Cliente`)
) ENGINE=InnoDB AUTO_INCREMENT=5 DEFAULT CHARSET=latin1;
/*!40101 SET character_set_client = @saved_cs_client */;

--
-- Dumping data for table `cliente`
--

LOCK TABLES `cliente` WRITE;
/*!40000 ALTER TABLE `cliente` DISABLE KEYS */;
INSERT INTO `cliente` VALUES (1,'Marcos Cela López','Calle La Viuda','Contraseña','Visa-123215325\r'),(2,'César Bonilla Garrido','Calle Lugo','Passwd','BBVA-21354576yghfd\r'),(3,'Sergio Bugallo Enjamio','C/La mentira','PASSWD123','VISA-23647543\r'),(4,'Daniel Peite Vilar','C/Salchicha','Contrasinal:D','PayPal-234<8676543rf\r');
/*!40000 ALTER TABLE `cliente` ENABLE KEYS */;
UNLOCK TABLES;

--
-- Table structure for table `espectaculos`
--

DROP TABLE IF EXISTS `espectaculos`;
/*!40101 SET @saved_cs_client     = @@character_set_client */;
/*!40101 SET character_set_client = utf8 */;
CREATE TABLE `espectaculos` (
  `ID_Espectaculo` int(11) NOT NULL AUTO_INCREMENT,
  `Descripcion` varchar(255) NOT NULL,
  `Tipo` varchar(45) NOT NULL COMMENT 'Tipo de espectáculo\n(Deportivo, musical...)',
  `Porcentaje_Penalizacion` int(11) NOT NULL,
  `Tiempo_Penalizacion` int(11) NOT NULL,
  PRIMARY KEY (`ID_Espectaculo`)
) ENGINE=InnoDB AUTO_INCREMENT=7 DEFAULT CHARSET=latin1;
/*!40101 SET character_set_client = @saved_cs_client */;

--
-- Dumping data for table `espectaculos`
--

LOCK TABLES `espectaculos` WRITE;
/*!40000 ALTER TABLE `espectaculos` DISABLE KEYS */;
INSERT INTO `espectaculos` VALUES (1,'Concierto Fin de Año','Musical',10,120),(2,'Scary Movie 5','Película',20,50),(3,'Semifinal Atletismo Femenino','Deportivo',0,250),(4,'Final Atletismo Femenino','Deportivo',10,60),(5,'Concierto Grandes Compositores Clásicos','Musical',10,250),(6,' Final Copa del Rey','Deportivo',5,9999999);
/*!40000 ALTER TABLE `espectaculos` ENABLE KEYS */;
UNLOCK TABLES;

--
-- Table structure for table `espectaculos_has_tipo_permite`
--

DROP TABLE IF EXISTS `espectaculos_has_tipo_permite`;
/*!40101 SET @saved_cs_client     = @@character_set_client */;
/*!40101 SET character_set_client = utf8 */;
CREATE TABLE `espectaculos_has_tipo_permite` (
  `Espectaculos_ID_Espectaculo` int(11) NOT NULL,
  `Tipo_Permite_Tipo` int(11) NOT NULL,
  PRIMARY KEY (`Espectaculos_ID_Espectaculo`,`Tipo_Permite_Tipo`),
  KEY `fk_Espectaculos_has_Tipo_Permite_Tipo_Permite1_idx` (`Tipo_Permite_Tipo`),
  KEY `fk_Espectaculos_has_Tipo_Permite_Espectaculos1_idx` (`Espectaculos_ID_Espectaculo`),
  CONSTRAINT `fk_Espectaculos_has_Tipo_Permite_Espectaculos1` FOREIGN KEY (`Espectaculos_ID_Espectaculo`) REFERENCES `espectaculos` (`ID_Espectaculo`) ON DELETE CASCADE ON UPDATE CASCADE,
  CONSTRAINT `fk_Espectaculos_has_Tipo_Permite_Tipo_Permite1` FOREIGN KEY (`Tipo_Permite_Tipo`) REFERENCES `tipo_permite` (`Tipo`) ON DELETE CASCADE ON UPDATE CASCADE
) ENGINE=InnoDB DEFAULT CHARSET=latin1;
/*!40101 SET character_set_client = @saved_cs_client */;

--
-- Dumping data for table `espectaculos_has_tipo_permite`
--

LOCK TABLES `espectaculos_has_tipo_permite` WRITE;
/*!40000 ALTER TABLE `espectaculos_has_tipo_permite` DISABLE KEYS */;
INSERT INTO `espectaculos_has_tipo_permite` VALUES (6,1),(1,2),(2,2),(3,2),(4,2),(5,2),(6,2),(1,3),(2,3),(3,3),(4,3),(5,3),(6,3),(2,4),(3,4),(4,4),(5,4),(6,4),(1,5),(2,5),(3,5),(6,5);
/*!40000 ALTER TABLE `espectaculos_has_tipo_permite` ENABLE KEYS */;
UNLOCK TABLES;

--
-- Table structure for table `estado_localidad`
--

DROP TABLE IF EXISTS `estado_localidad`;
/*!40101 SET @saved_cs_client     = @@character_set_client */;
/*!40101 SET character_set_client = utf8 */;
CREATE TABLE `estado_localidad` (
  `idEstado_Localidad` int(11) NOT NULL AUTO_INCREMENT,
  `estado` varchar(45) NOT NULL,
  `FK_ID_localidad` int(11) NOT NULL,
  `FK_ID_evento` int(11) NOT NULL,
  PRIMARY KEY (`idEstado_Localidad`),
  KEY `fk_Estado_Localidad_Localidades1_idx` (`FK_ID_localidad`),
  KEY `fk_Estado_Localidad_Eventos1_idx` (`FK_ID_evento`),
  CONSTRAINT `fk_Estado_Localidad_Eventos1` FOREIGN KEY (`FK_ID_evento`) REFERENCES `eventos` (`ID_evento`) ON DELETE CASCADE ON UPDATE CASCADE,
  CONSTRAINT `fk_Estado_Localidad_Localidades1` FOREIGN KEY (`FK_ID_localidad`) REFERENCES `localidades` (`ID_localidad`) ON DELETE CASCADE ON UPDATE CASCADE
) ENGINE=InnoDB AUTO_INCREMENT=13659 DEFAULT CHARSET=latin1;
/*!40101 SET character_set_client = @saved_cs_client */;

--
-- Dumping data for table `estado_localidad`
--

LOCK TABLES `estado_localidad` WRITE;
/*!40000 ALTER TABLE `estado_localidad` DISABLE KEYS */;
INSERT INTO `estado_localidad` VALUES (1,'libre',1,2),(2,'libre',2,2),(3,'libre',3,2),(4,'deteriorado',4,2),(5,'libre',5,2),(6,'libre',6,2),(7,'libre',7,2),(8,'libre',8,2),(9,'libre',9,2),(10,'deteriorado',10,2),(11,'libre',11,2),(12,'libre',12,2),(13,'libre',13,2),(14,'libre',14,2),(15,'libre',15,2),(16,'libre',16,2),(17,'libre',17,2),(18,'libre',18,2),(19,'libre',19,2),(20,'libre',20,2),(21,'libre',21,2),(22,'libre',22,2),(23,'libre',23,2),(24,'libre',24,2),(25,'libre',25,2),(26,'libre',26,2),(27,'libre',27,2),(28,'libre',28,2),(29,'libre',29,2),(30,'libre',30,2),(31,'libre',31,2),(32,'libre',32,2),(33,'libre',33,2),(34,'libre',34,2),(35,'deteriorado',35,2),(36,'libre',36,2),(37,'libre',37,2),(38,'libre',38,2),(39,'libre',39,2),(40,'libre',40,2),(41,'libre',41,2),(42,'libre',42,2),(43,'libre',43,2),(44,'libre',44,2),(45,'libre',45,2),(46,'libre',46,2),(47,'libre',47,2),(48,'libre',48,2),(49,'libre',49,2),(50,'libre',50,2),(51,'libre',51,2),(52,'libre',52,2),(53,'libre',53,2),(54,'libre',54,2),(55,'libre',55,2),(56,'libre',56,2),(57,'libre',57,2),(58,'libre',58,2),(59,'libre',59,2),(60,'libre',60,2),(61,'libre',61,2),(62,'libre',62,2),(63,'libre',63,2),(64,'libre',64,2),(65,'libre',65,2),(66,'libre',66,2),(67,'libre',67,2),(68,'libre',68,2),(69,'libre',69,2),(70,'libre',70,2),(71,'libre',71,2),(72,'libre',72,2),(73,'libre',73,2),(74,'libre',74,2),(75,'deteriorado',75,2),(76,'libre',76,2),(77,'libre',77,2),(78,'libre',78,2),(79,'libre',79,2),(80,'libre',80,2),(81,'libre',81,2),(82,'libre',82,2),(83,'libre',83,2),(84,'libre',84,2),(85,'libre',85,2),(86,'libre',86,2),(87,'libre',87,2),(88,'deteriorado',88,2),(89,'libre',89,2),(90,'libre',90,2),(91,'libre',91,2),(92,'libre',92,2),(93,'deteriorado',93,2),(94,'libre',94,2),(95,'libre',95,2),(96,'libre',96,2),(97,'libre',97,2),(98,'libre',98,2),(99,'libre',99,2),(100,'libre',100,2),(101,'libre',101,2),(102,'libre',102,2),(103,'deteriorado',103,2),(104,'libre',104,2),(105,'libre',105,2),(106,'libre',106,2),(107,'libre',107,2),(108,'libre',108,2),(109,'libre',109,2),(110,'libre',110,2),(111,'libre',111,2),(112,'libre',112,2),(113,'libre',113,2),(114,'libre',114,2),(115,'libre',115,2),(116,'deteriorado',116,2),(117,'libre',117,2),(118,'libre',118,2),(119,'libre',119,2),(120,'libre',120,2),(121,'libre',121,2),(122,'deteriorado',122,2),(123,'libre',123,2),(124,'libre',124,2),(125,'deteriorado',125,2),(126,'libre',126,2),(127,'libre',127,2),(128,'libre',128,2),(129,'libre',129,2),(130,'libre',130,2),(131,'libre',131,2),(132,'libre',132,2),(133,'libre',133,2),(134,'libre',134,2),(135,'libre',135,2),(136,'libre',136,2),(137,'libre',137,2),(138,'libre',138,2),(139,'libre',139,2),(140,'libre',140,2),(141,'libre',141,2),(142,'libre',142,2),(143,'libre',143,2),(144,'libre',144,2),(145,'libre',145,2),(146,'libre',146,2),(147,'libre',147,2),(148,'libre',148,2),(149,'libre',149,2),(150,'libre',150,2),(151,'libre',151,2),(152,'libre',152,2),(153,'libre',153,2),(154,'libre',154,2),(155,'libre',155,2),(156,'libre',156,2),(157,'libre',157,2),(158,'libre',158,2),(159,'libre',159,2),(160,'libre',160,2),(161,'libre',161,2),(162,'libre',162,2),(163,'libre',163,2),(164,'libre',164,2),(165,'libre',165,2),(166,'libre',166,2),(167,'libre',167,2),(168,'libre',168,2),(169,'libre',169,2),(170,'libre',170,2),(171,'deteriorado',171,2),(172,'libre',172,2),(173,'libre',173,2),(174,'libre',174,2),(175,'libre',175,2),(176,'libre',176,2),(177,'libre',177,2),(178,'libre',178,2),(179,'libre',179,2),(180,'libre',180,2),(181,'libre',181,2),(182,'libre',182,2),(183,'libre',183,2),(184,'libre',184,2),(185,'libre',185,2),(186,'libre',186,2),(187,'libre',187,2),(188,'libre',188,2),(189,'libre',189,2),(190,'libre',190,2),(191,'libre',191,2),(192,'libre',192,2),(193,'libre',193,2),(194,'deteriorado',194,2),(195,'libre',195,2),(196,'libre',196,2),(197,'libre',197,2),(198,'libre',198,2),(199,'libre',199,2),(200,'libre',200,2),(201,'libre',201,2),(202,'libre',202,2),(203,'libre',203,2),(204,'libre',204,2),(205,'deteriorado',205,2),(206,'libre',206,2),(207,'libre',207,2),(208,'libre',208,2),(209,'libre',209,2),(210,'libre',210,2),(211,'libre',211,2),(212,'libre',212,2),(213,'libre',213,2),(214,'libre',214,2),(215,'libre',215,2),(216,'libre',216,2),(217,'libre',217,2),(218,'libre',218,2),(219,'libre',219,2),(220,'libre',220,2),(221,'libre',221,2),(222,'libre',222,2),(223,'libre',223,2),(224,'libre',224,2),(225,'libre',225,2),(226,'libre',226,2),(227,'libre',227,2),(228,'libre',228,2),(229,'libre',229,2),(230,'libre',230,2),(231,'libre',231,2),(232,'libre',232,2),(233,'libre',233,2),(234,'libre',234,2),(235,'libre',235,2),(236,'libre',236,2),(237,'libre',237,2),(238,'libre',238,2),(239,'libre',239,2),(240,'libre',240,2),(241,'libre',241,2),(242,'libre',242,2),(243,'libre',243,2),(244,'libre',244,2),(245,'libre',245,2),(246,'libre',246,2),(247,'libre',247,2),(248,'libre',248,2),(249,'libre',249,2),(250,'libre',250,2),(251,'libre',251,2),(252,'libre',252,2),(253,'libre',253,2),(254,'libre',254,2),(255,'libre',255,2),(256,'libre',256,2),(257,'libre',257,2),(258,'libre',258,2),(259,'libre',259,2),(260,'libre',260,2),(261,'libre',261,2),(262,'libre',262,2),(263,'libre',263,2),(264,'libre',264,2),(265,'libre',265,2),(266,'libre',266,2),(267,'libre',267,2),(268,'deteriorado',268,2),(269,'libre',269,2),(270,'libre',270,2),(271,'libre',271,2),(272,'libre',272,2),(273,'libre',273,2),(274,'libre',274,2),(275,'libre',275,2),(276,'libre',276,2),(277,'libre',277,2),(278,'libre',278,2),(279,'libre',279,2),(280,'libre',280,2),(281,'libre',281,2),(282,'libre',282,2),(283,'libre',283,2),(284,'libre',284,2),(285,'libre',285,2),(286,'deteriorado',286,2),(287,'libre',287,2),(288,'libre',288,2),(289,'libre',289,2),(290,'libre',290,2),(291,'libre',291,2),(292,'libre',292,2),(293,'libre',293,2),(294,'libre',294,2),(295,'libre',295,2),(296,'libre',296,2),(297,'libre',297,2),(298,'libre',298,2),(299,'libre',299,2),(300,'deteriorado',300,2),(301,'libre',301,2),(302,'libre',302,2),(303,'libre',303,2),(304,'libre',304,2),(305,'libre',305,2),(306,'libre',306,2),(307,'libre',307,2),(308,'libre',308,2),(309,'libre',309,2),(310,'libre',310,2),(311,'libre',311,2),(312,'libre',312,2),(313,'libre',313,2),(314,'libre',314,2),(315,'libre',315,2),(316,'libre',316,2),(317,'libre',317,2),(318,'libre',318,2),(319,'libre',319,2),(320,'libre',320,2),(321,'libre',321,2),(322,'libre',322,2),(323,'libre',323,2),(324,'libre',324,2),(325,'libre',325,2),(1501,'libre',1501,1),(1502,'libre',1502,1),(1503,'libre',1503,1),(1504,'libre',1504,1),(1505,'libre',1505,1),(1506,'libre',1506,1),(1507,'libre',1507,1),(1508,'libre',1508,1),(1509,'libre',1509,1),(1510,'libre',1510,1),(1511,'libre',1511,1),(1512,'libre',1512,1),(1513,'libre',1513,1),(1514,'libre',1514,1),(1515,'libre',1515,1),(1516,'libre',1516,1),(1517,'libre',1517,1),(1518,'libre',1518,1),(1519,'libre',1519,1),(1520,'libre',1520,1),(1521,'libre',1521,1),(1522,'libre',1522,1),(1523,'libre',1523,1),(1524,'libre',1524,1),(1525,'libre',1525,1),(1526,'libre',1526,1),(1527,'libre',1527,1),(1528,'libre',1528,1),(1529,'libre',1529,1),(1530,'libre',1530,1),(1531,'deteriorado',1531,1),(1532,'libre',1532,1),(1533,'libre',1533,1),(1534,'libre',1534,1),(1535,'libre',1535,1),(1536,'libre',1536,1),(1537,'libre',1537,1),(1538,'libre',1538,1),(1539,'libre',1539,1),(1540,'libre',1540,1),(1541,'libre',1541,1),(1542,'libre',1542,1),(1543,'libre',1543,1),(1544,'libre',1544,1),(1545,'deteriorado',1545,1),(1546,'libre',1546,1),(1547,'deteriorado',1547,1),(1548,'libre',1548,1),(1549,'libre',1549,1),(1550,'libre',1550,1),(1551,'libre',1551,1),(1552,'libre',1552,1),(1553,'libre',1553,1),(1554,'libre',1554,1),(1555,'libre',1555,1),(1556,'libre',1556,1),(1557,'libre',1557,1),(1558,'libre',1558,1),(1559,'libre',1559,1),(1560,'libre',1560,1),(1561,'libre',1561,1),(1562,'libre',1562,1),(1563,'libre',1563,1),(1564,'libre',1564,1),(1565,'libre',1565,1),(1566,'libre',1566,1),(1567,'libre',1567,1),(1568,'libre',1568,1),(1569,'libre',1569,1),(1570,'libre',1570,1),(1571,'libre',1571,1),(1572,'libre',1572,1),(1573,'libre',1573,1),(1574,'libre',1574,1),(1575,'libre',1575,1),(1576,'libre',1576,1),(1577,'deteriorado',1577,1),(1578,'deteriorado',1578,1),(1579,'deteriorado',1579,1),(1580,'deteriorado',1580,1),(1581,'libre',1581,1),(1582,'libre',1582,1),(1583,'libre',1583,1),(1584,'libre',1584,1),(1585,'libre',1585,1),(1586,'libre',1586,1),(1587,'libre',1587,1),(1588,'libre',1588,1),(1589,'libre',1589,1),(1590,'libre',1590,1),(1591,'libre',1591,1),(1592,'libre',1592,1),(1593,'libre',1593,1),(1594,'libre',1594,1),(1595,'libre',1595,1),(1596,'libre',1596,1),(1597,'libre',1597,1),(1598,'libre',1598,1),(1599,'libre',1599,1),(1600,'libre',1600,1),(1601,'libre',1601,1),(1602,'libre',1602,1),(1603,'libre',1603,1),(1604,'libre',1604,1),(1605,'libre',1605,1),(1606,'libre',1606,1),(1607,'libre',1607,1),(1608,'libre',1608,1),(1609,'libre',1609,1),(1610,'libre',1610,1),(1611,'libre',1611,1),(1612,'libre',1612,1),(1613,'libre',1613,1),(1614,'libre',1614,1),(1615,'libre',1615,1),(1616,'libre',1616,1),(1617,'libre',1617,1),(1618,'libre',1618,1),(1619,'libre',1619,1),(1620,'libre',1620,1),(1621,'libre',1621,1),(1622,'libre',1622,1),(1623,'libre',1623,1),(1624,'libre',1624,1),(1625,'libre',1625,1),(1626,'libre',1626,1),(1627,'libre',1627,1),(1628,'libre',1628,1),(1629,'libre',1629,1),(1630,'deteriorado',1630,1),(1631,'libre',1631,1),(1632,'libre',1632,1),(1633,'libre',1633,1),(1634,'libre',1634,1),(1635,'libre',1635,1),(1636,'libre',1636,1),(1637,'libre',1637,1),(1638,'libre',1638,1),(1639,'libre',1639,1),(1640,'libre',1640,1),(1641,'libre',1641,1),(1642,'libre',1642,1),(1643,'libre',1643,1),(1644,'libre',1644,1),(1645,'libre',1645,1),(1646,'libre',1646,1),(1647,'libre',1647,1),(1648,'libre',1648,1),(1649,'libre',1649,1),(1650,'libre',1650,1),(1651,'libre',1651,1),(1652,'libre',1652,1),(1653,'libre',1653,1),(1654,'libre',1654,1),(1655,'libre',1655,1),(1656,'libre',1656,1),(1657,'libre',1657,1),(1658,'libre',1658,1),(1659,'libre',1659,1),(1660,'libre',1660,1),(1661,'libre',1661,1),(1662,'deteriorado',1662,1),(1663,'libre',1663,1),(1664,'libre',1664,1),(1665,'deteriorado',1665,1),(1666,'libre',1666,1),(1667,'libre',1667,1),(1668,'libre',1668,1),(1669,'libre',1669,1),(1670,'libre',1670,1),(1671,'libre',1671,1),(1672,'libre',1672,1),(1673,'libre',1673,1),(1674,'libre',1674,1),(1675,'libre',1675,1),(1676,'libre',1676,1),(1677,'libre',1677,1),(1678,'libre',1678,1),(1679,'libre',1679,1),(1680,'libre',1680,1),(1681,'libre',1681,1),(1682,'libre',1682,1),(1683,'libre',1683,1),(1684,'libre',1684,1),(1685,'libre',1685,1),(1686,'libre',1686,1),(1687,'libre',1687,1),(1688,'libre',1688,1),(1689,'libre',1689,1),(1690,'libre',1690,1),(1691,'libre',1691,1),(1692,'libre',1692,1),(1693,'libre',1693,1),(1694,'libre',1694,1),(1695,'libre',1695,1),(1696,'libre',1696,1),(1697,'libre',1697,1),(1698,'libre',1698,1),(1699,'libre',1699,1),(1700,'libre',1700,1),(1701,'libre',1701,1),(1702,'libre',1702,1),(1703,'libre',1703,1),(1704,'libre',1704,1),(1705,'libre',1705,1),(1706,'libre',1706,1),(1707,'libre',1707,1),(1708,'libre',1708,1),(1709,'libre',1709,1),(1710,'libre',1710,1),(1711,'libre',1711,1),(1712,'libre',1712,1),(1713,'libre',1713,1),(1714,'libre',1714,1),(1715,'libre',1715,1),(1716,'libre',1716,1),(1717,'libre',1717,1),(1718,'libre',1718,1),(1719,'libre',1719,1),(1720,'libre',1720,1),(1721,'libre',1721,1),(1722,'libre',1722,1),(1723,'libre',1723,1),(1724,'libre',1724,1),(1725,'libre',1725,1),(1726,'libre',1726,1),(1727,'libre',1727,1),(1728,'libre',1728,1),(1729,'libre',1729,1),(1730,'libre',1730,1),(1731,'libre',1731,1),(1732,'libre',1732,1),(1733,'libre',1733,1),(1734,'libre',1734,1),(1735,'libre',1735,1),(1736,'libre',1736,1),(1737,'libre',1737,1),(1738,'libre',1738,1),(1739,'libre',1739,1),(1740,'libre',1740,1),(1741,'libre',1741,1),(1742,'deteriorado',1742,1),(1743,'libre',1743,1),(1744,'libre',1744,1),(1745,'libre',1745,1),(1746,'libre',1746,1),(1747,'libre',1747,1),(1748,'libre',1748,1),(1749,'libre',1749,1),(1750,'libre',1750,1),(1751,'libre',1751,1),(1752,'libre',1752,1),(1753,'libre',1753,1),(1754,'libre',1754,1),(1755,'libre',1755,1),(1756,'libre',1756,1),(1757,'libre',1757,1),(1758,'libre',1758,1),(1759,'libre',1759,1),(1760,'libre',1760,1),(1761,'libre',1761,1),(1762,'libre',1762,1),(1763,'libre',1763,1),(1764,'libre',1764,1),(1765,'libre',1765,1),(1766,'libre',1766,1),(1767,'libre',1767,1),(1768,'libre',1768,1),(1769,'libre',1769,1),(1770,'libre',1770,1),(1771,'libre',1771,1),(1772,'libre',1772,1),(1773,'libre',1773,1),(1774,'libre',1774,1),(1775,'libre',1775,1),(1776,'libre',1776,1),(1777,'libre',1777,1),(1778,'libre',1778,1),(1779,'libre',1779,1),(1780,'libre',1780,1),(1781,'libre',1781,1),(1782,'libre',1782,1),(1783,'libre',1783,1),(1784,'libre',1784,1),(1785,'libre',1785,1),(1786,'libre',1786,1),(1787,'libre',1787,1),(1788,'libre',1788,1),(1789,'libre',1789,1),(1790,'libre',1790,1),(1791,'libre',1791,1),(1792,'libre',1792,1),(1793,'libre',1793,1),(1794,'libre',1794,1),(1795,'libre',1795,1),(1796,'libre',1796,1),(1797,'libre',1797,1),(1798,'libre',1798,1),(1799,'libre',1799,1),(1800,'libre',1800,1),(1801,'libre',1801,1),(1802,'libre',1802,1),(1803,'libre',1803,1),(1804,'libre',1804,1),(1805,'libre',1805,1),(1806,'libre',1806,1),(1807,'libre',1807,1),(1808,'libre',1808,1),(1809,'libre',1809,1),(1810,'deteriorado',1810,1),(1811,'libre',1811,1),(1812,'libre',1812,1),(1813,'libre',1813,1),(1814,'libre',1814,1),(1815,'libre',1815,1),(1816,'libre',1816,1),(1817,'libre',1817,1),(1818,'libre',1818,1),(1819,'libre',1819,1),(1820,'libre',1820,1),(1821,'libre',1821,1),(1822,'libre',1822,1),(1823,'libre',1823,1),(1824,'libre',1824,1),(1825,'libre',1825,1),(1826,'libre',1826,1),(1827,'libre',1827,1),(1828,'libre',1828,1),(1829,'libre',1829,1),(1830,'libre',1830,1),(1831,'libre',1831,1),(1832,'libre',1832,1),(1833,'libre',1833,1),(1834,'libre',1834,1),(1835,'libre',1835,1),(1836,'libre',1836,1),(1837,'libre',1837,1),(1838,'libre',1838,1),(1839,'libre',1839,1),(1840,'libre',1840,1),(1841,'libre',1841,1),(1842,'libre',1842,1),(1843,'libre',1843,1),(1844,'libre',1844,1),(1845,'libre',1845,1),(1846,'libre',1846,1),(1847,'libre',1847,1),(1848,'libre',1848,1),(1849,'libre',1849,1),(1850,'libre',1850,1),(1851,'libre',1851,1),(1852,'libre',1852,1),(1853,'libre',1853,1),(1854,'libre',1854,1),(1855,'libre',1855,1),(1856,'libre',1856,1),(1857,'libre',1857,1),(1858,'libre',1858,1),(1859,'libre',1859,1),(1860,'libre',1860,1),(1861,'libre',1861,1),(1862,'libre',1862,1),(1863,'libre',1863,1),(1864,'libre',1864,1),(1865,'libre',1865,1),(1866,'libre',1866,1),(1867,'libre',1867,1),(1868,'libre',1868,1),(1869,'libre',1869,1),(1870,'libre',1870,1),(1871,'libre',1871,1),(1872,'libre',1872,1),(1873,'libre',1873,1),(1874,'libre',1874,1),(1875,'libre',1875,1),(1876,'libre',1876,1),(1877,'libre',1877,1),(1878,'libre',1878,1),(1879,'libre',1879,1),(1880,'libre',1880,1),(1881,'libre',1881,1),(1882,'libre',1882,1),(1883,'libre',1883,1),(1884,'libre',1884,1),(1885,'libre',1885,1),(1886,'libre',1886,1),(1887,'libre',1887,1),(1888,'libre',1888,1),(1889,'libre',1889,1),(1890,'libre',1890,1),(1891,'libre',1891,1),(1892,'libre',1892,1),(1893,'libre',1893,1),(1894,'libre',1894,1),(1895,'libre',1895,1),(1896,'libre',1896,1),(1897,'libre',1897,1),(1898,'libre',1898,1),(1899,'libre',1899,1),(1900,'libre',1900,1),(1901,'libre',1901,1),(1902,'libre',1902,1),(1903,'libre',1903,1),(1904,'libre',1904,1),(1905,'libre',1905,1),(1906,'libre',1906,1),(1907,'libre',1907,1),(1908,'libre',1908,1),(1909,'libre',1909,1),(1910,'libre',1910,1),(1911,'libre',1911,1),(1912,'libre',1912,1),(1913,'libre',1913,1),(1914,'libre',1914,1),(1915,'libre',1915,1),(1916,'libre',1916,1),(1917,'libre',1917,1),(1918,'libre',1918,1),(1919,'libre',1919,1),(1920,'libre',1920,1),(1921,'libre',1921,1),(1922,'libre',1922,1),(1923,'libre',1923,1),(1924,'libre',1924,1),(1925,'libre',1925,1),(1926,'libre',1926,1),(1927,'libre',1927,1),(1928,'libre',1928,1),(1929,'libre',1929,1),(1930,'libre',1930,1),(1931,'libre',1931,1),(1932,'libre',1932,1),(1933,'libre',1933,1),(1934,'libre',1934,1),(1935,'libre',1935,1),(1936,'libre',1936,1),(1937,'libre',1937,1),(1938,'libre',1938,1),(1939,'libre',1939,1),(1940,'libre',1940,1),(1941,'libre',1941,1),(1942,'libre',1942,1),(1943,'libre',1943,1),(1944,'libre',1944,1),(1945,'libre',1945,1),(1946,'libre',1946,1),(1947,'libre',1947,1),(1948,'libre',1948,1),(1949,'libre',1949,1),(1950,'libre',1950,1),(1951,'deteriorado',1951,1),(1952,'libre',1952,1),(1953,'libre',1953,1),(1954,'libre',1954,1),(1955,'libre',1955,1),(1956,'libre',1956,1),(1957,'libre',1957,1),(1958,'libre',1958,1),(1959,'libre',1959,1),(1960,'libre',1960,1),(1961,'libre',1961,1),(1962,'libre',1962,1),(1963,'libre',1963,1),(1964,'libre',1964,1),(1965,'libre',1965,1),(1966,'libre',1966,1),(1967,'libre',1967,1),(1968,'libre',1968,1),(1969,'libre',1969,1),(1970,'libre',1970,1),(1971,'libre',1971,1),(1972,'deteriorado',1972,1),(1973,'libre',1973,1),(1974,'libre',1974,1),(1975,'libre',1975,1),(1976,'libre',1976,1),(1977,'libre',1977,1),(1978,'libre',1978,1),(1979,'libre',1979,1),(1980,'libre',1980,1),(1981,'libre',1981,1),(1982,'libre',1982,1),(1983,'libre',1983,1),(1984,'libre',1984,1),(1985,'libre',1985,1),(1986,'libre',1986,1),(1987,'libre',1987,1),(1988,'libre',1988,1),(1989,'libre',1989,1),(1990,'libre',1990,1),(1991,'libre',1991,1),(1992,'libre',1992,1),(1993,'libre',1993,1),(1994,'libre',1994,1),(1995,'libre',1995,1),(1996,'libre',1996,1),(1997,'libre',1997,1),(1998,'libre',1998,1),(1999,'libre',1999,1),(2000,'libre',2000,1),(2001,'libre',2001,1),(2002,'libre',2002,1),(2003,'deteriorado',2003,1),(2004,'libre',2004,1),(2005,'libre',2005,1),(2006,'libre',2006,1),(2007,'libre',2007,1),(2008,'libre',2008,1),(2009,'libre',2009,1),(2010,'libre',2010,1),(2011,'libre',2011,1),(2012,'libre',2012,1),(2013,'libre',2013,1),(2014,'libre',2014,1),(2015,'libre',2015,1),(2016,'libre',2016,1),(2017,'deteriorado',2017,1),(2018,'libre',2018,1),(2019,'libre',2019,1),(2020,'libre',2020,1),(2021,'libre',2021,1),(2022,'libre',2022,1),(2023,'libre',2023,1),(2024,'libre',2024,1),(2025,'libre',2025,1),(2026,'libre',2026,1),(2027,'libre',2027,1),(2028,'libre',2028,1),(2029,'libre',2029,1),(2030,'libre',2030,1),(2031,'libre',2031,1),(2032,'libre',2032,1),(2033,'libre',2033,1),(2034,'libre',2034,1),(2035,'libre',2035,1),(2036,'libre',2036,1),(2037,'libre',2037,1),(2038,'libre',2038,1),(2039,'libre',2039,1),(2040,'libre',2040,1),(2041,'libre',2041,1),(2042,'libre',2042,1),(2043,'libre',2043,1),(2044,'libre',2044,1),(2045,'libre',2045,1),(2046,'libre',2046,1),(2047,'libre',2047,1),(2048,'libre',2048,1),(2049,'libre',2049,1),(2050,'libre',2050,1),(2051,'libre',2051,1),(2052,'libre',2052,1),(2053,'libre',2053,1),(2054,'libre',2054,1),(2055,'libre',2055,1),(2056,'libre',2056,1),(2057,'libre',2057,1),(2058,'libre',2058,1),(2059,'libre',2059,1),(2060,'libre',2060,1),(2061,'libre',2061,1),(2062,'libre',2062,1),(2063,'libre',2063,1),(2064,'libre',2064,1),(2065,'libre',2065,1),(2066,'deteriorado',2066,1),(2067,'libre',2067,1),(2068,'libre',2068,1),(2069,'libre',2069,1),(2070,'libre',2070,1),(2071,'libre',2071,1),(2072,'libre',2072,1),(2073,'libre',2073,1),(2074,'libre',2074,1),(2075,'libre',2075,1),(2076,'libre',2076,1),(2077,'libre',2077,1),(2078,'libre',2078,1),(2079,'libre',2079,1),(2080,'libre',2080,1),(2081,'libre',2081,1),(2082,'libre',2082,1),(2083,'libre',2083,1),(2084,'libre',2084,1),(2085,'libre',2085,1),(2086,'libre',2086,1),(2087,'libre',2087,1),(2088,'libre',2088,1),(2089,'libre',2089,1),(2090,'libre',2090,1),(2091,'libre',2091,1),(2092,'libre',2092,1),(2093,'libre',2093,1),(2094,'libre',2094,1),(2095,'libre',2095,1),(2096,'deteriorado',2096,1),(2097,'libre',2097,1),(2098,'libre',2098,1),(2099,'libre',2099,1),(2100,'libre',2100,1),(2101,'libre',2101,1),(2102,'libre',2102,1),(2103,'libre',2103,1),(2104,'libre',2104,1),(2105,'libre',2105,1),(2106,'libre',2106,1),(2107,'libre',2107,1),(2108,'libre',2108,1),(2109,'libre',2109,1),(2110,'libre',2110,1),(2111,'libre',2111,1),(2112,'libre',2112,1),(2113,'libre',2113,1),(2114,'libre',2114,1),(2115,'libre',2115,1),(2116,'libre',2116,1),(2117,'libre',2117,1),(2118,'libre',2118,1),(2119,'libre',2119,1),(2120,'libre',2120,1),(2121,'libre',2121,1),(2122,'deteriorado',2122,1),(2123,'libre',2123,1),(2124,'libre',2124,1),(2125,'libre',2125,1),(2126,'libre',2126,1),(2127,'libre',2127,1),(2128,'libre',2128,1),(2129,'libre',2129,1),(2130,'libre',2130,1),(2131,'libre',2131,1),(2132,'libre',2132,1),(2133,'libre',2133,1),(2134,'libre',2134,1),(2135,'libre',2135,1),(2136,'libre',2136,1),(2137,'libre',2137,1),(2138,'libre',2138,1),(2139,'libre',2139,1),(2140,'libre',2140,1),(2141,'libre',2141,1),(2142,'libre',2142,1),(2143,'libre',2143,1),(2144,'libre',2144,1),(2145,'libre',2145,1),(2146,'libre',2146,1),(2147,'libre',2147,1),(2148,'libre',2148,1),(2149,'libre',2149,1),(2150,'libre',2150,1),(2151,'libre',2151,1),(2152,'libre',2152,1),(2153,'libre',2153,1),(2154,'libre',2154,1),(2155,'libre',2155,1),(2156,'libre',2156,1),(2157,'libre',2157,1),(2158,'libre',2158,1),(2159,'libre',2159,1),(2160,'libre',2160,1),(2161,'libre',2161,1),(2162,'deteriorado',2162,1),(2163,'libre',2163,1),(2164,'libre',2164,1),(2165,'libre',2165,1),(2166,'libre',2166,1),(2167,'libre',2167,1),(2168,'libre',2168,1),(2169,'libre',2169,1),(2170,'libre',2170,1),(2171,'libre',2171,1),(2172,'libre',2172,1),(2173,'libre',2173,1),(2174,'libre',2174,1),(2175,'libre',2175,1),(2176,'libre',2176,1),(2177,'libre',2177,1),(2178,'libre',2178,1),(2179,'libre',2179,1),(2180,'libre',2180,1),(2181,'libre',2181,1),(2182,'libre',2182,1),(2183,'libre',2183,1),(2184,'libre',2184,1),(2185,'libre',2185,1),(2186,'libre',2186,1),(2187,'libre',2187,1),(2188,'libre',2188,1),(2189,'libre',2189,1),(2190,'libre',2190,1),(2191,'libre',2191,1),(2192,'libre',2192,1),(2193,'libre',2193,1),(2194,'libre',2194,1),(2195,'libre',2195,1),(2196,'libre',2196,1),(2197,'libre',2197,1),(2198,'libre',2198,1),(2199,'libre',2199,1),(2200,'libre',2200,1),(5094,'libre',5094,1),(5095,'libre',5095,1),(5096,'libre',5096,1),(5097,'libre',5097,1),(5098,'libre',5098,1),(5099,'libre',5099,1),(5100,'libre',5100,1),(5101,'libre',5101,1),(5102,'libre',5102,1),(5103,'libre',5103,1),(5104,'libre',5104,1),(5105,'libre',5105,1),(5106,'libre',5106,1),(5107,'libre',5107,1),(5108,'libre',5108,1),(5109,'libre',5109,1),(5110,'libre',5110,1),(5111,'libre',5111,1),(5112,'libre',5112,1),(5113,'libre',5113,1),(5114,'libre',5114,1),(5115,'libre',5115,1),(5116,'libre',5116,1),(5117,'libre',5117,1),(5118,'libre',5118,1),(5119,'libre',5119,1),(5120,'libre',5120,1),(5121,'libre',5121,1),(5122,'libre',5122,1),(5123,'libre',5123,1),(5124,'libre',5124,1),(5125,'libre',5125,1),(5126,'libre',5126,1),(5127,'libre',5127,1),(5128,'libre',5128,1),(5129,'libre',5129,1),(5130,'libre',5130,1),(5131,'libre',5131,1),(5132,'libre',5132,1),(5133,'libre',5133,1),(5134,'libre',5134,1),(5135,'deteriorado',5135,1),(5136,'libre',5136,1),(5137,'libre',5137,1),(5138,'libre',5138,1),(5139,'libre',5139,1),(5140,'libre',5140,1),(5141,'libre',5141,1),(5142,'libre',5142,1),(5143,'libre',5143,1),(5144,'libre',5144,1),(5145,'libre',5145,1),(5146,'libre',5146,1),(5147,'libre',5147,1),(5148,'libre',5148,1),(5149,'libre',5149,1),(5150,'deteriorado',5150,1),(5151,'libre',5151,1),(5152,'libre',5152,1),(5153,'libre',5153,1),(5154,'libre',5154,1),(5155,'libre',5155,1),(5156,'libre',5156,1),(5157,'libre',5157,1),(5158,'libre',5158,1),(5159,'libre',5159,1),(5160,'libre',5160,1),(5161,'libre',5161,1),(5162,'libre',5162,1),(5163,'libre',5163,1),(5164,'libre',5164,1),(5165,'libre',5165,1),(5166,'libre',5166,1),(5167,'libre',5167,1),(5168,'libre',5168,1),(5169,'libre',5169,1),(5170,'libre',5170,1),(5171,'libre',5171,1),(5172,'libre',5172,1),(5173,'libre',5173,1),(5174,'libre',5174,1),(5175,'libre',5175,1),(5176,'libre',5176,1),(5177,'libre',5177,1),(5178,'libre',5178,1),(5179,'libre',5179,1),(5180,'libre',5180,1),(5181,'libre',5181,1),(5182,'libre',5182,1),(5183,'deteriorado',5183,1),(5184,'libre',5184,1),(5185,'libre',5185,1),(5186,'libre',5186,1),(5187,'libre',5187,1),(5188,'libre',5188,1),(5189,'libre',5189,1),(5190,'libre',5190,1),(5191,'libre',5191,1),(5192,'libre',5192,1),(5193,'libre',5193,1),(5194,'libre',5194,1),(5195,'libre',5195,1),(5196,'libre',5196,1),(5197,'libre',5197,1),(5198,'libre',5198,1),(5199,'libre',5199,1),(5200,'libre',5200,1),(5201,'libre',5201,1),(5202,'libre',5202,1),(5203,'libre',5203,1),(5204,'libre',5204,1),(5205,'libre',5205,1),(5206,'libre',5206,1),(5207,'libre',5207,1),(5208,'libre',5208,1),(5209,'libre',5209,1),(5210,'libre',5210,1),(5211,'libre',5211,1),(5212,'libre',5212,1),(5213,'libre',5213,1),(5214,'libre',5214,1),(5215,'libre',5215,1),(5216,'libre',5216,1),(5217,'libre',5217,1),(5218,'libre',5218,1),(5219,'libre',5219,1),(5220,'libre',5220,1),(5221,'libre',5221,1),(5222,'libre',5222,1),(5223,'libre',5223,1),(5224,'libre',5224,1),(5225,'libre',5225,1),(5226,'libre',5226,1),(5227,'libre',5227,1),(5228,'libre',5228,1),(5229,'deteriorado',5229,1),(5230,'libre',5230,1),(5231,'libre',5231,1),(5232,'libre',5232,1),(5233,'libre',5233,1),(5234,'libre',5234,1),(5235,'libre',5235,1),(5236,'libre',5236,1),(5237,'libre',5237,1),(5238,'libre',5238,1),(5239,'libre',5239,1),(5240,'libre',5240,1),(5241,'libre',5241,1),(5242,'libre',5242,1),(5243,'libre',5243,1),(5244,'libre',5244,1),(5245,'libre',5245,1),(5246,'libre',5246,1),(5247,'deteriorado',5247,1),(5248,'libre',5248,1),(5249,'libre',5249,1),(5250,'libre',5250,1),(5251,'libre',5251,1),(5252,'libre',5252,1),(5253,'libre',5253,1),(5254,'libre',5254,1),(5255,'libre',5255,1),(5256,'libre',5256,1),(5257,'libre',5257,1),(5258,'libre',5258,1),(5259,'libre',5259,1),(5260,'libre',5260,1),(5261,'libre',5261,1),(5262,'libre',5262,1),(5263,'libre',5263,1),(5264,'libre',5264,1),(5265,'libre',5265,1),(5266,'libre',5266,1),(5267,'libre',5267,1),(5268,'libre',5268,1),(5269,'libre',5269,1),(5270,'libre',5270,1),(5271,'libre',5271,1),(5272,'libre',5272,1),(5273,'libre',5273,1),(5274,'libre',5274,1),(5275,'libre',5275,1),(5276,'libre',5276,1),(5277,'libre',5277,1),(5278,'libre',5278,1),(5279,'libre',5279,1),(5280,'libre',5280,1),(5281,'libre',5281,1),(5282,'libre',5282,1),(5283,'libre',5283,1),(5284,'libre',5284,1),(5285,'libre',5285,1),(5286,'libre',5286,1),(5287,'libre',5287,1),(5288,'libre',5288,1),(5289,'libre',5289,1),(5290,'libre',5290,1),(5291,'libre',5291,1),(5292,'libre',5292,1),(5293,'libre',5293,1),(5294,'libre',5294,1),(5295,'libre',5295,1),(5296,'libre',5296,1),(5297,'libre',5297,1),(5298,'libre',5298,1),(5299,'libre',5299,1),(5300,'libre',5300,1),(5301,'libre',5301,1),(5302,'deteriorado',5302,1),(5303,'libre',5303,1),(5304,'libre',5304,1),(5305,'libre',5305,1),(5306,'libre',5306,1),(5307,'libre',5307,1),(5308,'libre',5308,1),(5309,'libre',5309,1),(5310,'libre',5310,1),(5311,'libre',5311,1),(5312,'libre',5312,1),(5313,'libre',5313,1),(5314,'deteriorado',5314,1),(5315,'libre',5315,1),(5316,'libre',5316,1),(5317,'libre',5317,1),(5318,'libre',5318,1),(5319,'libre',5319,1),(5320,'libre',5320,1),(5321,'libre',5321,1),(5322,'libre',5322,1),(5323,'libre',5323,1),(5324,'libre',5324,1),(5325,'libre',5325,1),(5326,'libre',5326,1),(5327,'libre',5327,1),(5328,'libre',5328,1),(5329,'libre',5329,1),(5330,'libre',5330,1),(5331,'libre',5331,1),(5332,'libre',5332,1),(5333,'libre',5333,1),(5334,'libre',5334,1),(5335,'libre',5335,1),(5336,'libre',5336,1),(5337,'libre',5337,1),(5338,'libre',5338,1),(5339,'libre',5339,1),(5340,'libre',5340,1),(5341,'libre',5341,1),(5342,'libre',5342,1),(5343,'libre',5343,1),(5344,'libre',5344,1),(5345,'libre',5345,1),(5346,'libre',5346,1),(5347,'libre',5347,1),(5348,'libre',5348,1),(5349,'libre',5349,1),(5350,'libre',5350,1),(5351,'libre',5351,1),(5352,'libre',5352,1),(5353,'libre',5353,1),(5354,'libre',5354,1),(5355,'libre',5355,1),(5356,'libre',5356,1),(5357,'libre',5357,1),(5358,'libre',5358,1),(5359,'libre',5359,1),(5360,'libre',5360,1),(5361,'libre',5361,1),(5362,'libre',5362,1),(5363,'libre',5363,1),(5364,'libre',5364,1),(5365,'libre',5365,1),(5366,'libre',5366,1),(5367,'libre',5367,1),(5368,'libre',5368,1),(5369,'libre',5369,1),(5370,'libre',5370,1),(5371,'libre',5371,1),(5372,'libre',5372,1),(5373,'libre',5373,1),(5374,'libre',5374,1),(5375,'libre',5375,1),(5376,'libre',5376,1),(5377,'libre',5377,1),(5378,'libre',5378,1),(5379,'libre',5379,1),(5380,'libre',5380,1),(5381,'libre',5381,1),(5382,'libre',5382,1),(5383,'libre',5383,1),(5384,'libre',5384,1),(5385,'libre',5385,1),(5386,'libre',5386,1),(5387,'libre',5387,1),(5388,'libre',5388,1),(5389,'libre',5389,1),(5390,'libre',5390,1),(5391,'libre',5391,1),(5392,'libre',5392,1),(5393,'libre',5393,1),(5394,'libre',5394,1),(5395,'libre',5395,1),(5396,'libre',5396,1),(5397,'libre',5397,1),(5398,'libre',5398,1),(5399,'libre',5399,1),(5400,'libre',5400,1),(5401,'libre',5401,1),(5402,'libre',5402,1),(5403,'libre',5403,1),(5404,'libre',5404,1),(5405,'libre',5405,1),(5406,'libre',5406,1),(5407,'libre',5407,1),(5408,'libre',5408,1),(5409,'libre',5409,1),(5410,'libre',5410,1),(5411,'libre',5411,1),(5412,'libre',5412,1),(5413,'libre',5413,1),(5414,'libre',5414,1),(5415,'libre',5415,1),(5416,'libre',5416,1),(5417,'libre',5417,1),(5418,'libre',5418,1),(5419,'libre',5419,1),(5420,'libre',5420,1),(5421,'libre',5421,1),(5422,'libre',5422,1),(5423,'libre',5423,1),(5424,'libre',5424,1),(5425,'libre',5425,1),(5426,'libre',5426,1),(5427,'libre',5427,1),(5428,'libre',5428,1),(5429,'libre',5429,1),(5430,'libre',5430,1),(5431,'libre',5431,1),(5432,'libre',5432,1),(5433,'libre',5433,1),(5434,'libre',5434,1),(5435,'libre',5435,1),(5436,'libre',5436,1),(5437,'libre',5437,1),(5438,'libre',5438,1),(5439,'libre',5439,1),(5440,'libre',5440,1),(5441,'libre',5441,1),(5442,'libre',5442,1),(5443,'libre',5443,1),(5444,'libre',5444,1),(5445,'libre',5445,1),(5446,'libre',5446,1),(5447,'libre',5447,1),(5448,'libre',5448,1),(5449,'libre',5449,1),(5450,'libre',5450,1),(5451,'libre',5451,1),(5452,'libre',5452,1),(5453,'libre',5453,1),(5454,'libre',5454,1),(5455,'libre',5455,1),(5456,'libre',5456,1),(5457,'libre',5457,1),(5458,'libre',5458,1),(5459,'deteriorado',5459,1),(5460,'libre',5460,1),(5461,'libre',5461,1),(5462,'libre',5462,1),(5463,'libre',5463,1),(5464,'libre',5464,1),(5465,'libre',5465,1),(5466,'libre',5466,1),(5467,'libre',5467,1),(5468,'libre',5468,1),(5469,'libre',5469,1),(5470,'libre',5470,1),(5471,'libre',5471,1),(5472,'libre',5472,1),(5473,'libre',5473,1),(5474,'libre',5474,1),(5475,'libre',5475,1),(5476,'libre',5476,1),(5477,'libre',5477,1),(5478,'libre',5478,1),(5479,'libre',5479,1),(5480,'libre',5480,1),(5481,'libre',5481,1),(5482,'libre',5482,1),(5483,'libre',5483,1),(5484,'libre',5484,1),(5485,'libre',5485,1),(5486,'libre',5486,1),(5487,'libre',5487,1),(5488,'libre',5488,1),(5489,'libre',5489,1),(5490,'libre',5490,1),(5491,'libre',5491,1),(5492,'libre',5492,1),(5493,'libre',5493,1),(5494,'libre',5494,1),(5495,'libre',5495,1),(5496,'libre',5496,1),(5497,'libre',5497,1),(5498,'libre',5498,1),(5499,'libre',5499,1),(5500,'libre',5500,1),(5501,'libre',5501,1),(5502,'libre',5502,1),(5503,'libre',5503,1),(5504,'libre',5504,1),(5505,'libre',5505,1),(5506,'deteriorado',5506,1),(5507,'libre',5507,1),(5508,'libre',5508,1),(5509,'libre',5509,1),(5510,'libre',5510,1),(5511,'deteriorado',5511,1),(5512,'libre',5512,1),(5513,'libre',5513,1),(5514,'libre',5514,1),(5515,'libre',5515,1),(5516,'libre',5516,1),(5517,'libre',5517,1),(5518,'libre',5518,1),(5519,'libre',5519,1),(5520,'libre',5520,1),(5521,'libre',5521,1),(5522,'libre',5522,1),(5523,'libre',5523,1),(5524,'libre',5524,1),(5525,'libre',5525,1),(5526,'libre',5526,1),(5527,'libre',5527,1),(5528,'libre',5528,1),(5529,'libre',5529,1),(5530,'libre',5530,1),(5531,'libre',5531,1),(5532,'libre',5532,1),(5533,'libre',5533,1),(5534,'libre',5534,1),(5535,'libre',5535,1),(5536,'libre',5536,1),(5537,'libre',5537,1),(5538,'libre',5538,1),(5539,'libre',5539,1),(5540,'libre',5540,1),(5541,'libre',5541,1),(5542,'libre',5542,1),(5543,'libre',5543,1),(5544,'libre',5544,1),(5545,'libre',5545,1),(5546,'libre',5546,1),(5547,'libre',5547,1),(5548,'libre',5548,1),(5549,'libre',5549,1),(5550,'libre',5550,1),(5551,'libre',5551,1),(5552,'libre',5552,1),(5553,'libre',5553,1),(5554,'libre',5554,1),(5555,'libre',5555,1),(5556,'libre',5556,1),(5557,'libre',5557,1),(5558,'libre',5558,1),(5559,'libre',5559,1),(5560,'libre',5560,1),(5561,'libre',5561,1),(5562,'libre',5562,1),(5563,'libre',5563,1),(5564,'libre',5564,1),(5565,'libre',5565,1),(5566,'libre',5566,1),(5567,'libre',5567,1),(5568,'libre',5568,1),(5569,'libre',5569,1),(5570,'libre',5570,1),(5571,'libre',5571,1),(5572,'libre',5572,1),(5573,'libre',5573,1),(5574,'libre',5574,1),(5575,'libre',5575,1),(5576,'libre',5576,1),(5577,'libre',5577,1),(5578,'libre',5578,1),(5579,'libre',5579,1),(5580,'libre',5580,1),(5581,'libre',5581,1),(5582,'libre',5582,1),(5583,'libre',5583,1),(5584,'libre',5584,1),(5585,'libre',5585,1),(5586,'libre',5586,1),(5587,'libre',5587,1),(5588,'libre',5588,1),(5589,'libre',5589,1),(5590,'libre',5590,1),(5591,'libre',5591,1),(5592,'libre',5592,1),(5593,'libre',5593,1),(5594,'libre',5594,1),(5595,'libre',5595,1),(5596,'libre',5596,1),(5597,'libre',5597,1),(5598,'libre',5598,1),(5599,'libre',5599,1),(5600,'libre',5600,1),(5601,'deteriorado',5601,1),(5602,'libre',5602,1),(5603,'libre',5603,1),(5604,'libre',5604,1),(5605,'libre',5605,1),(5606,'libre',5606,1),(5607,'libre',5607,1),(5608,'libre',5608,1),(5609,'libre',5609,1),(5610,'libre',5610,1),(5611,'libre',5611,1),(5612,'libre',5612,1),(5613,'libre',5613,1),(5614,'libre',5614,1),(5615,'libre',5615,1),(5616,'libre',5616,1),(5617,'libre',5617,1),(5618,'libre',5618,1),(5619,'libre',5619,1),(5620,'libre',5620,1),(5621,'libre',5621,1),(5622,'libre',5622,1),(5623,'libre',5623,1),(5624,'libre',5624,1),(5625,'libre',5625,1),(5626,'deteriorado',5626,1),(5627,'libre',5627,1),(5628,'libre',5628,1),(5629,'libre',5629,1),(5630,'libre',5630,1),(5631,'libre',5631,1),(5632,'libre',5632,1),(5633,'libre',5633,1),(5634,'libre',5634,1),(5635,'libre',5635,1),(5636,'libre',5636,1),(5637,'libre',5637,1),(5638,'libre',5638,1),(5639,'libre',5639,1),(5640,'libre',5640,1),(5641,'libre',5641,1),(5642,'libre',5642,1),(5643,'libre',5643,1),(5644,'libre',5644,1),(5645,'libre',5645,1),(5646,'libre',5646,1),(5647,'deteriorado',5647,1),(5648,'libre',5648,1),(5649,'libre',5649,1),(5650,'libre',5650,1),(5651,'libre',5651,1),(5652,'libre',5652,1),(5653,'deteriorado',5653,1),(5654,'libre',5654,1),(5655,'libre',5655,1),(5656,'libre',5656,1),(5657,'libre',5657,1),(5658,'libre',5658,1),(5659,'libre',5659,1),(5660,'libre',5660,1),(5661,'libre',5661,1),(5662,'libre',5662,1),(5663,'libre',5663,1),(5664,'libre',5664,1),(5665,'libre',5665,1),(5666,'libre',5666,1),(5667,'libre',5667,1),(5668,'libre',5668,1),(5669,'libre',5669,1),(5670,'libre',5670,1),(5671,'libre',5671,1),(5672,'libre',5672,1),(5673,'libre',5673,1),(5674,'libre',5674,1),(5675,'libre',5675,1),(5676,'libre',5676,1),(5677,'libre',5677,1),(5678,'deteriorado',5678,1),(5679,'libre',5679,1),(5680,'libre',5680,1),(5681,'libre',5681,1),(5682,'libre',5682,1),(5683,'libre',5683,1),(5684,'libre',5684,1),(5685,'libre',5685,1),(5686,'libre',5686,1),(5687,'libre',5687,1),(5688,'libre',5688,1),(5689,'libre',5689,1),(5690,'libre',5690,1),(5691,'libre',5691,1),(5692,'libre',5692,1),(5693,'libre',5693,1),(5694,'libre',5694,1),(5695,'libre',5695,1),(5696,'libre',5696,1),(5697,'libre',5697,1),(5698,'libre',5698,1),(5699,'libre',5699,1),(5700,'libre',5700,1),(5701,'libre',5701,1),(5702,'libre',5702,1),(5703,'libre',5703,1),(5704,'libre',5704,1),(5705,'deteriorado',5705,1),(5706,'libre',5706,1),(5707,'libre',5707,1),(5708,'libre',5708,1),(5709,'libre',5709,1),(5710,'libre',5710,1),(5711,'libre',5711,1),(5712,'libre',5712,1),(5713,'libre',5713,1),(5714,'libre',5714,1),(5715,'libre',5715,1),(5716,'libre',5716,1),(5717,'libre',5717,1),(5718,'libre',5718,1),(5719,'libre',5719,1),(5720,'libre',5720,1),(5721,'libre',5721,1),(5722,'libre',5722,1),(5723,'libre',5723,1),(5724,'libre',5724,1),(5725,'libre',5725,1),(5726,'libre',5726,1),(5727,'libre',5727,1),(5728,'libre',5728,1),(5729,'libre',5729,1),(5730,'libre',5730,1),(5731,'libre',5731,1),(5732,'libre',5732,1),(5733,'libre',5733,1),(5734,'libre',5734,1),(5735,'libre',5735,1),(5736,'libre',5736,1),(5737,'libre',5737,1),(5738,'libre',5738,1),(5739,'libre',5739,1),(5740,'libre',5740,1),(5741,'libre',5741,1),(5742,'libre',5742,1),(5743,'libre',5743,1),(5744,'libre',5744,1),(5745,'libre',5745,1),(5746,'libre',5746,1),(5747,'libre',5747,1),(5748,'libre',5748,1),(5749,'libre',5749,1),(5750,'libre',5750,1),(5751,'libre',5751,1),(5752,'libre',5752,1),(5753,'libre',5753,1),(5754,'libre',5754,1),(5755,'libre',5755,1),(5756,'libre',5756,1),(5757,'libre',5757,1),(5758,'libre',5758,1),(5759,'libre',5759,1),(5760,'libre',5760,1),(5761,'libre',5761,1),(5762,'libre',5762,1),(5763,'libre',5763,1),(5764,'libre',5764,1),(5765,'libre',5765,1),(5766,'libre',5766,1),(5767,'libre',5767,1),(5768,'libre',5768,1),(5769,'libre',5769,1),(5770,'libre',5770,1),(5771,'libre',5771,1),(5772,'libre',5772,1),(5773,'libre',5773,1),(5774,'libre',5774,1),(5775,'libre',5775,1),(5776,'libre',5776,1),(5777,'libre',5777,1),(5778,'libre',5778,1),(5779,'libre',5779,1),(5780,'libre',5780,1),(5781,'libre',5781,1),(5782,'libre',5782,1),(5783,'libre',5783,1),(5784,'libre',5784,1),(5785,'libre',5785,1),(5786,'libre',5786,1),(5787,'libre',5787,1),(5788,'libre',5788,1),(5789,'libre',5789,1),(5790,'libre',5790,1),(5791,'libre',5791,1),(5792,'libre',5792,1),(5793,'libre',5793,1),(5794,'libre',5794,1),(5795,'libre',5795,1),(5796,'libre',5796,1),(5797,'libre',5797,1),(5798,'libre',5798,1),(5799,'libre',5799,1),(5800,'libre',5800,1),(5801,'libre',5801,1),(5802,'libre',5802,1),(5803,'libre',5803,1),(5804,'libre',5804,1),(5805,'libre',5805,1),(5806,'libre',5806,1),(5807,'libre',5807,1),(5808,'libre',5808,1),(5809,'libre',5809,1),(5810,'libre',5810,1),(5811,'libre',5811,1),(5812,'libre',5812,1),(5813,'libre',5813,1),(5814,'libre',5814,1),(5815,'libre',5815,1),(5816,'libre',5816,1),(5817,'libre',5817,1),(5818,'libre',5818,1),(5819,'libre',5819,1),(5820,'libre',5820,1),(5821,'libre',5821,1),(5822,'libre',5822,1),(5823,'libre',5823,1),(5824,'libre',5824,1),(5825,'libre',5825,1),(5826,'libre',5826,1),(5827,'libre',5827,1),(5828,'libre',5828,1),(5829,'libre',5829,1),(5830,'libre',5830,1),(5831,'libre',5831,1),(5832,'libre',5832,1),(5833,'libre',5833,1),(5834,'libre',5834,1),(5835,'libre',5835,1),(5836,'libre',5836,1),(5837,'libre',5837,1),(5838,'libre',5838,1),(5839,'libre',5839,1),(5840,'libre',5840,1),(5841,'libre',5841,1),(5842,'libre',5842,1),(5843,'deteriorado',5843,1),(5844,'libre',5844,1),(5845,'libre',5845,1),(5846,'libre',5846,1),(5847,'libre',5847,1),(5848,'libre',5848,1),(5849,'libre',5849,1),(5850,'libre',5850,1),(5851,'libre',5851,1),(5852,'libre',5852,1),(5853,'libre',5853,1),(5854,'libre',5854,1),(5855,'libre',5855,1),(5856,'libre',5856,1),(5857,'libre',5857,1),(5858,'libre',5858,1),(5859,'libre',5859,1),(5860,'libre',5860,1),(5861,'libre',5861,1),(5862,'libre',5862,1),(5863,'libre',5863,1),(5864,'libre',5864,1),(5865,'libre',5865,1),(5866,'libre',5866,1),(5867,'libre',5867,1),(5868,'libre',5868,1),(5869,'libre',5869,1),(5870,'libre',5870,1),(5871,'libre',5871,1),(5872,'libre',5872,1),(5873,'libre',5873,1),(5874,'libre',5874,1),(5875,'libre',5875,1),(5876,'libre',5876,1),(5877,'libre',5877,1),(5878,'libre',5878,1),(5879,'libre',5879,1),(5880,'libre',5880,1),(5881,'libre',5881,1),(5882,'libre',5882,1),(5883,'deteriorado',5883,1),(5884,'libre',5884,1),(5885,'libre',5885,1),(5886,'libre',5886,1),(5887,'libre',5887,1),(5888,'libre',5888,1),(5889,'libre',5889,1),(5890,'libre',5890,1),(5891,'libre',5891,1),(5892,'libre',5892,1),(5893,'libre',5893,1),(5894,'libre',5894,1),(5895,'libre',5895,1),(5896,'libre',5896,1),(5897,'libre',5897,1),(5898,'libre',5898,1),(5899,'libre',5899,1),(5900,'libre',5900,1),(5901,'libre',5901,1),(5902,'libre',5902,1),(5903,'libre',5903,1),(5904,'libre',5904,1),(5905,'libre',5905,1),(5906,'libre',5906,1),(5907,'libre',5907,1),(5908,'libre',5908,1),(5909,'libre',5909,1),(5910,'libre',5910,1),(5911,'libre',5911,1),(5912,'libre',5912,1),(5913,'libre',5913,1),(5914,'libre',5914,1),(5915,'libre',5915,1),(5916,'libre',5916,1),(5917,'libre',5917,1),(5918,'libre',5918,1),(5919,'libre',5919,1),(5920,'libre',5920,1),(5921,'libre',5921,1),(5922,'libre',5922,1),(5923,'libre',5923,1),(5924,'libre',5924,1),(5925,'libre',5925,1),(5926,'libre',5926,1),(5927,'libre',5927,1),(5928,'libre',5928,1),(5929,'deteriorado',5929,1),(5930,'libre',5930,1),(5931,'libre',5931,1),(5932,'libre',5932,1),(5933,'libre',5933,1),(5934,'libre',5934,1),(5935,'libre',5935,1),(5936,'libre',5936,1),(5937,'libre',5937,1),(5938,'libre',5938,1),(5939,'libre',5939,1),(5940,'libre',5940,1),(5941,'libre',5941,1),(5942,'libre',5942,1),(5943,'libre',5943,1),(5944,'libre',5944,1),(5945,'libre',5945,1),(5946,'libre',5946,1),(5947,'libre',5947,1),(5948,'libre',5948,1),(5949,'libre',5949,1),(5950,'libre',5950,1),(5951,'libre',5951,1),(5952,'libre',5952,1),(5953,'libre',5953,1),(5954,'libre',5954,1),(5955,'libre',5955,1),(5956,'libre',5956,1),(5957,'libre',5957,1),(5958,'libre',5958,1),(5959,'libre',5959,1),(5960,'libre',5960,1),(5961,'libre',5961,1),(5962,'libre',5962,1),(5963,'libre',5963,1),(5964,'libre',5964,1),(5965,'libre',5965,1),(5966,'libre',5966,1),(5967,'libre',5967,1),(5968,'libre',5968,1),(5969,'libre',5969,1),(5970,'libre',5970,1),(5971,'libre',5971,1),(5972,'libre',5972,1),(5973,'libre',5973,1),(5974,'libre',5974,1),(5975,'libre',5975,1),(5976,'libre',5976,1),(5977,'libre',5977,1),(5978,'libre',5978,1),(5979,'libre',5979,1),(5980,'libre',5980,1),(5981,'libre',5981,1),(5982,'libre',5982,1),(5983,'libre',5983,1),(5984,'libre',5984,1),(5985,'libre',5985,1),(5986,'libre',5986,1),(5987,'libre',5987,1),(5988,'libre',5988,1),(5989,'libre',5989,1),(5990,'libre',5990,1),(5991,'libre',5991,1),(5992,'libre',5992,1),(5993,'libre',5993,1),(5994,'libre',5994,1),(5995,'libre',5995,1),(5996,'libre',5996,1),(5997,'libre',5997,1),(5998,'libre',5998,1),(5999,'libre',5999,1),(6000,'libre',6000,1),(6001,'libre',6001,1),(6002,'libre',6002,1),(6003,'libre',6003,1),(6004,'libre',6004,1),(6005,'libre',6005,1),(6006,'libre',6006,1),(6007,'libre',6007,1),(6008,'libre',6008,1),(6009,'libre',6009,1),(6010,'libre',6010,1),(6011,'libre',6011,1),(6012,'libre',6012,1),(6013,'libre',6013,1),(6014,'libre',6014,1),(6015,'libre',6015,1),(6016,'libre',6016,1),(6017,'libre',6017,1),(6018,'libre',6018,1),(6019,'libre',6019,1),(6020,'libre',6020,1),(6021,'libre',6021,1),(6022,'libre',6022,1),(6023,'libre',6023,1),(6024,'libre',6024,1),(6025,'libre',6025,1),(6026,'libre',6026,1),(6027,'libre',6027,1),(6028,'libre',6028,1),(6029,'libre',6029,1),(6030,'libre',6030,1),(6031,'libre',6031,1),(6032,'libre',6032,1),(6033,'libre',6033,1),(6034,'libre',6034,1),(6035,'libre',6035,1),(6036,'libre',6036,1),(6037,'libre',6037,1),(6038,'deteriorado',6038,1),(6039,'deteriorado',6039,1),(6040,'libre',6040,1),(6041,'libre',6041,1),(6042,'libre',6042,1),(6043,'libre',6043,1),(6044,'libre',6044,1),(6045,'libre',6045,1),(6046,'libre',6046,1),(6047,'libre',6047,1),(6048,'libre',6048,1),(6049,'libre',6049,1),(6050,'libre',6050,1),(6051,'libre',6051,1),(6052,'libre',6052,1),(6053,'libre',6053,1),(6054,'libre',6054,1),(6055,'libre',6055,1),(6056,'libre',6056,1),(6057,'libre',6057,1),(6058,'libre',6058,1),(6059,'libre',6059,1),(6060,'libre',6060,1),(6061,'libre',6061,1),(6062,'libre',6062,1),(6063,'libre',6063,1),(6064,'libre',6064,1),(6065,'deteriorado',6065,1),(6066,'libre',6066,1),(6067,'libre',6067,1),(6068,'libre',6068,1),(6069,'libre',6069,1),(6070,'libre',6070,1),(6071,'libre',6071,1),(6072,'libre',6072,1),(6073,'libre',6073,1),(6074,'deteriorado',6074,1),(6075,'libre',6075,1),(6076,'libre',6076,1),(6077,'libre',6077,1),(6078,'libre',6078,1),(6079,'libre',6079,1),(6080,'libre',6080,1),(6081,'libre',6081,1),(6082,'libre',6082,1),(6083,'libre',6083,1),(6084,'libre',6084,1),(6085,'libre',6085,1),(6086,'libre',6086,1),(6087,'libre',6087,1),(6088,'libre',6088,1),(6089,'libre',6089,1),(6090,'libre',6090,1),(6091,'libre',6091,1),(6092,'libre',6092,1),(6093,'libre',6093,1),(6094,'libre',6094,1),(6095,'libre',6095,1),(6096,'libre',6096,1),(6097,'libre',6097,1),(6098,'libre',6098,1),(6099,'libre',6099,1),(6100,'libre',6100,1),(6101,'deteriorado',6101,1),(6102,'libre',6102,1),(6103,'libre',6103,1),(6104,'libre',6104,1),(6105,'libre',6105,1),(6106,'libre',6106,1),(6107,'libre',6107,1),(6108,'libre',6108,1),(6109,'libre',6109,1),(6110,'libre',6110,1),(6111,'libre',6111,1),(6112,'libre',6112,1),(6113,'libre',6113,1),(6114,'libre',6114,1),(6115,'libre',6115,1),(6116,'libre',6116,1),(6117,'libre',6117,1),(6118,'libre',6118,1),(6119,'libre',6119,1),(6120,'libre',6120,1),(6121,'libre',6121,1),(6122,'libre',6122,1),(6123,'libre',6123,1),(6124,'libre',6124,1),(6125,'libre',6125,1),(6126,'libre',6126,1),(6127,'libre',6127,1),(6128,'libre',6128,1),(6129,'libre',6129,1),(6130,'libre',6130,1),(6131,'libre',6131,1),(6132,'libre',6132,1),(6133,'libre',6133,1),(6134,'libre',6134,1),(6135,'libre',6135,1),(6136,'deteriorado',6136,1),(6137,'libre',6137,1),(6138,'libre',6138,1),(6139,'libre',6139,1),(6140,'deteriorado',6140,1),(6141,'libre',6141,1),(6142,'libre',6142,1),(6143,'libre',6143,1),(6144,'libre',6144,1),(6145,'libre',6145,1),(6146,'libre',6146,1),(6147,'libre',6147,1),(6148,'libre',6148,1),(6149,'libre',6149,1),(6150,'libre',6150,1),(6151,'libre',6151,1),(6152,'libre',6152,1),(6153,'libre',6153,1),(6154,'libre',6154,1),(6155,'libre',6155,1),(6156,'libre',6156,1),(6157,'libre',6157,1),(6158,'libre',6158,1),(6159,'libre',6159,1),(6160,'libre',6160,1),(6161,'libre',6161,1),(6162,'libre',6162,1),(6163,'libre',6163,1),(6164,'libre',6164,1),(6165,'libre',6165,1),(6166,'libre',6166,1),(6167,'libre',6167,1),(6168,'libre',6168,1),(6169,'libre',6169,1),(6170,'libre',6170,1),(6171,'libre',6171,1),(6172,'libre',6172,1),(6173,'libre',6173,1),(6174,'libre',6174,1),(6175,'libre',6175,1),(6176,'libre',6176,1),(6177,'libre',6177,1),(6178,'libre',6178,1),(6179,'libre',6179,1),(6180,'libre',6180,1),(6181,'libre',6181,1),(6182,'libre',6182,1),(6183,'libre',6183,1),(6184,'libre',6184,1),(6185,'libre',6185,1),(6186,'libre',6186,1),(6187,'libre',6187,1),(6188,'libre',6188,1),(6189,'libre',6189,1),(6190,'libre',6190,1),(6191,'libre',6191,1),(6192,'libre',6192,1),(6193,'libre',6193,1),(6194,'libre',6194,1),(6195,'libre',6195,1),(6196,'libre',6196,1),(6197,'libre',6197,1),(6198,'libre',6198,1),(6199,'libre',6199,1),(6200,'libre',6200,1),(6201,'libre',6201,1),(6202,'libre',6202,1),(6203,'libre',6203,1),(6204,'libre',6204,1),(6205,'libre',6205,1),(6206,'libre',6206,1),(6207,'libre',6207,1),(6208,'libre',6208,1),(6209,'deteriorado',6209,1),(6210,'libre',6210,1),(6211,'libre',6211,1),(6212,'libre',6212,1),(6213,'libre',6213,1),(6214,'libre',6214,1),(6215,'libre',6215,1),(6216,'libre',6216,1),(6217,'libre',6217,1),(6218,'libre',6218,1),(6219,'libre',6219,1),(6220,'libre',6220,1),(6221,'libre',6221,1),(6222,'libre',6222,1),(6223,'libre',6223,1),(6224,'libre',6224,1),(6225,'libre',6225,1),(6226,'libre',6226,1),(6227,'libre',6227,1),(6228,'libre',6228,1),(6229,'libre',6229,1),(6230,'libre',6230,1),(6231,'libre',6231,1),(6232,'libre',6232,1),(6233,'libre',6233,1),(6234,'libre',6234,1),(6235,'libre',6235,1),(6236,'libre',6236,1),(6237,'libre',6237,1),(6238,'libre',6238,1),(6239,'libre',6239,1),(6240,'libre',6240,1),(6241,'libre',6241,1),(6242,'libre',6242,1),(6243,'libre',6243,1),(6244,'libre',6244,1),(6245,'libre',6245,1),(6246,'libre',6246,1),(6247,'libre',6247,1),(6248,'libre',6248,1),(6249,'libre',6249,1),(6250,'libre',6250,1),(6251,'libre',6251,1),(6252,'libre',6252,1),(6253,'libre',6253,1),(6254,'libre',6254,1),(6255,'libre',6255,1),(6256,'libre',6256,1),(6257,'libre',6257,1),(6258,'libre',6258,1),(6259,'libre',6259,1),(6260,'libre',6260,1),(6261,'libre',6261,1),(6262,'libre',6262,1),(6263,'libre',6263,1),(6264,'libre',6264,1),(6265,'libre',6265,1),(6266,'libre',6266,1),(6267,'libre',6267,1),(6268,'libre',6268,1),(6269,'libre',6269,1),(6270,'libre',6270,1),(6271,'libre',6271,1),(6272,'libre',6272,1),(6273,'libre',6273,1),(6274,'libre',6274,1),(6275,'libre',6275,1),(6276,'libre',6276,1),(6277,'libre',6277,1),(6278,'libre',6278,1),(6279,'libre',6279,1),(6280,'libre',6280,1),(6281,'libre',6281,1),(6282,'libre',6282,1),(6283,'libre',6283,1),(6284,'libre',6284,1),(6285,'libre',6285,1),(6286,'libre',6286,1),(6287,'libre',6287,1),(6288,'libre',6288,1),(6289,'libre',6289,1),(6290,'libre',6290,1),(6291,'libre',6291,1),(6292,'libre',6292,1),(6293,'libre',6293,1),(6294,'libre',6294,1),(6295,'libre',6295,1),(6296,'libre',6296,1),(6297,'libre',6297,1),(6298,'libre',6298,1),(6299,'libre',6299,1),(6300,'libre',6300,1),(6301,'libre',6301,1),(6302,'libre',6302,1),(6303,'libre',6303,1),(6304,'libre',6304,1),(6305,'libre',6305,1),(6306,'libre',6306,1),(6307,'libre',6307,1),(6308,'libre',6308,1),(6309,'libre',6309,1),(6310,'libre',6310,1),(6311,'libre',6311,1),(6312,'libre',6312,1),(6313,'libre',6313,1),(6314,'libre',6314,1),(6315,'libre',6315,1),(6316,'libre',6316,1),(6317,'libre',6317,1),(6318,'libre',6318,1),(6319,'libre',6319,1),(6320,'deteriorado',6320,1),(6321,'libre',6321,1),(6322,'libre',6322,1),(6323,'libre',6323,1),(6324,'libre',6324,1),(6325,'libre',6325,1),(6326,'libre',6326,1),(6327,'libre',6327,1),(6328,'libre',6328,1),(6329,'libre',6329,1),(6330,'libre',6330,1),(6331,'libre',6331,1),(6332,'libre',6332,1),(6333,'libre',6333,1),(6334,'libre',6334,1),(6335,'libre',6335,1),(6336,'libre',6336,1),(6337,'libre',6337,1),(6338,'libre',6338,1),(6339,'libre',6339,1),(6340,'libre',6340,1),(6341,'libre',6341,1),(6342,'libre',6342,1),(6343,'libre',6343,1),(6344,'libre',6344,1),(6345,'libre',6345,1),(6346,'libre',6346,1),(6347,'libre',6347,1),(6348,'libre',6348,1),(6349,'libre',6349,1),(6350,'libre',6350,1),(6351,'libre',6351,1),(6352,'libre',6352,1),(6353,'libre',6353,1),(6354,'libre',6354,1),(6355,'libre',6355,1),(6356,'libre',6356,1),(6357,'libre',6357,1),(6358,'libre',6358,1),(6359,'libre',6359,1),(6360,'libre',6360,1),(6361,'libre',6361,1),(6362,'libre',6362,1),(6363,'libre',6363,1),(6364,'libre',6364,1),(6365,'libre',6365,1),(6366,'libre',6366,1),(6367,'libre',6367,1),(6368,'libre',6368,1),(6369,'libre',6369,1),(6370,'libre',6370,1),(6371,'libre',6371,1),(6372,'libre',6372,1),(6373,'libre',6373,1),(6374,'libre',6374,1),(6375,'libre',6375,1),(6376,'libre',6376,1),(6377,'libre',6377,1),(6378,'libre',6378,1),(6379,'libre',6379,1),(6380,'libre',6380,1),(6381,'libre',6381,1),(6382,'libre',6382,1),(6383,'libre',6383,1),(6384,'libre',6384,1),(6385,'libre',6385,1),(6386,'libre',6386,1),(6387,'libre',6387,1),(6388,'libre',6388,1),(6389,'libre',6389,1),(6390,'libre',6390,1),(6391,'libre',6391,1),(6392,'libre',6392,1),(6393,'libre',6393,1),(6394,'libre',6394,1),(6395,'libre',6395,1),(6396,'libre',6396,1),(6397,'libre',6397,1),(6398,'libre',6398,1),(6399,'libre',6399,1),(6400,'libre',6400,1),(6401,'libre',6401,1),(6402,'libre',6402,1),(6403,'libre',6403,1),(6404,'libre',6404,1),(6405,'libre',6405,1),(6406,'libre',6406,1),(6407,'libre',6407,1),(6408,'libre',6408,1),(6409,'libre',6409,1),(6410,'libre',6410,1),(6411,'libre',6411,1),(6412,'libre',6412,1),(6413,'libre',6413,1),(6414,'libre',6414,1),(6415,'libre',6415,1),(6416,'libre',6416,1),(6417,'libre',6417,1),(6418,'libre',6418,1),(6419,'libre',6419,1),(6420,'libre',6420,1),(6421,'libre',6421,1),(6422,'libre',6422,1),(6423,'libre',6423,1),(6424,'libre',6424,1),(6425,'libre',6425,1),(6426,'libre',6426,1),(6427,'libre',6427,1),(6428,'libre',6428,1),(6429,'libre',6429,1),(6430,'libre',6430,1),(6431,'libre',6431,1),(6432,'libre',6432,1),(6433,'libre',6433,1),(6434,'libre',6434,1),(6435,'libre',6435,1),(6436,'libre',6436,1),(6437,'libre',6437,1),(6438,'libre',6438,1),(6439,'libre',6439,1),(6440,'libre',6440,1),(6441,'libre',6441,1),(6442,'libre',6442,1),(6443,'libre',6443,1),(6444,'libre',6444,1),(6445,'libre',6445,1),(6446,'libre',6446,1),(6447,'libre',6447,1),(6448,'libre',6448,1),(6449,'libre',6449,1),(6450,'libre',6450,1),(6451,'libre',6451,1),(6452,'libre',6452,1),(6453,'libre',6453,1),(6454,'libre',6454,1),(6455,'libre',6455,1),(6456,'libre',6456,1),(6457,'libre',6457,1),(6458,'libre',6458,1),(6459,'libre',6459,1),(6460,'libre',6460,1),(6461,'libre',6461,1),(6462,'libre',6462,1),(6463,'libre',6463,1),(6464,'libre',6464,1),(6465,'libre',6465,1),(6466,'libre',6466,1),(6467,'libre',6467,1),(6468,'libre',6468,1),(6469,'libre',6469,1),(6470,'libre',6470,1),(6471,'libre',6471,1),(6472,'libre',6472,1),(6473,'libre',6473,1),(6474,'libre',6474,1),(6475,'libre',6475,1),(6476,'libre',6476,1),(6477,'libre',6477,1),(6478,'libre',6478,1),(6479,'libre',6479,1),(6480,'libre',6480,1),(6481,'libre',6481,1),(6482,'libre',6482,1),(6483,'libre',6483,1),(6484,'libre',6484,1),(6485,'libre',6485,1),(6486,'libre',6486,1),(6487,'libre',6487,1),(6488,'libre',6488,1),(6489,'libre',6489,1),(6490,'libre',6490,1),(6491,'libre',6491,1),(6492,'libre',6492,1),(6493,'libre',6493,1),(6494,'libre',6494,1),(6495,'libre',6495,1),(6496,'libre',6496,1),(6497,'libre',6497,1),(6498,'libre',6498,1),(6499,'libre',6499,1),(6500,'libre',6500,1),(6501,'libre',6501,1),(6502,'libre',6502,1),(6503,'libre',6503,1),(6504,'libre',6504,1),(6505,'libre',6505,1),(6506,'libre',6506,1),(6507,'libre',6507,1),(6508,'libre',6508,1),(6509,'libre',6509,1),(6510,'libre',6510,1),(6511,'libre',6511,1),(6512,'libre',6512,1),(6513,'libre',6513,1),(6514,'libre',6514,1),(6515,'libre',6515,1),(6516,'libre',6516,1),(6517,'libre',6517,1),(6518,'libre',6518,1),(6519,'libre',6519,1),(6520,'libre',6520,1),(6521,'libre',6521,1),(6522,'libre',6522,1),(6523,'libre',6523,1),(6524,'libre',6524,1),(6525,'libre',6525,1),(6526,'libre',6526,1),(6527,'libre',6527,1),(6528,'libre',6528,1),(6529,'libre',6529,1),(6530,'libre',6530,1),(6531,'deteriorado',6531,1),(6532,'libre',6532,1),(6533,'libre',6533,1),(6534,'libre',6534,1),(6535,'libre',6535,1),(6536,'libre',6536,1),(6537,'libre',6537,1),(6538,'libre',6538,1),(6539,'libre',6539,1),(6540,'libre',6540,1),(6541,'libre',6541,1),(6542,'libre',6542,1),(6543,'libre',6543,1),(6544,'libre',6544,1),(6545,'libre',6545,1),(6546,'libre',6546,1),(6547,'libre',6547,1),(6548,'libre',6548,1),(6549,'libre',6549,1),(6550,'libre',6550,1),(6551,'libre',6551,1),(6552,'deteriorado',6552,1),(6553,'libre',6553,1),(6554,'libre',6554,1),(6555,'libre',6555,1),(6556,'deteriorado',6556,1),(6557,'libre',6557,1),(6558,'libre',6558,1),(6559,'libre',6559,1),(6560,'libre',6560,1),(6561,'libre',6561,1),(6562,'libre',6562,1),(6563,'libre',6563,1),(6564,'libre',6564,1),(6565,'libre',6565,1),(6566,'libre',6566,1),(6567,'libre',6567,1),(6568,'libre',6568,1),(6569,'libre',6569,1),(6570,'libre',6570,1),(6571,'libre',6571,1),(6572,'libre',6572,1),(6573,'libre',6573,1),(6574,'libre',6574,1),(6575,'libre',6575,1),(6576,'libre',6576,1),(6577,'libre',6577,1),(6578,'libre',6578,1),(6579,'libre',6579,1),(6580,'libre',6580,1),(6581,'libre',6581,1),(6582,'libre',6582,1),(6583,'libre',6583,1),(6584,'libre',6584,1),(6585,'libre',6585,1),(6586,'libre',6586,1),(6587,'libre',6587,1),(6588,'libre',6588,1),(6589,'libre',6589,1),(6590,'libre',6590,1),(6591,'libre',6591,1),(6592,'libre',6592,1),(6593,'libre',6593,1),(6594,'libre',6594,1),(6595,'libre',6595,1),(6596,'libre',6596,1),(6597,'libre',6597,1),(6598,'libre',6598,1),(6599,'libre',6599,1),(6600,'libre',6600,1),(6601,'libre',6601,1),(6602,'libre',6602,1),(6603,'libre',6603,1),(6604,'libre',6604,1),(6605,'libre',6605,1),(6606,'libre',6606,1),(6607,'libre',6607,1),(6608,'libre',6608,1),(6609,'libre',6609,1),(6610,'libre',6610,1),(6611,'libre',6611,1),(6612,'libre',6612,1),(6613,'libre',6613,1),(6614,'libre',6614,1),(6615,'libre',6615,1),(6616,'libre',6616,1),(6617,'libre',6617,1),(6618,'libre',6618,1),(6619,'libre',6619,1),(6620,'libre',6620,1),(6621,'libre',6621,1),(6622,'libre',6622,1),(6623,'libre',6623,1),(6624,'libre',6624,1),(6625,'libre',6625,1),(6626,'libre',6626,1),(6627,'deteriorado',6627,1),(6628,'libre',6628,1),(6629,'libre',6629,1),(6630,'libre',6630,1),(6631,'deteriorado',6631,1),(6632,'libre',6632,1),(6633,'libre',6633,1),(6634,'libre',6634,1),(6635,'libre',6635,1),(10138,'libre',10138,3),(10139,'libre',10139,3),(10140,'libre',10140,3),(10141,'libre',10141,3),(10142,'libre',10142,3),(10143,'libre',10143,3),(10144,'libre',10144,3),(10145,'libre',10145,3),(10146,'libre',10146,3),(10147,'libre',10147,3),(10148,'libre',10148,3),(10149,'libre',10149,3),(10150,'libre',10150,3),(10151,'libre',10151,3),(10152,'libre',10152,3),(10153,'libre',10153,3),(10154,'libre',10154,3),(10155,'libre',10155,3),(10156,'libre',10156,3),(10157,'libre',10157,3),(10158,'libre',10158,3),(10159,'libre',10159,3),(10160,'libre',10160,3),(10161,'libre',10161,3),(10162,'libre',10162,3),(10163,'libre',10163,3),(10164,'libre',10164,3),(10165,'libre',10165,3),(10166,'libre',10166,3),(10167,'libre',10167,3),(10168,'libre',10168,3),(10169,'libre',10169,3),(10170,'libre',10170,3),(10171,'libre',10171,3),(10172,'libre',10172,3),(10173,'libre',10173,3),(10174,'libre',10174,3),(10175,'libre',10175,3),(10176,'libre',10176,3),(10177,'libre',10177,3),(10178,'libre',10178,3),(10179,'libre',10179,3),(10180,'libre',10180,3),(10181,'libre',10181,3),(10182,'libre',10182,3),(10183,'libre',10183,3),(10184,'libre',10184,3),(10185,'libre',10185,3),(10186,'deteriorado',10186,3),(10187,'libre',10187,3),(10188,'libre',10188,3),(10189,'libre',10189,3),(10190,'libre',10190,3),(10191,'libre',10191,3),(10192,'libre',10192,3),(10193,'libre',10193,3),(10194,'libre',10194,3),(10195,'libre',10195,3),(10196,'libre',10196,3),(10197,'libre',10197,3),(10198,'libre',10198,3),(10199,'libre',10199,3),(10200,'libre',10200,3),(10201,'libre',10201,3),(10202,'libre',10202,3),(10203,'libre',10203,3),(10204,'libre',10204,3),(10205,'libre',10205,3),(10206,'libre',10206,3),(10207,'libre',10207,3),(10208,'libre',10208,3),(10209,'libre',10209,3),(10210,'libre',10210,3),(10211,'libre',10211,3),(10212,'libre',10212,3),(10213,'libre',10213,3),(10214,'libre',10214,3),(10215,'libre',10215,3),(10216,'libre',10216,3),(10217,'libre',10217,3),(10218,'libre',10218,3),(10219,'libre',10219,3),(10220,'libre',10220,3),(10221,'deteriorado',10221,3),(10222,'libre',10222,3),(10223,'libre',10223,3),(10224,'libre',10224,3),(10225,'libre',10225,3),(10226,'libre',10226,3),(10227,'libre',10227,3),(10228,'libre',10228,3),(10229,'libre',10229,3),(10230,'libre',10230,3),(10231,'libre',10231,3),(10232,'libre',10232,3),(10233,'libre',10233,3),(10234,'libre',10234,3),(10235,'libre',10235,3),(10236,'libre',10236,3),(10237,'libre',10237,3),(10238,'deteriorado',10238,3),(10239,'libre',10239,3),(10240,'libre',10240,3),(10241,'libre',10241,3),(10242,'libre',10242,3),(10243,'libre',10243,3),(10244,'libre',10244,3),(10245,'libre',10245,3),(10246,'libre',10246,3),(10247,'libre',10247,3),(10248,'libre',10248,3),(10249,'libre',10249,3),(10250,'libre',10250,3),(10251,'libre',10251,3),(10252,'libre',10252,3),(10253,'libre',10253,3),(10254,'libre',10254,3),(10255,'libre',10255,3),(10256,'libre',10256,3),(10257,'libre',10257,3),(10258,'libre',10258,3),(10259,'libre',10259,3),(10260,'libre',10260,3),(10261,'libre',10261,3),(10262,'libre',10262,3),(10263,'libre',10263,3),(10264,'libre',10264,3),(10265,'libre',10265,3),(10266,'libre',10266,3),(10267,'libre',10267,3),(10268,'libre',10268,3),(10269,'libre',10269,3),(10270,'libre',10270,3),(10271,'libre',10271,3),(10272,'libre',10272,3),(10273,'libre',10273,3),(10274,'libre',10274,3),(10275,'libre',10275,3),(10276,'libre',10276,3),(10277,'libre',10277,3),(10278,'libre',10278,3),(10279,'libre',10279,3),(10280,'libre',10280,3),(10281,'libre',10281,3),(10282,'libre',10282,3),(10283,'libre',10283,3),(10284,'libre',10284,3),(10285,'libre',10285,3),(10286,'libre',10286,3),(10287,'libre',10287,3),(10288,'libre',10288,3),(10289,'libre',10289,3),(10290,'libre',10290,3),(10291,'libre',10291,3),(10292,'libre',10292,3),(10293,'libre',10293,3),(10294,'libre',10294,3),(10295,'libre',10295,3),(10296,'libre',10296,3),(10297,'libre',10297,3),(10298,'libre',10298,3),(10299,'libre',10299,3),(10300,'deteriorado',10300,3),(10301,'libre',10301,3),(10302,'libre',10302,3),(10303,'deteriorado',10303,3),(10304,'libre',10304,3),(10305,'libre',10305,3),(10306,'libre',10306,3),(10307,'libre',10307,3),(10308,'libre',10308,3),(10309,'libre',10309,3),(10310,'libre',10310,3),(10311,'libre',10311,3),(10312,'libre',10312,3),(10313,'libre',10313,3),(10314,'libre',10314,3),(10315,'libre',10315,3),(10316,'libre',10316,3),(10317,'libre',10317,3),(10318,'libre',10318,3),(10319,'libre',10319,3),(10320,'libre',10320,3),(10321,'libre',10321,3),(10322,'libre',10322,3),(10323,'libre',10323,3),(10324,'libre',10324,3),(10325,'libre',10325,3),(10326,'libre',10326,3),(10327,'libre',10327,3),(10328,'libre',10328,3),(10329,'libre',10329,3),(10330,'libre',10330,3),(10331,'libre',10331,3),(10332,'libre',10332,3),(10333,'deteriorado',10333,3),(10334,'libre',10334,3),(10335,'libre',10335,3),(10336,'libre',10336,3),(10337,'libre',10337,3),(10338,'libre',10338,3),(10339,'libre',10339,3),(10340,'libre',10340,3),(10341,'libre',10341,3),(10342,'libre',10342,3),(10343,'libre',10343,3),(10344,'libre',10344,3),(10345,'libre',10345,3),(10346,'libre',10346,3),(10347,'libre',10347,3),(10348,'libre',10348,3),(10349,'libre',10349,3),(10350,'libre',10350,3),(10351,'libre',10351,3),(10352,'libre',10352,3),(10353,'libre',10353,3),(10354,'libre',10354,3),(10355,'libre',10355,3),(10356,'libre',10356,3),(10357,'libre',10357,3),(10358,'libre',10358,3),(10359,'libre',10359,3),(10360,'libre',10360,3),(10361,'libre',10361,3),(10362,'deteriorado',10362,3),(10363,'libre',10363,3),(10364,'libre',10364,3),(10365,'libre',10365,3),(10366,'libre',10366,3),(10367,'deteriorado',10367,3),(10368,'libre',10368,3),(10369,'libre',10369,3),(10370,'libre',10370,3),(10371,'libre',10371,3),(10372,'libre',10372,3),(10373,'libre',10373,3),(10374,'libre',10374,3),(10375,'libre',10375,3),(10376,'libre',10376,3),(10377,'libre',10377,3),(10378,'libre',10378,3),(10379,'libre',10379,3),(10380,'libre',10380,3),(10381,'libre',10381,3),(10382,'libre',10382,3),(10383,'libre',10383,3),(10384,'libre',10384,3),(10385,'libre',10385,3),(10386,'libre',10386,3),(10387,'libre',10387,3),(10388,'libre',10388,3),(10389,'libre',10389,3),(10390,'libre',10390,3),(10391,'libre',10391,3),(10392,'libre',10392,3),(10393,'libre',10393,3),(10394,'libre',10394,3),(10395,'libre',10395,3),(10396,'libre',10396,3),(10397,'libre',10397,3),(10398,'libre',10398,3),(10399,'libre',10399,3),(10400,'libre',10400,3),(10401,'libre',10401,3),(10402,'libre',10402,3),(10403,'libre',10403,3),(10404,'libre',10404,3),(10405,'libre',10405,3),(10406,'libre',10406,3),(10407,'libre',10407,3),(10408,'libre',10408,3),(10409,'libre',10409,3),(10410,'libre',10410,3),(10411,'libre',10411,3),(10412,'libre',10412,3),(10413,'libre',10413,3),(10414,'libre',10414,3),(10415,'libre',10415,3),(10416,'libre',10416,3),(10417,'libre',10417,3),(10418,'libre',10418,3),(10419,'libre',10419,3),(10420,'libre',10420,3),(10421,'libre',10421,3),(10422,'libre',10422,3),(10423,'libre',10423,3),(10424,'libre',10424,3),(10425,'libre',10425,3),(10426,'libre',10426,3),(10427,'libre',10427,3),(10428,'libre',10428,3),(10429,'libre',10429,3),(10430,'libre',10430,3),(10431,'libre',10431,3),(10432,'libre',10432,3),(10433,'libre',10433,3),(10434,'libre',10434,3),(10435,'libre',10435,3),(10436,'libre',10436,3),(10437,'libre',10437,3),(10438,'libre',10438,3),(10439,'libre',10439,3),(10440,'libre',10440,3),(10441,'libre',10441,3),(10442,'libre',10442,3),(10443,'libre',10443,3),(10444,'libre',10444,3),(10445,'libre',10445,3),(10446,'libre',10446,3),(10447,'libre',10447,3),(10448,'libre',10448,3),(10449,'libre',10449,3),(10450,'libre',10450,3),(10451,'libre',10451,3),(10452,'deteriorado',10452,3),(10453,'libre',10453,3),(10454,'libre',10454,3),(10455,'libre',10455,3),(10456,'libre',10456,3),(10457,'libre',10457,3),(10458,'libre',10458,3),(10459,'libre',10459,3),(10460,'libre',10460,3),(10461,'libre',10461,3),(10462,'libre',10462,3),(10463,'libre',10463,3),(10464,'libre',10464,3),(10465,'libre',10465,3),(10466,'libre',10466,3),(10467,'libre',10467,3),(10468,'deteriorado',10468,3),(10469,'libre',10469,3),(10470,'libre',10470,3),(10471,'libre',10471,3),(10472,'libre',10472,3),(10473,'libre',10473,3),(10474,'libre',10474,3),(10475,'libre',10475,3),(10476,'libre',10476,3),(10477,'libre',10477,3),(10478,'libre',10478,3),(10479,'libre',10479,3),(10480,'libre',10480,3),(10481,'libre',10481,3),(10482,'libre',10482,3),(10483,'libre',10483,3),(10484,'libre',10484,3),(10485,'libre',10485,3),(10486,'libre',10486,3),(10487,'libre',10487,3),(10488,'libre',10488,3),(10489,'libre',10489,3),(10490,'libre',10490,3),(10491,'libre',10491,3),(10492,'libre',10492,3),(10493,'libre',10493,3),(10494,'libre',10494,3),(10495,'libre',10495,3),(10496,'libre',10496,3),(10497,'libre',10497,3),(10498,'libre',10498,3),(10499,'libre',10499,3),(10500,'libre',10500,3),(10501,'libre',10501,3),(10502,'libre',10502,3),(10503,'libre',10503,3),(10504,'libre',10504,3),(10505,'libre',10505,3),(10506,'libre',10506,3),(10507,'libre',10507,3),(10508,'libre',10508,3),(10509,'libre',10509,3),(10510,'libre',10510,3),(10511,'libre',10511,3),(10512,'libre',10512,3),(10513,'libre',10513,3),(10514,'libre',10514,3),(10515,'libre',10515,3),(10516,'libre',10516,3),(10517,'libre',10517,3),(10518,'libre',10518,3),(10519,'libre',10519,3),(10520,'libre',10520,3),(10521,'libre',10521,3),(10522,'libre',10522,3),(10523,'libre',10523,3),(10524,'libre',10524,3),(10525,'libre',10525,3),(10526,'libre',10526,3),(10527,'libre',10527,3),(10528,'libre',10528,3),(10529,'libre',10529,3),(10530,'libre',10530,3),(10531,'libre',10531,3),(10532,'libre',10532,3),(10533,'libre',10533,3),(10534,'libre',10534,3),(10535,'libre',10535,3),(10536,'libre',10536,3),(10537,'libre',10537,3),(10538,'libre',10538,3),(10539,'libre',10539,3),(10540,'libre',10540,3),(10541,'libre',10541,3),(10542,'libre',10542,3),(10543,'libre',10543,3),(10544,'libre',10544,3),(10545,'libre',10545,3),(10546,'libre',10546,3),(10547,'libre',10547,3),(10548,'libre',10548,3),(10549,'libre',10549,3),(10550,'libre',10550,3),(10551,'libre',10551,3),(10552,'libre',10552,3),(10553,'libre',10553,3),(10554,'libre',10554,3),(10555,'libre',10555,3),(10556,'libre',10556,3),(10557,'libre',10557,3),(10558,'deteriorado',10558,3),(10559,'deteriorado',10559,3),(10560,'libre',10560,3),(10561,'libre',10561,3),(10562,'libre',10562,3),(10563,'libre',10563,3),(10564,'libre',10564,3),(10565,'libre',10565,3),(10566,'libre',10566,3),(10567,'libre',10567,3),(10568,'libre',10568,3),(10569,'libre',10569,3),(10570,'libre',10570,3),(10571,'libre',10571,3),(10572,'libre',10572,3),(10573,'libre',10573,3),(10574,'libre',10574,3),(10575,'libre',10575,3),(10576,'libre',10576,3),(10577,'libre',10577,3),(10578,'libre',10578,3),(10579,'libre',10579,3),(10580,'libre',10580,3),(10581,'libre',10581,3),(10582,'libre',10582,3),(10583,'libre',10583,3),(10584,'libre',10584,3),(10585,'libre',10585,3),(10586,'libre',10586,3),(10587,'libre',10587,3),(10588,'libre',10588,3),(10589,'libre',10589,3),(10590,'libre',10590,3),(10591,'libre',10591,3),(10592,'libre',10592,3),(10593,'libre',10593,3),(10594,'libre',10594,3),(10595,'libre',10595,3),(10596,'libre',10596,3),(10597,'libre',10597,3),(10598,'libre',10598,3),(10599,'libre',10599,3),(10600,'libre',10600,3),(10601,'libre',10601,3),(10602,'libre',10602,3),(10603,'libre',10603,3),(10604,'libre',10604,3),(10605,'libre',10605,3),(10606,'libre',10606,3),(10607,'libre',10607,3),(10608,'libre',10608,3),(10609,'libre',10609,3),(10610,'libre',10610,3),(10611,'libre',10611,3),(10612,'libre',10612,3),(10613,'libre',10613,3),(10614,'libre',10614,3),(10615,'libre',10615,3),(10616,'libre',10616,3),(10617,'libre',10617,3),(10618,'libre',10618,3),(10619,'libre',10619,3),(10620,'libre',10620,3),(10621,'libre',10621,3),(10622,'libre',10622,3),(10623,'libre',10623,3),(10624,'libre',10624,3),(10625,'libre',10625,3),(10626,'libre',10626,3),(10627,'libre',10627,3),(10628,'libre',10628,3),(10629,'libre',10629,3),(10630,'libre',10630,3),(10631,'libre',10631,3),(10632,'libre',10632,3),(10633,'libre',10633,3),(10634,'deteriorado',10634,3),(10635,'libre',10635,3),(10636,'libre',10636,3),(10637,'deteriorado',10637,3),(10638,'libre',10638,3),(10639,'libre',10639,3),(10640,'libre',10640,3),(10641,'libre',10641,3),(10642,'libre',10642,3),(10643,'libre',10643,3),(10644,'libre',10644,3),(10645,'libre',10645,3),(10646,'libre',10646,3),(10647,'libre',10647,3),(10648,'libre',10648,3),(10649,'libre',10649,3),(10650,'libre',10650,3),(10651,'libre',10651,3),(10652,'libre',10652,3),(10653,'libre',10653,3),(10654,'libre',10654,3),(10655,'libre',10655,3),(10656,'libre',10656,3),(10657,'libre',10657,3),(10658,'libre',10658,3),(10659,'deteriorado',10659,3),(10660,'libre',10660,3),(10661,'libre',10661,3),(10662,'libre',10662,3),(10663,'libre',10663,3),(10664,'libre',10664,3),(10665,'libre',10665,3),(10666,'libre',10666,3),(10667,'deteriorado',10667,3),(10668,'libre',10668,3),(10669,'libre',10669,3),(10670,'libre',10670,3),(10671,'libre',10671,3),(10672,'libre',10672,3),(10673,'libre',10673,3),(10674,'libre',10674,3),(10675,'libre',10675,3),(10676,'libre',10676,3),(10677,'libre',10677,3),(10678,'libre',10678,3),(10679,'libre',10679,3),(10680,'libre',10680,3),(10681,'libre',10681,3),(10682,'libre',10682,3),(10683,'libre',10683,3),(10684,'libre',10684,3),(10685,'libre',10685,3),(10686,'libre',10686,3),(10687,'libre',10687,3),(10688,'libre',10688,3),(10689,'libre',10689,3),(10690,'libre',10690,3),(10691,'libre',10691,3),(10692,'libre',10692,3),(10693,'libre',10693,3),(10694,'libre',10694,3),(10695,'libre',10695,3),(10696,'libre',10696,3),(10697,'libre',10697,3),(10698,'libre',10698,3),(10699,'libre',10699,3),(10700,'libre',10700,3),(10701,'libre',10701,3),(10702,'libre',10702,3),(10703,'libre',10703,3),(10704,'libre',10704,3),(10705,'libre',10705,3),(10706,'libre',10706,3),(10707,'libre',10707,3),(10708,'libre',10708,3),(10709,'libre',10709,3),(10710,'libre',10710,3),(10711,'libre',10711,3),(10712,'libre',10712,3),(10713,'libre',10713,3),(10714,'libre',10714,3),(10715,'libre',10715,3),(10716,'libre',10716,3),(10717,'libre',10717,3),(10718,'libre',10718,3),(10719,'libre',10719,3),(10720,'libre',10720,3),(10721,'libre',10721,3),(10722,'libre',10722,3),(10723,'libre',10723,3),(10724,'libre',10724,3),(10725,'libre',10725,3),(10726,'libre',10726,3),(10727,'libre',10727,3),(10728,'libre',10728,3),(10729,'libre',10729,3),(10730,'libre',10730,3),(10731,'libre',10731,3),(10732,'libre',10732,3),(10733,'libre',10733,3),(10734,'libre',10734,3),(10735,'libre',10735,3),(10736,'libre',10736,3),(10737,'libre',10737,3),(10738,'libre',10738,3),(10739,'libre',10739,3),(10740,'libre',10740,3),(10741,'libre',10741,3),(10742,'libre',10742,3),(10743,'libre',10743,3),(10744,'libre',10744,3),(10745,'libre',10745,3),(10746,'libre',10746,3),(10747,'libre',10747,3),(10748,'libre',10748,3),(10749,'libre',10749,3),(10750,'libre',10750,3),(10751,'libre',10751,3),(10752,'libre',10752,3),(10753,'libre',10753,3),(10754,'libre',10754,3),(10755,'libre',10755,3),(10756,'libre',10756,3),(10757,'libre',10757,3),(10758,'libre',10758,3),(10759,'libre',10759,3),(10760,'deteriorado',10760,3),(10761,'libre',10761,3),(10762,'libre',10762,3),(10763,'libre',10763,3),(10764,'libre',10764,3),(10765,'libre',10765,3),(10766,'libre',10766,3),(10767,'libre',10767,3),(10768,'libre',10768,3),(10769,'deteriorado',10769,3),(10770,'libre',10770,3),(10771,'libre',10771,3),(10772,'libre',10772,3),(10773,'libre',10773,3),(10774,'libre',10774,3),(10775,'libre',10775,3),(10776,'libre',10776,3),(10777,'libre',10777,3),(10778,'libre',10778,3),(10779,'libre',10779,3),(10780,'libre',10780,3),(10781,'libre',10781,3),(10782,'libre',10782,3),(10783,'libre',10783,3),(10784,'libre',10784,3),(10785,'libre',10785,3),(10786,'libre',10786,3),(10787,'libre',10787,3),(10788,'libre',10788,3),(10789,'libre',10789,3),(10790,'libre',10790,3),(10791,'libre',10791,3),(10792,'libre',10792,3),(10793,'libre',10793,3),(10794,'libre',10794,3),(10795,'libre',10795,3),(10796,'libre',10796,3),(10797,'libre',10797,3),(10798,'libre',10798,3),(10799,'libre',10799,3),(10800,'libre',10800,3),(10801,'libre',10801,3),(10802,'libre',10802,3),(10803,'libre',10803,3),(10804,'libre',10804,3),(10805,'libre',10805,3),(10806,'libre',10806,3),(10807,'libre',10807,3),(10808,'libre',10808,3),(10809,'libre',10809,3),(10810,'libre',10810,3),(10811,'libre',10811,3),(10812,'libre',10812,3),(10813,'libre',10813,3),(10814,'libre',10814,3),(10815,'libre',10815,3),(10816,'libre',10816,3),(10817,'libre',10817,3),(10818,'libre',10818,3),(10819,'libre',10819,3),(10820,'libre',10820,3),(10821,'libre',10821,3),(10822,'libre',10822,3),(10823,'libre',10823,3),(10824,'libre',10824,3),(10825,'libre',10825,3),(10826,'libre',10826,3),(10827,'libre',10827,3),(10828,'libre',10828,3),(10829,'libre',10829,3),(10830,'libre',10830,3),(10831,'libre',10831,3),(10832,'libre',10832,3),(10833,'libre',10833,3),(10834,'libre',10834,3),(10835,'libre',10835,3),(10836,'libre',10836,3),(10837,'libre',10837,3),(10838,'libre',10838,3),(10839,'libre',10839,3),(10840,'libre',10840,3),(10841,'libre',10841,3),(10842,'deteriorado',10842,3),(10843,'libre',10843,3),(10844,'libre',10844,3),(10845,'libre',10845,3),(10846,'libre',10846,3),(10847,'libre',10847,3),(10848,'libre',10848,3),(10849,'libre',10849,3),(10850,'libre',10850,3),(10851,'libre',10851,3),(10852,'libre',10852,3),(10853,'libre',10853,3),(10854,'libre',10854,3),(10855,'libre',10855,3),(10856,'libre',10856,3),(10857,'libre',10857,3),(10858,'libre',10858,3),(10859,'libre',10859,3),(10860,'libre',10860,3),(10861,'deteriorado',10861,3),(10862,'libre',10862,3),(10863,'deteriorado',10863,3),(10864,'libre',10864,3),(10865,'libre',10865,3),(10866,'libre',10866,3),(10867,'libre',10867,3),(10868,'libre',10868,3),(10869,'libre',10869,3),(10870,'libre',10870,3),(10871,'libre',10871,3),(10872,'libre',10872,3),(10873,'libre',10873,3),(10874,'libre',10874,3),(10875,'libre',10875,3),(10876,'libre',10876,3),(10877,'libre',10877,3),(10878,'libre',10878,3),(10879,'libre',10879,3),(10880,'deteriorado',10880,3),(10881,'libre',10881,3),(10882,'libre',10882,3),(10883,'libre',10883,3),(10884,'libre',10884,3),(10885,'libre',10885,3),(10886,'libre',10886,3),(10887,'libre',10887,3),(10888,'libre',10888,3),(10889,'libre',10889,3),(10890,'libre',10890,3),(10891,'libre',10891,3),(10892,'libre',10892,3),(10893,'libre',10893,3),(10894,'libre',10894,3),(10895,'libre',10895,3),(10896,'libre',10896,3),(10897,'libre',10897,3),(10898,'libre',10898,3),(10899,'libre',10899,3),(10900,'libre',10900,3),(10901,'libre',10901,3),(10902,'libre',10902,3),(10903,'libre',10903,3),(10904,'libre',10904,3),(10905,'libre',10905,3),(10906,'libre',10906,3),(10907,'libre',10907,3),(10908,'libre',10908,3),(10909,'libre',10909,3),(10910,'libre',10910,3),(10911,'libre',10911,3),(10912,'libre',10912,3),(10913,'libre',10913,3),(10914,'libre',10914,3),(10915,'libre',10915,3),(10916,'libre',10916,3),(10917,'libre',10917,3),(10918,'libre',10918,3),(10919,'libre',10919,3),(10920,'libre',10920,3),(10921,'libre',10921,3),(10922,'libre',10922,3),(10923,'libre',10923,3),(10924,'libre',10924,3),(10925,'libre',10925,3),(10926,'libre',10926,3),(10927,'libre',10927,3),(10928,'libre',10928,3),(10929,'libre',10929,3),(10930,'libre',10930,3),(10931,'libre',10931,3),(10932,'libre',10932,3),(10933,'libre',10933,3),(10934,'libre',10934,3),(10935,'libre',10935,3),(10936,'libre',10936,3),(10937,'libre',10937,3),(10938,'libre',10938,3),(10939,'libre',10939,3),(10940,'libre',10940,3),(10941,'libre',10941,3),(10942,'libre',10942,3),(10943,'libre',10943,3),(10944,'libre',10944,3),(10945,'libre',10945,3),(10946,'libre',10946,3),(10947,'deteriorado',10947,3),(10948,'libre',10948,3),(10949,'libre',10949,3),(10950,'libre',10950,3),(10951,'deteriorado',10951,3),(10952,'libre',10952,3),(10953,'libre',10953,3),(10954,'deteriorado',10954,3),(10955,'libre',10955,3),(10956,'libre',10956,3),(10957,'libre',10957,3),(10958,'libre',10958,3),(10959,'libre',10959,3),(10960,'libre',10960,3),(10961,'libre',10961,3),(10962,'libre',10962,3),(10963,'libre',10963,3),(10964,'libre',10964,3),(10965,'libre',10965,3),(10966,'libre',10966,3),(10967,'libre',10967,3),(10968,'libre',10968,3),(10969,'libre',10969,3),(10970,'libre',10970,3),(10971,'libre',10971,3),(10972,'libre',10972,3),(10973,'libre',10973,3),(10974,'libre',10974,3),(10975,'libre',10975,3),(10976,'libre',10976,3),(10977,'libre',10977,3),(10978,'libre',10978,3),(10979,'libre',10979,3),(10980,'libre',10980,3),(10981,'libre',10981,3),(10982,'libre',10982,3),(10983,'libre',10983,3),(10984,'libre',10984,3),(10985,'libre',10985,3),(10986,'libre',10986,3),(10987,'libre',10987,3),(10988,'libre',10988,3),(10989,'libre',10989,3),(10990,'libre',10990,3),(10991,'libre',10991,3),(10992,'libre',10992,3),(10993,'libre',10993,3),(10994,'libre',10994,3),(10995,'libre',10995,3),(10996,'libre',10996,3),(10997,'libre',10997,3),(10998,'libre',10998,3),(10999,'libre',10999,3),(11000,'libre',11000,3),(11001,'libre',11001,3),(11002,'libre',11002,3),(11003,'libre',11003,3),(11004,'libre',11004,3),(11005,'libre',11005,3),(11006,'libre',11006,3),(11007,'deteriorado',11007,3),(11008,'libre',11008,3),(11009,'libre',11009,3),(11010,'libre',11010,3),(11011,'libre',11011,3),(11012,'libre',11012,3),(11013,'libre',11013,3),(11014,'libre',11014,3),(11015,'libre',11015,3),(11016,'libre',11016,3),(11017,'libre',11017,3),(11018,'libre',11018,3),(11019,'libre',11019,3),(11020,'libre',11020,3),(11021,'libre',11021,3),(11022,'libre',11022,3),(11023,'libre',11023,3),(11024,'libre',11024,3),(11025,'libre',11025,3),(11026,'libre',11026,3),(11027,'libre',11027,3),(11028,'libre',11028,3),(11029,'libre',11029,3),(11030,'libre',11030,3),(11031,'libre',11031,3),(11032,'libre',11032,3),(11033,'libre',11033,3),(11034,'libre',11034,3),(11035,'libre',11035,3),(11036,'libre',11036,3),(11037,'libre',11037,3),(11038,'libre',11038,3),(11039,'libre',11039,3),(11040,'libre',11040,3),(11041,'libre',11041,3),(11042,'libre',11042,3),(11043,'libre',11043,3),(11044,'libre',11044,3),(11045,'libre',11045,3),(11046,'libre',11046,3),(11047,'libre',11047,3),(11048,'libre',11048,3),(11049,'libre',11049,3),(11050,'deteriorado',11050,3),(11051,'libre',11051,3),(11052,'libre',11052,3),(11053,'libre',11053,3),(11054,'libre',11054,3),(11055,'libre',11055,3),(11056,'libre',11056,3),(11057,'libre',11057,3),(11058,'libre',11058,3),(11059,'libre',11059,3),(11060,'libre',11060,3),(11061,'libre',11061,3),(11062,'libre',11062,3),(11063,'libre',11063,3),(11064,'libre',11064,3),(11065,'libre',11065,3),(11066,'libre',11066,3),(11067,'libre',11067,3),(11068,'libre',11068,3),(11069,'libre',11069,3),(11070,'libre',11070,3),(11071,'libre',11071,3),(11072,'libre',11072,3),(11073,'libre',11073,3),(11074,'libre',11074,3),(11075,'libre',11075,3),(11076,'libre',11076,3),(11077,'libre',11077,3),(11078,'libre',11078,3),(11079,'libre',11079,3),(11080,'libre',11080,3),(11081,'libre',11081,3),(11082,'libre',11082,3),(11083,'libre',11083,3),(11084,'libre',11084,3),(11085,'libre',11085,3),(11086,'libre',11086,3),(11087,'libre',11087,3),(11088,'libre',11088,3),(11089,'libre',11089,3),(11090,'libre',11090,3),(11091,'libre',11091,3),(11092,'libre',11092,3),(11093,'libre',11093,3),(11094,'libre',11094,3),(11095,'libre',11095,3),(11096,'libre',11096,3),(11097,'libre',11097,3),(11098,'libre',11098,3),(11099,'libre',11099,3),(11100,'libre',11100,3),(11101,'libre',11101,3),(11102,'libre',11102,3),(11103,'libre',11103,3),(11104,'libre',11104,3),(11105,'libre',11105,3),(11106,'libre',11106,3),(11107,'libre',11107,3),(11108,'libre',11108,3),(11109,'libre',11109,3),(11110,'libre',11110,3),(11111,'libre',11111,3),(11112,'libre',11112,3),(11113,'libre',11113,3),(11114,'libre',11114,3),(11115,'libre',11115,3),(11116,'libre',11116,3),(11117,'libre',11117,3),(11118,'libre',11118,3),(11119,'libre',11119,3),(11120,'libre',11120,3),(11121,'libre',11121,3),(11122,'libre',11122,3),(11123,'libre',11123,3),(11124,'libre',11124,3),(11125,'libre',11125,3),(11126,'libre',11126,3),(11127,'libre',11127,3),(11128,'libre',11128,3),(11129,'libre',11129,3),(11130,'libre',11130,3),(11131,'libre',11131,3),(11132,'libre',11132,3),(11133,'libre',11133,3),(11134,'libre',11134,3),(11135,'libre',11135,3),(11136,'libre',11136,3),(11137,'libre',11137,3),(11138,'libre',11138,3),(11139,'libre',11139,3),(11140,'libre',11140,3),(11141,'libre',11141,3),(11142,'libre',11142,3),(11143,'libre',11143,3),(11144,'libre',11144,3),(11145,'libre',11145,3),(11146,'libre',11146,3),(11147,'libre',11147,3),(11148,'libre',11148,3),(11149,'libre',11149,3),(11150,'libre',11150,3),(11151,'libre',11151,3),(11152,'libre',11152,3),(11153,'libre',11153,3),(11154,'libre',11154,3),(11155,'libre',11155,3),(11156,'libre',11156,3),(11157,'libre',11157,3),(11158,'libre',11158,3),(11159,'libre',11159,3),(11160,'libre',11160,3),(11161,'libre',11161,3),(11162,'libre',11162,3),(11163,'libre',11163,3),(11164,'libre',11164,3),(11165,'libre',11165,3),(11166,'libre',11166,3),(11167,'libre',11167,3),(11168,'libre',11168,3),(11169,'libre',11169,3),(11170,'libre',11170,3),(11171,'libre',11171,3),(11172,'libre',11172,3),(11173,'libre',11173,3),(11174,'libre',11174,3),(11175,'libre',11175,3),(11176,'libre',11176,3),(11177,'libre',11177,3),(11178,'libre',11178,3),(11179,'libre',11179,3),(11180,'libre',11180,3),(11181,'libre',11181,3),(11182,'libre',11182,3),(11183,'libre',11183,3),(11184,'libre',11184,3),(11185,'libre',11185,3),(11186,'libre',11186,3),(11187,'libre',11187,3),(11188,'libre',11188,3),(11189,'libre',11189,3),(11190,'libre',11190,3),(11191,'libre',11191,3),(11192,'libre',11192,3),(11193,'libre',11193,3),(11194,'libre',11194,3),(11195,'libre',11195,3),(11196,'libre',11196,3),(11197,'libre',11197,3),(11198,'libre',11198,3),(11199,'libre',11199,3),(11200,'libre',11200,3),(11201,'libre',11201,3),(11202,'libre',11202,3),(11203,'libre',11203,3),(11204,'libre',11204,3),(11205,'libre',11205,3),(11206,'libre',11206,3),(11207,'libre',11207,3),(11208,'libre',11208,3),(11209,'libre',11209,3),(11210,'libre',11210,3),(11211,'libre',11211,3),(11212,'libre',11212,3),(11213,'libre',11213,3),(11214,'libre',11214,3),(11215,'libre',11215,3),(11216,'libre',11216,3),(11217,'libre',11217,3),(11218,'libre',11218,3),(11219,'libre',11219,3),(11220,'libre',11220,3),(11221,'libre',11221,3),(11222,'libre',11222,3),(11223,'libre',11223,3),(11224,'libre',11224,3),(11225,'libre',11225,3),(11226,'libre',11226,3),(11227,'libre',11227,3),(11228,'libre',11228,3),(11229,'libre',11229,3),(11230,'libre',11230,3),(11231,'deteriorado',11231,3),(11232,'libre',11232,3),(11233,'libre',11233,3),(11234,'libre',11234,3),(11235,'libre',11235,3),(11236,'libre',11236,3),(11237,'deteriorado',11237,3),(11238,'libre',11238,3),(11239,'libre',11239,3),(11240,'libre',11240,3),(11241,'libre',11241,3),(11242,'libre',11242,3),(11243,'libre',11243,3),(11244,'libre',11244,3),(11245,'libre',11245,3),(11246,'libre',11246,3),(11247,'libre',11247,3),(11248,'libre',11248,3),(11249,'libre',11249,3),(11250,'libre',11250,3),(11251,'libre',11251,3),(11252,'libre',11252,3),(11253,'libre',11253,3),(11254,'libre',11254,3),(11255,'libre',11255,3),(11256,'deteriorado',11256,3),(11257,'libre',11257,3),(11258,'libre',11258,3),(11259,'libre',11259,3),(11260,'libre',11260,3),(11261,'libre',11261,3),(11262,'libre',11262,3),(11263,'libre',11263,3),(11264,'libre',11264,3),(11265,'libre',11265,3),(11266,'libre',11266,3),(11267,'libre',11267,3),(11268,'libre',11268,3),(11269,'libre',11269,3),(11270,'libre',11270,3),(11271,'libre',11271,3),(11272,'libre',11272,3),(11273,'libre',11273,3),(11274,'libre',11274,3),(11275,'libre',11275,3),(11276,'libre',11276,3),(11277,'libre',11277,3),(11278,'libre',11278,3),(11279,'libre',11279,3),(11280,'libre',11280,3),(11281,'libre',11281,3),(11282,'libre',11282,3),(11283,'libre',11283,3),(11284,'libre',11284,3),(11285,'libre',11285,3),(11286,'libre',11286,3),(11287,'libre',11287,3),(11288,'libre',11288,3),(11289,'libre',11289,3),(11290,'libre',11290,3),(11291,'libre',11291,3),(11292,'libre',11292,3),(11293,'libre',11293,3),(11294,'libre',11294,3),(11295,'libre',11295,3),(11296,'libre',11296,3),(11297,'libre',11297,3),(11298,'libre',11298,3),(11299,'libre',11299,3),(11300,'libre',11300,3),(11301,'libre',11301,3),(11302,'libre',11302,3),(11303,'libre',11303,3),(11304,'libre',11304,3),(11305,'libre',11305,3),(11306,'libre',11306,3),(11307,'libre',11307,3),(11308,'libre',11308,3),(11309,'libre',11309,3),(11310,'libre',11310,3),(11311,'libre',11311,3),(11312,'libre',11312,3),(11313,'libre',11313,3),(11314,'libre',11314,3),(11315,'libre',11315,3),(11316,'libre',11316,3),(11317,'libre',11317,3),(11318,'libre',11318,3),(11319,'libre',11319,3),(11320,'libre',11320,3),(11321,'libre',11321,3),(11322,'libre',11322,3),(11323,'libre',11323,3),(11324,'libre',11324,3),(11325,'libre',11325,3),(11326,'libre',11326,3),(11327,'libre',11327,3),(11328,'libre',11328,3),(11329,'libre',11329,3),(11330,'libre',11330,3),(11331,'libre',11331,3),(11332,'libre',11332,3),(11333,'libre',11333,3),(11334,'libre',11334,3),(11335,'libre',11335,3),(11336,'libre',11336,3),(11337,'libre',11337,3),(11338,'libre',11338,3),(11339,'libre',11339,3),(11340,'libre',11340,3),(11341,'libre',11341,3),(11342,'libre',11342,3),(11343,'libre',11343,3),(11344,'libre',11344,3),(11345,'libre',11345,3),(11346,'libre',11346,3),(11347,'libre',11347,3),(11348,'libre',11348,3),(11349,'libre',11349,3),(11350,'libre',11350,3),(11351,'libre',11351,3),(11352,'libre',11352,3),(11353,'libre',11353,3),(11354,'libre',11354,3),(11355,'libre',11355,3),(11356,'libre',11356,3),(11357,'libre',11357,3),(11358,'libre',11358,3),(11359,'libre',11359,3),(11360,'libre',11360,3),(11361,'libre',11361,3),(11362,'libre',11362,3),(11363,'libre',11363,3),(11364,'libre',11364,3),(11365,'libre',11365,3),(11366,'libre',11366,3),(11367,'libre',11367,3),(11368,'libre',11368,3),(11369,'libre',11369,3),(11370,'libre',11370,3),(11371,'libre',11371,3),(11372,'libre',11372,3),(11373,'libre',11373,3),(11374,'libre',11374,3),(11375,'libre',11375,3),(11376,'libre',11376,3),(11377,'libre',11377,3),(11378,'libre',11378,3),(11379,'libre',11379,3),(11380,'libre',11380,3),(11381,'libre',11381,3),(11382,'libre',11382,3),(11383,'libre',11383,3),(11384,'libre',11384,3),(11385,'libre',11385,3),(11386,'libre',11386,3),(11387,'libre',11387,3),(11388,'libre',11388,3),(11389,'libre',11389,3),(11390,'libre',11390,3),(11391,'libre',11391,3),(11392,'libre',11392,3),(11393,'libre',11393,3),(11394,'libre',11394,3),(11395,'libre',11395,3),(11396,'libre',11396,3),(11397,'libre',11397,3),(11398,'libre',11398,3),(11399,'libre',11399,3),(11400,'libre',11400,3),(11401,'libre',11401,3),(11402,'libre',11402,3),(11403,'libre',11403,3),(11404,'libre',11404,3),(11405,'libre',11405,3),(11406,'libre',11406,3),(11407,'libre',11407,3),(11408,'libre',11408,3),(11409,'libre',11409,3),(11410,'libre',11410,3),(11411,'libre',11411,3),(11412,'libre',11412,3),(11413,'libre',11413,3),(11414,'libre',11414,3),(11415,'libre',11415,3),(11416,'libre',11416,3),(11417,'libre',11417,3),(11418,'libre',11418,3),(11419,'libre',11419,3),(11420,'libre',11420,3),(11421,'libre',11421,3),(11422,'libre',11422,3),(11423,'libre',11423,3),(11424,'libre',11424,3),(11425,'libre',11425,3),(11426,'libre',11426,3),(11427,'libre',11427,3),(11428,'libre',11428,3),(11429,'libre',11429,3),(11430,'libre',11430,3),(11431,'libre',11431,3),(11432,'libre',11432,3),(11433,'libre',11433,3),(11434,'libre',11434,3),(11435,'libre',11435,3),(11436,'libre',11436,3),(11437,'libre',11437,3),(11438,'libre',11438,3),(11439,'libre',11439,3),(11440,'libre',11440,3),(11441,'libre',11441,3),(11442,'libre',11442,3),(11443,'libre',11443,3),(11444,'libre',11444,3),(11445,'libre',11445,3),(11446,'libre',11446,3),(11447,'libre',11447,3),(11448,'libre',11448,3),(11449,'libre',11449,3),(11450,'libre',11450,3),(11451,'libre',11451,3),(11452,'libre',11452,3),(11453,'libre',11453,3),(11454,'libre',11454,3),(11455,'libre',11455,3),(11456,'libre',11456,3),(11457,'libre',11457,3),(11458,'libre',11458,3),(11459,'libre',11459,3),(11460,'libre',11460,3),(11461,'deteriorado',11461,3),(11462,'libre',11462,3),(11463,'libre',11463,3),(11464,'libre',11464,3),(11465,'libre',11465,3),(11466,'libre',11466,3),(11467,'libre',11467,3),(11468,'libre',11468,3),(11469,'libre',11469,3),(11470,'libre',11470,3),(11471,'libre',11471,3),(11472,'libre',11472,3),(11473,'libre',11473,3),(11474,'libre',11474,3),(11475,'libre',11475,3),(11476,'libre',11476,3),(11477,'libre',11477,3),(11478,'libre',11478,3),(11479,'libre',11479,3),(11480,'libre',11480,3),(11481,'libre',11481,3),(11482,'libre',11482,3),(11483,'libre',11483,3),(11484,'libre',11484,3),(11485,'libre',11485,3),(11486,'libre',11486,3),(11487,'libre',11487,3),(11488,'libre',11488,3),(11489,'libre',11489,3),(11490,'deteriorado',11490,3),(11491,'libre',11491,3),(11492,'libre',11492,3),(11493,'libre',11493,3),(11494,'libre',11494,3),(11495,'libre',11495,3),(11496,'libre',11496,3),(11497,'libre',11497,3),(11498,'libre',11498,3),(11499,'libre',11499,3),(11500,'libre',11500,3),(11501,'libre',11501,3),(11502,'libre',11502,3),(11503,'libre',11503,3),(11504,'libre',11504,3),(11505,'libre',11505,3),(11506,'libre',11506,3),(11507,'libre',11507,3),(11508,'libre',11508,3),(11509,'libre',11509,3),(11510,'libre',11510,3),(11511,'libre',11511,3),(11512,'libre',11512,3),(11513,'libre',11513,3),(11514,'libre',11514,3),(11515,'libre',11515,3),(11516,'libre',11516,3),(11517,'libre',11517,3),(11518,'libre',11518,3),(11519,'libre',11519,3),(11520,'libre',11520,3),(11521,'libre',11521,3),(11522,'libre',11522,3),(11523,'libre',11523,3),(11524,'libre',11524,3),(11525,'libre',11525,3),(11526,'libre',11526,3),(11527,'deteriorado',11527,3),(11528,'libre',11528,3),(11529,'libre',11529,3),(11530,'libre',11530,3),(11531,'deteriorado',11531,3),(11532,'libre',11532,3),(11533,'libre',11533,3),(11534,'libre',11534,3),(11535,'libre',11535,3),(11536,'libre',11536,3),(11537,'libre',11537,3),(11538,'deteriorado',11538,3),(11539,'libre',11539,3),(11540,'libre',11540,3),(11541,'libre',11541,3),(11542,'libre',11542,3),(11543,'libre',11543,3),(11544,'libre',11544,3),(11545,'libre',11545,3),(11546,'libre',11546,3),(11547,'libre',11547,3),(11548,'libre',11548,3),(11549,'libre',11549,3),(11550,'libre',11550,3),(11551,'deteriorado',11551,3),(11552,'libre',11552,3),(11553,'libre',11553,3),(11554,'libre',11554,3),(11555,'libre',11555,3),(11556,'libre',11556,3),(11557,'libre',11557,3),(11558,'deteriorado',11558,3),(11559,'libre',11559,3),(11560,'libre',11560,3),(11561,'libre',11561,3),(11562,'libre',11562,3),(11563,'libre',11563,3),(11564,'libre',11564,3),(11565,'libre',11565,3),(11566,'libre',11566,3),(11567,'libre',11567,3),(11568,'libre',11568,3),(11569,'libre',11569,3),(11570,'libre',11570,3),(11571,'libre',11571,3),(11572,'libre',11572,3),(11573,'libre',11573,3),(11574,'libre',11574,3),(11575,'libre',11575,3),(11576,'libre',11576,3),(11577,'libre',11577,3),(11578,'libre',11578,3),(11579,'libre',11579,3),(11580,'libre',11580,3),(11581,'libre',11581,3),(11582,'libre',11582,3),(11583,'libre',11583,3),(11584,'libre',11584,3),(11585,'libre',11585,3),(11586,'libre',11586,3),(11587,'libre',11587,3),(11588,'libre',11588,3),(11589,'libre',11589,3),(11590,'libre',11590,3),(11591,'libre',11591,3),(11592,'libre',11592,3),(11593,'deteriorado',11593,3),(11594,'libre',11594,3),(11595,'libre',11595,3),(11596,'libre',11596,3),(11597,'libre',11597,3),(11598,'libre',11598,3),(11599,'libre',11599,3),(11600,'libre',11600,3),(11601,'libre',11601,3),(11602,'libre',11602,3),(11603,'libre',11603,3),(11604,'libre',11604,3),(11605,'libre',11605,3),(11606,'libre',11606,3),(11607,'libre',11607,3),(11608,'libre',11608,3),(11609,'libre',11609,3),(11610,'deteriorado',11610,3),(11611,'libre',11611,3),(11612,'libre',11612,3),(11613,'libre',11613,3),(11614,'libre',11614,3),(11615,'libre',11615,3),(11616,'libre',11616,3),(11617,'libre',11617,3),(11618,'libre',11618,3),(11619,'libre',11619,3),(11620,'libre',11620,3),(11621,'libre',11621,3),(11622,'libre',11622,3),(11623,'libre',11623,3),(11624,'libre',11624,3),(11625,'libre',11625,3),(11626,'libre',11626,3),(11627,'libre',11627,3),(11628,'libre',11628,3),(11629,'libre',11629,3),(11630,'libre',11630,3),(11631,'libre',11631,3),(11632,'libre',11632,3),(11633,'libre',11633,3),(11634,'libre',11634,3),(11635,'libre',11635,3),(11636,'libre',11636,3),(11637,'libre',11637,3),(11638,'libre',11638,3),(11639,'libre',11639,3),(11640,'libre',11640,3),(11641,'libre',11641,3),(11642,'libre',11642,3),(11643,'libre',11643,3),(11644,'libre',11644,3),(11645,'libre',11645,3),(11646,'libre',11646,3),(11647,'libre',11647,3),(11648,'libre',11648,3),(11649,'libre',11649,3),(11650,'libre',11650,3),(11651,'libre',11651,3),(11652,'libre',11652,3),(11653,'libre',11653,3),(11654,'libre',11654,3),(11655,'libre',11655,3),(11656,'libre',11656,3),(11657,'libre',11657,3),(11658,'libre',11658,3),(11659,'libre',11659,3),(11660,'libre',11660,3),(11661,'libre',11661,3),(11662,'libre',11662,3),(11663,'libre',11663,3),(11664,'libre',11664,3),(11665,'libre',11665,3),(11666,'libre',11666,3),(11667,'libre',11667,3),(11668,'libre',11668,3),(11669,'libre',11669,3),(11670,'libre',11670,3),(11671,'libre',11671,3),(11672,'libre',11672,3),(11673,'libre',11673,3),(11674,'deteriorado',11674,3),(11675,'libre',11675,3),(11676,'libre',11676,3),(11677,'libre',11677,3),(11678,'libre',11678,3),(11679,'libre',11679,3),(11680,'libre',11680,3),(11681,'libre',11681,3),(11682,'libre',11682,3),(11683,'libre',11683,3),(11684,'libre',11684,3),(11685,'libre',11685,3),(11686,'libre',11686,3),(11687,'libre',11687,3),(11688,'libre',11688,3),(11689,'libre',11689,3),(11690,'libre',11690,3),(11691,'deteriorado',11691,3),(11692,'libre',11692,3),(11693,'libre',11693,3),(11694,'libre',11694,3),(11695,'libre',11695,3),(11696,'libre',11696,3),(11697,'libre',11697,3),(11698,'libre',11698,3),(11699,'libre',11699,3),(11700,'libre',11700,3),(11701,'libre',11701,3),(11702,'libre',11702,3),(11703,'libre',11703,3),(11704,'libre',11704,3),(11705,'libre',11705,3),(11706,'libre',11706,3),(11707,'libre',11707,3),(11708,'libre',11708,3),(11709,'libre',11709,3),(11710,'libre',11710,3),(11711,'libre',11711,3),(11712,'libre',11712,3),(11713,'libre',11713,3),(11714,'libre',11714,3),(11715,'libre',11715,3),(11716,'libre',11716,3),(11717,'libre',11717,3),(11718,'libre',11718,3),(11719,'libre',11719,3),(11720,'libre',11720,3),(11721,'libre',11721,3),(11722,'libre',11722,3),(11723,'libre',11723,3),(11724,'libre',11724,3),(11725,'libre',11725,3),(11726,'libre',11726,3),(11727,'libre',11727,3),(11728,'libre',11728,3),(11729,'deteriorado',11729,3),(11730,'libre',11730,3),(11731,'libre',11731,3),(11732,'libre',11732,3),(11733,'libre',11733,3),(11734,'libre',11734,3),(11735,'libre',11735,3),(11736,'libre',11736,3),(11737,'libre',11737,3),(11738,'libre',11738,3),(11739,'libre',11739,3),(11740,'libre',11740,3),(11741,'libre',11741,3),(11742,'libre',11742,3),(11743,'libre',11743,3),(11744,'libre',11744,3),(11745,'libre',11745,3),(11746,'libre',11746,3),(11747,'libre',11747,3),(11748,'libre',11748,3),(11749,'libre',11749,3),(11750,'libre',11750,3),(11751,'libre',11751,3),(11752,'libre',11752,3),(11753,'libre',11753,3),(11754,'deteriorado',11754,3),(11755,'libre',11755,3),(11756,'libre',11756,3),(11757,'libre',11757,3),(11758,'deteriorado',11758,3),(11759,'libre',11759,3),(11760,'libre',11760,3),(11761,'libre',11761,3),(11762,'libre',11762,3),(11763,'libre',11763,3),(11764,'libre',11764,3),(11765,'libre',11765,3),(11766,'libre',11766,3),(11767,'libre',11767,3),(11768,'libre',11768,3),(11769,'libre',11769,3),(11770,'libre',11770,3),(11771,'libre',11771,3),(11772,'libre',11772,3),(11773,'libre',11773,3),(11774,'libre',11774,3),(11775,'libre',11775,3),(11776,'libre',11776,3),(11777,'libre',11777,3),(11778,'libre',11778,3),(11779,'libre',11779,3),(11780,'libre',11780,3),(11781,'libre',11781,3),(11782,'libre',11782,3),(11783,'libre',11783,3),(11784,'libre',11784,3),(11785,'libre',11785,3),(11786,'libre',11786,3),(11787,'libre',11787,3),(11788,'libre',11788,3),(11789,'libre',11789,3),(11790,'libre',11790,3),(11791,'libre',11791,3),(11792,'libre',11792,3),(11793,'libre',11793,3),(11794,'libre',11794,3),(11795,'libre',11795,3),(11796,'libre',11796,3),(11797,'libre',11797,3),(11798,'libre',11798,3),(11799,'libre',11799,3),(11800,'libre',11800,3),(11801,'libre',11801,3),(11802,'libre',11802,3),(11803,'libre',11803,3),(11804,'libre',11804,3),(11805,'libre',11805,3),(11806,'libre',11806,3),(11807,'deteriorado',11807,3),(11808,'libre',11808,3),(11809,'libre',11809,3),(11810,'libre',11810,3),(11811,'libre',11811,3),(11812,'libre',11812,3),(11813,'libre',11813,3),(11814,'libre',11814,3),(11815,'libre',11815,3),(11816,'libre',11816,3),(11817,'libre',11817,3),(11818,'libre',11818,3),(11819,'libre',11819,3),(11820,'libre',11820,3),(11821,'libre',11821,3),(11822,'libre',11822,3),(11823,'libre',11823,3),(11824,'libre',11824,3),(11825,'libre',11825,3),(11826,'libre',11826,3),(11827,'libre',11827,3),(11828,'libre',11828,3),(11829,'libre',11829,3),(11830,'libre',11830,3),(11831,'libre',11831,3),(11832,'libre',11832,3),(11833,'libre',11833,3),(11834,'libre',11834,3),(11835,'libre',11835,3),(11836,'libre',11836,3),(11837,'libre',11837,3),(11838,'libre',11838,3),(11839,'libre',11839,3),(11840,'libre',11840,3),(11841,'libre',11841,3),(11842,'libre',11842,3),(11843,'libre',11843,3),(11844,'libre',11844,3),(11845,'libre',11845,3),(11846,'libre',11846,3),(11847,'libre',11847,3),(11848,'libre',11848,3),(11849,'libre',11849,3),(11850,'libre',11850,3),(11851,'libre',11851,3),(11852,'libre',11852,3),(11853,'libre',11853,3),(11854,'libre',11854,3),(11855,'libre',11855,3),(11856,'libre',11856,3),(11857,'libre',11857,3),(11858,'libre',11858,3),(11859,'libre',11859,3),(11860,'libre',11860,3),(11861,'libre',11861,3),(11862,'libre',11862,3),(11863,'libre',11863,3),(11864,'libre',11864,3),(11865,'libre',11865,3),(11866,'libre',11866,3),(11867,'libre',11867,3),(11868,'libre',11868,3),(11869,'libre',11869,3),(11870,'libre',11870,3),(11871,'libre',11871,3),(11872,'libre',11872,3),(11873,'libre',11873,3),(11874,'libre',11874,3),(11875,'libre',11875,3),(11876,'deteriorado',11876,3),(11877,'libre',11877,3),(11878,'libre',11878,3),(11879,'libre',11879,3),(11880,'libre',11880,3),(11881,'libre',11881,3),(11882,'libre',11882,3),(11883,'libre',11883,3),(11884,'libre',11884,3),(11885,'libre',11885,3),(11886,'libre',11886,3),(11887,'libre',11887,3),(11888,'libre',11888,3),(11889,'libre',11889,3),(11890,'libre',11890,3),(11891,'libre',11891,3),(11892,'libre',11892,3),(11893,'libre',11893,3),(11894,'libre',11894,3),(11895,'libre',11895,3),(11896,'libre',11896,3),(11897,'libre',11897,3),(11898,'libre',11898,3),(11899,'libre',11899,3),(11900,'libre',11900,3),(11901,'libre',11901,3),(11902,'libre',11902,3),(11903,'libre',11903,3),(11904,'libre',11904,3),(11905,'libre',11905,3),(11906,'libre',11906,3),(11907,'libre',11907,3),(11908,'libre',11908,3),(11909,'libre',11909,3),(11910,'libre',11910,3),(11911,'libre',11911,3),(11912,'libre',11912,3),(11913,'libre',11913,3),(11914,'libre',11914,3),(11915,'libre',11915,3),(11916,'libre',11916,3),(11917,'libre',11917,3),(11918,'libre',11918,3),(11919,'libre',11919,3),(11920,'libre',11920,3),(11921,'libre',11921,3),(11922,'libre',11922,3),(11923,'libre',11923,3),(11924,'libre',11924,3),(11925,'libre',11925,3),(11926,'libre',11926,3),(11927,'libre',11927,3),(11928,'libre',11928,3),(11929,'libre',11929,3),(11930,'libre',11930,3),(11931,'libre',11931,3),(11932,'libre',11932,3),(11933,'deteriorado',11933,3),(11934,'libre',11934,3),(11935,'libre',11935,3),(11936,'libre',11936,3),(11937,'deteriorado',11937,3),(11938,'libre',11938,3),(11939,'libre',11939,3),(11940,'libre',11940,3),(11941,'libre',11941,3),(11942,'libre',11942,3),(11943,'libre',11943,3),(11944,'libre',11944,3),(11945,'deteriorado',11945,3),(11946,'libre',11946,3),(11947,'libre',11947,3),(11948,'libre',11948,3),(11949,'libre',11949,3),(11950,'libre',11950,3),(11951,'libre',11951,3),(11952,'libre',11952,3),(11953,'libre',11953,3),(11954,'libre',11954,3),(11955,'libre',11955,3),(11956,'libre',11956,3),(11957,'libre',11957,3),(11958,'libre',11958,3),(11959,'libre',11959,3),(11960,'libre',11960,3),(11961,'libre',11961,3),(11962,'libre',11962,3),(11963,'libre',11963,3),(11964,'libre',11964,3),(11965,'libre',11965,3),(11966,'libre',11966,3),(11967,'libre',11967,3),(11968,'libre',11968,3),(11969,'libre',11969,3),(11970,'libre',11970,3),(11971,'libre',11971,3),(11972,'libre',11972,3),(11973,'libre',11973,3),(11974,'libre',11974,3),(11975,'libre',11975,3),(11976,'libre',11976,3),(11977,'libre',11977,3),(11978,'libre',11978,3),(11979,'libre',11979,3),(11980,'libre',11980,3),(11981,'libre',11981,3),(11982,'libre',11982,3),(11983,'libre',11983,3),(11984,'libre',11984,3),(11985,'libre',11985,3),(11986,'libre',11986,3),(11987,'libre',11987,3),(11988,'libre',11988,3),(11989,'libre',11989,3),(11990,'libre',11990,3),(11991,'libre',11991,3),(11992,'libre',11992,3),(11993,'libre',11993,3),(11994,'libre',11994,3),(11995,'libre',11995,3),(11996,'libre',11996,3),(11997,'libre',11997,3),(11998,'libre',11998,3),(11999,'libre',11999,3),(12000,'deteriorado',12000,3),(12001,'libre',12001,3),(12002,'libre',12002,3),(12003,'libre',12003,3),(12004,'libre',12004,3),(12005,'libre',12005,3),(12006,'libre',12006,3),(12007,'libre',12007,3),(12008,'libre',12008,3),(12009,'libre',12009,3),(12010,'libre',12010,3),(12011,'libre',12011,3),(12012,'libre',12012,3),(12013,'libre',12013,3),(12014,'libre',12014,3),(12015,'libre',12015,3),(12016,'libre',12016,3),(12017,'libre',12017,3),(12018,'libre',12018,3),(12019,'libre',12019,3),(12020,'libre',12020,3),(12021,'libre',12021,3),(12022,'libre',12022,3),(12023,'libre',12023,3),(12024,'libre',12024,3),(12025,'libre',12025,3),(12026,'libre',12026,3),(12027,'libre',12027,3),(12028,'libre',12028,3),(12029,'libre',12029,3),(12030,'libre',12030,3),(12031,'libre',12031,3),(12032,'libre',12032,3),(12033,'libre',12033,3),(12034,'libre',12034,3),(12035,'libre',12035,3),(12036,'libre',12036,3),(12037,'libre',12037,3),(12038,'libre',12038,3),(12039,'libre',12039,3),(12040,'libre',12040,3),(12041,'libre',12041,3),(12042,'libre',12042,3),(12043,'libre',12043,3),(12044,'libre',12044,3),(12045,'libre',12045,3),(12046,'libre',12046,3),(12047,'libre',12047,3),(12048,'libre',12048,3),(12049,'libre',12049,3),(12050,'libre',12050,3),(12051,'libre',12051,3),(12052,'libre',12052,3),(12053,'libre',12053,3),(12054,'libre',12054,3),(12055,'libre',12055,3),(12056,'libre',12056,3),(12057,'libre',12057,3),(12058,'libre',12058,3),(12059,'libre',12059,3),(12060,'libre',12060,3),(12061,'deteriorado',12061,3),(12062,'deteriorado',12062,3),(12063,'libre',12063,3),(12064,'libre',12064,3),(12065,'libre',12065,3),(12066,'libre',12066,3),(12067,'libre',12067,3),(12068,'libre',12068,3),(12069,'libre',12069,3),(12070,'libre',12070,3),(12071,'libre',12071,3),(12072,'libre',12072,3),(12073,'libre',12073,3),(12074,'libre',12074,3),(12075,'libre',12075,3),(12076,'libre',12076,3),(12077,'libre',12077,3),(12078,'libre',12078,3),(12079,'libre',12079,3),(12080,'libre',12080,3),(12081,'libre',12081,3),(12082,'libre',12082,3),(12083,'deteriorado',12083,3),(12084,'libre',12084,3),(12085,'libre',12085,3),(12086,'libre',12086,3),(12087,'libre',12087,3),(12088,'libre',12088,3),(12089,'libre',12089,3),(12090,'libre',12090,3),(12091,'libre',12091,3),(12092,'libre',12092,3),(12093,'libre',12093,3),(12094,'libre',12094,3),(12095,'deteriorado',12095,3),(12096,'libre',12096,3),(12097,'libre',12097,3),(12098,'libre',12098,3),(12099,'libre',12099,3),(12100,'libre',12100,3),(12101,'libre',12101,3),(12102,'libre',12102,3),(12103,'libre',12103,3),(12104,'libre',12104,3),(12105,'libre',12105,3),(12106,'libre',12106,3),(12107,'libre',12107,3),(12108,'libre',12108,3),(12109,'libre',12109,3),(12110,'libre',12110,3),(12111,'libre',12111,3),(12112,'libre',12112,3),(12113,'libre',12113,3),(12114,'libre',12114,3),(12115,'libre',12115,3),(12116,'libre',12116,3),(12117,'libre',12117,3),(12118,'libre',12118,3),(12119,'libre',12119,3),(12120,'libre',12120,3),(12121,'libre',12121,3),(12122,'libre',12122,3),(12123,'libre',12123,3),(12124,'libre',12124,3),(12125,'libre',12125,3),(12126,'libre',12126,3),(12127,'libre',12127,3),(12128,'libre',12128,3),(12129,'libre',12129,3),(12130,'libre',12130,3),(12131,'libre',12131,3),(12132,'libre',12132,3),(12133,'libre',12133,3),(12134,'libre',12134,3),(12135,'deteriorado',12135,3),(12136,'libre',12136,3),(12137,'libre',12137,3),(12138,'libre',12138,3),(12139,'libre',12139,3),(12140,'libre',12140,3),(12141,'libre',12141,3),(12142,'libre',12142,3),(12143,'libre',12143,3),(12144,'libre',12144,3),(12145,'libre',12145,3),(12146,'libre',12146,3),(12147,'libre',12147,3),(12148,'libre',12148,3),(12149,'libre',12149,3),(12150,'libre',12150,3),(12151,'libre',12151,3),(12152,'libre',12152,3),(12153,'libre',12153,3),(12154,'libre',12154,3),(12155,'libre',12155,3),(12156,'deteriorado',12156,3),(12157,'libre',12157,3),(12158,'libre',12158,3),(12159,'libre',12159,3),(12160,'libre',12160,3),(12161,'libre',12161,3),(12162,'libre',12162,3),(12163,'libre',12163,3),(12164,'libre',12164,3),(12165,'libre',12165,3),(12166,'libre',12166,3),(12167,'libre',12167,3),(12168,'libre',12168,3),(12169,'libre',12169,3),(12170,'libre',12170,3),(12171,'libre',12171,3),(12172,'libre',12172,3),(12173,'libre',12173,3),(12174,'deteriorado',12174,3),(12175,'libre',12175,3),(12176,'libre',12176,3),(12177,'libre',12177,3),(12178,'libre',12178,3),(12179,'libre',12179,3),(12180,'libre',12180,3),(12181,'libre',12181,3),(12182,'libre',12182,3),(12183,'libre',12183,3),(12184,'libre',12184,3),(12185,'libre',12185,3),(12186,'libre',12186,3),(12187,'libre',12187,3),(12188,'deteriorado',12188,3),(12189,'libre',12189,3),(12190,'libre',12190,3),(12191,'libre',12191,3),(12192,'libre',12192,3),(12193,'libre',12193,3),(12194,'libre',12194,3),(12195,'libre',12195,3),(12196,'libre',12196,3),(12197,'libre',12197,3),(12198,'libre',12198,3),(12199,'libre',12199,3),(12200,'libre',12200,3),(12201,'libre',12201,3),(12202,'libre',12202,3),(12203,'libre',12203,3),(12204,'deteriorado',12204,3),(12205,'libre',12205,3),(12206,'libre',12206,3),(12207,'libre',12207,3),(12208,'libre',12208,3),(12209,'libre',12209,3),(12210,'libre',12210,3),(12211,'libre',12211,3),(12212,'libre',12212,3),(12213,'libre',12213,3),(12214,'libre',12214,3),(12215,'libre',12215,3),(12216,'libre',12216,3),(12217,'libre',12217,3),(12218,'libre',12218,3),(12219,'libre',12219,3),(12220,'libre',12220,3),(12221,'libre',12221,3),(12222,'libre',12222,3),(12223,'libre',12223,3),(12224,'libre',12224,3),(12225,'libre',12225,3),(12226,'deteriorado',12226,3),(12227,'libre',12227,3),(12228,'libre',12228,3),(12229,'libre',12229,3),(12230,'libre',12230,3),(12231,'libre',12231,3),(12232,'libre',12232,3),(12233,'libre',12233,3),(12234,'libre',12234,3),(12235,'libre',12235,3),(12236,'libre',12236,3),(12237,'libre',12237,3),(12238,'libre',12238,3),(12239,'libre',12239,3),(12240,'libre',12240,3),(12241,'libre',12241,3),(12242,'libre',12242,3),(12243,'libre',12243,3),(12244,'libre',12244,3),(12245,'libre',12245,3),(12246,'libre',12246,3),(12247,'libre',12247,3),(12248,'libre',12248,3),(12249,'libre',12249,3),(12250,'libre',12250,3),(12251,'libre',12251,3),(12252,'libre',12252,3),(12253,'libre',12253,3),(12254,'libre',12254,3),(12255,'libre',12255,3),(12256,'libre',12256,3),(12257,'libre',12257,3),(12258,'libre',12258,3),(12259,'libre',12259,3),(12260,'libre',12260,3),(12261,'libre',12261,3),(12262,'libre',12262,3),(12263,'libre',12263,3),(12264,'libre',12264,3),(12265,'libre',12265,3),(12266,'libre',12266,3),(12267,'libre',12267,3),(12268,'libre',12268,3),(12269,'libre',12269,3),(12270,'libre',12270,3),(12271,'libre',12271,3),(12272,'libre',12272,3),(12273,'libre',12273,3),(12274,'libre',12274,3),(12275,'libre',12275,3),(12276,'libre',12276,3),(12277,'libre',12277,3),(12278,'libre',12278,3),(12279,'libre',12279,3),(12280,'libre',12280,3),(12281,'libre',12281,3),(12282,'libre',12282,3),(12283,'libre',12283,3),(12284,'libre',12284,3),(12285,'libre',12285,3),(12286,'libre',12286,3),(12287,'libre',12287,3),(12288,'libre',12288,3),(12289,'libre',12289,3),(12290,'libre',12290,3),(12291,'libre',12291,3),(12292,'libre',12292,3),(12293,'libre',12293,3),(12294,'libre',12294,3),(12295,'libre',12295,3),(12296,'libre',12296,3),(12297,'libre',12297,3),(12298,'libre',12298,3),(12299,'libre',12299,3),(12300,'deteriorado',12300,3),(12301,'libre',12301,3),(12302,'libre',12302,3),(12303,'libre',12303,3),(12304,'libre',12304,3),(12305,'libre',12305,3),(12306,'libre',12306,3),(12307,'libre',12307,3),(12308,'libre',12308,3),(12309,'libre',12309,3),(12310,'libre',12310,3),(12311,'libre',12311,3),(12312,'libre',12312,3),(12313,'libre',12313,3),(12314,'libre',12314,3),(12315,'libre',12315,3),(12316,'libre',12316,3),(12317,'libre',12317,3),(12318,'libre',12318,3),(12319,'libre',12319,3),(12320,'libre',12320,3),(12321,'libre',12321,3),(12322,'libre',12322,3),(12323,'libre',12323,3),(12324,'libre',12324,3),(12325,'libre',12325,3),(12326,'libre',12326,3),(12327,'libre',12327,3),(12328,'libre',12328,3),(12329,'libre',12329,3),(12330,'libre',12330,3),(12331,'libre',12331,3),(12332,'libre',12332,3),(12333,'libre',12333,3),(12334,'libre',12334,3),(12335,'libre',12335,3),(12336,'libre',12336,3),(12337,'libre',12337,3),(12338,'libre',12338,3),(12339,'libre',12339,3),(12340,'libre',12340,3),(12341,'libre',12341,3),(12342,'libre',12342,3),(12343,'libre',12343,3),(12344,'libre',12344,3),(12345,'libre',12345,3),(12346,'libre',12346,3),(12347,'libre',12347,3),(12348,'libre',12348,3),(12349,'libre',12349,3),(12350,'libre',12350,3),(12351,'libre',12351,3),(12352,'libre',12352,3),(12353,'libre',12353,3),(12354,'libre',12354,3),(12355,'libre',12355,3),(12356,'libre',12356,3),(12357,'libre',12357,3),(12358,'libre',12358,3),(12359,'libre',12359,3),(12360,'libre',12360,3),(12361,'libre',12361,3),(12362,'libre',12362,3),(12363,'libre',12363,3),(12364,'libre',12364,3),(12365,'libre',12365,3),(12366,'libre',12366,3),(12367,'libre',12367,3),(12368,'libre',12368,3),(12369,'libre',12369,3),(12370,'libre',12370,3),(12371,'libre',12371,3),(12372,'libre',12372,3),(12373,'libre',12373,3),(12374,'libre',12374,3),(12375,'libre',12375,3),(12376,'libre',12376,3),(12377,'libre',12377,3),(12378,'libre',12378,3),(12379,'libre',12379,3),(12380,'libre',12380,3),(12381,'libre',12381,3),(12382,'libre',12382,3),(12383,'libre',12383,3),(12384,'libre',12384,3),(12385,'libre',12385,3),(12386,'libre',12386,3),(12387,'libre',12387,3),(12388,'libre',12388,3),(12389,'libre',12389,3),(12390,'libre',12390,3),(12391,'libre',12391,3),(12392,'libre',12392,3),(12393,'libre',12393,3),(12394,'libre',12394,3),(12395,'libre',12395,3),(12396,'libre',12396,3),(12397,'libre',12397,3),(12398,'libre',12398,3),(12399,'libre',12399,3),(12400,'libre',12400,3),(12401,'libre',12401,3),(12402,'libre',12402,3),(12403,'libre',12403,3),(12404,'libre',12404,3),(12405,'libre',12405,3),(12406,'libre',12406,3),(12407,'libre',12407,3),(12408,'deteriorado',12408,3),(12409,'libre',12409,3),(12410,'libre',12410,3),(12411,'libre',12411,3),(12412,'deteriorado',12412,3),(12413,'libre',12413,3),(12414,'libre',12414,3),(12415,'deteriorado',12415,3),(12416,'libre',12416,3),(12417,'libre',12417,3),(12418,'libre',12418,3),(12419,'libre',12419,3),(12420,'libre',12420,3),(12421,'libre',12421,3),(12422,'libre',12422,3),(12423,'libre',12423,3),(12424,'libre',12424,3),(12425,'libre',12425,3),(12426,'libre',12426,3),(12427,'libre',12427,3),(12428,'libre',12428,3),(12429,'libre',12429,3),(12430,'libre',12430,3),(12431,'libre',12431,3),(12432,'libre',12432,3),(12433,'libre',12433,3),(12434,'libre',12434,3),(12435,'libre',12435,3),(12436,'libre',12436,3),(12437,'libre',12437,3),(12438,'libre',12438,3),(12439,'libre',12439,3),(12440,'libre',12440,3),(12441,'libre',12441,3),(12442,'libre',12442,3),(12443,'libre',12443,3),(12444,'libre',12444,3),(12445,'libre',12445,3),(12446,'libre',12446,3),(12447,'libre',12447,3),(12448,'libre',12448,3),(12449,'libre',12449,3),(12450,'libre',12450,3),(12451,'libre',12451,3),(12452,'libre',12452,3),(12453,'libre',12453,3),(12454,'libre',12454,3),(12455,'libre',12455,3),(12456,'libre',12456,3),(12457,'libre',12457,3),(12458,'libre',12458,3),(12459,'libre',12459,3),(12460,'libre',12460,3),(12461,'libre',12461,3),(12462,'libre',12462,3),(12463,'libre',12463,3),(12464,'libre',12464,3),(12465,'libre',12465,3),(12466,'libre',12466,3),(12467,'libre',12467,3),(12468,'libre',12468,3),(12469,'libre',12469,3),(12470,'libre',12470,3),(12471,'libre',12471,3),(12472,'libre',12472,3),(12473,'libre',12473,3),(12474,'libre',12474,3),(12475,'libre',12475,3),(12476,'libre',12476,3),(12477,'libre',12477,3),(12478,'libre',12478,3),(12479,'libre',12479,3),(12480,'libre',12480,3),(12481,'libre',12481,3),(12482,'libre',12482,3),(12483,'libre',12483,3),(12484,'libre',12484,3),(12485,'libre',12485,3),(12486,'libre',12486,3),(12487,'libre',12487,3),(12488,'libre',12488,3),(12489,'libre',12489,3),(12490,'libre',12490,3),(12491,'libre',12491,3),(12492,'libre',12492,3),(12493,'libre',12493,3),(12494,'libre',12494,3),(12495,'libre',12495,3),(12496,'libre',12496,3),(12497,'libre',12497,3),(12498,'libre',12498,3),(12499,'libre',12499,3),(12500,'libre',12500,3),(12501,'libre',12501,3),(12502,'libre',12502,3),(12503,'libre',12503,3),(12504,'libre',12504,3),(12505,'libre',12505,3),(12506,'libre',12506,3),(12507,'libre',12507,3),(12508,'libre',12508,3),(12509,'libre',12509,3),(12510,'deteriorado',12510,3),(12511,'libre',12511,3),(12512,'libre',12512,3),(12513,'libre',12513,3),(12514,'libre',12514,3),(12515,'libre',12515,3),(12516,'libre',12516,3),(12517,'libre',12517,3),(12518,'libre',12518,3),(12519,'libre',12519,3),(12520,'libre',12520,3),(12521,'deteriorado',12521,3),(12522,'libre',12522,3),(12523,'libre',12523,3),(12524,'libre',12524,3),(12525,'libre',12525,3),(12526,'libre',12526,3),(12527,'libre',12527,3),(12528,'libre',12528,3),(12529,'libre',12529,3),(12530,'libre',12530,3),(12531,'libre',12531,3),(12532,'libre',12532,3),(12533,'libre',12533,3),(12534,'libre',12534,3),(12535,'libre',12535,3),(12536,'libre',12536,3),(12537,'libre',12537,3),(12538,'libre',12538,3),(12539,'libre',12539,3),(12540,'libre',12540,3),(12541,'libre',12541,3),(12542,'libre',12542,3),(12543,'libre',12543,3),(12544,'libre',12544,3),(12545,'libre',12545,3),(12546,'libre',12546,3),(12547,'libre',12547,3),(12548,'libre',12548,3),(12549,'libre',12549,3),(12550,'libre',12550,3),(12551,'libre',12551,3),(12552,'libre',12552,3),(12553,'libre',12553,3),(12554,'deteriorado',12554,3),(12555,'libre',12555,3),(12556,'libre',12556,3),(12557,'libre',12557,3),(12558,'libre',12558,3),(12559,'libre',12559,3),(12560,'libre',12560,3),(12561,'libre',12561,3),(12562,'libre',12562,3),(12563,'libre',12563,3),(12564,'libre',12564,3),(12565,'libre',12565,3),(12566,'libre',12566,3),(12567,'libre',12567,3),(12568,'libre',12568,3),(12569,'libre',12569,3),(12570,'libre',12570,3),(12571,'libre',12571,3),(12572,'libre',12572,3),(12573,'libre',12573,3),(12574,'libre',12574,3),(12575,'libre',12575,3),(12576,'libre',12576,3),(12577,'libre',12577,3),(12578,'libre',12578,3),(12579,'libre',12579,3),(12580,'libre',12580,3),(12581,'libre',12581,3),(12582,'libre',12582,3),(12583,'libre',12583,3),(12584,'libre',12584,3),(12585,'libre',12585,3),(12586,'libre',12586,3),(12587,'deteriorado',12587,3),(12588,'libre',12588,3),(12589,'libre',12589,3),(12590,'libre',12590,3),(12591,'libre',12591,3),(12592,'libre',12592,3),(12593,'libre',12593,3),(12594,'libre',12594,3),(12595,'libre',12595,3),(12596,'libre',12596,3),(12597,'libre',12597,3),(12598,'libre',12598,3),(12599,'libre',12599,3),(12600,'libre',12600,3),(12601,'libre',12601,3),(12602,'libre',12602,3),(12603,'libre',12603,3),(12604,'libre',12604,3),(12605,'libre',12605,3),(12606,'libre',12606,3),(12607,'libre',12607,3),(12608,'libre',12608,3),(12609,'libre',12609,3),(12610,'libre',12610,3),(12611,'libre',12611,3),(12612,'libre',12612,3),(12613,'libre',12613,3),(12614,'libre',12614,3),(12615,'libre',12615,3),(12616,'libre',12616,3),(12617,'libre',12617,3),(12618,'libre',12618,3),(12619,'libre',12619,3),(12620,'libre',12620,3),(12621,'libre',12621,3),(12622,'libre',12622,3),(12623,'libre',12623,3),(12624,'libre',12624,3),(12625,'libre',12625,3),(12626,'libre',12626,3),(12627,'libre',12627,3),(12628,'libre',12628,3),(12629,'libre',12629,3),(12630,'libre',12630,3),(12631,'libre',12631,3),(12632,'libre',12632,3),(12633,'libre',12633,3),(12634,'libre',12634,3),(12635,'libre',12635,3),(12636,'libre',12636,3),(12637,'libre',12637,3),(12638,'libre',12638,3),(12639,'libre',12639,3),(12640,'libre',12640,3),(12641,'libre',12641,3),(12642,'deteriorado',12642,3),(12643,'libre',12643,3),(12644,'libre',12644,3),(12645,'libre',12645,3),(12646,'libre',12646,3),(12647,'libre',12647,3),(12648,'libre',12648,3),(12649,'libre',12649,3),(12650,'libre',12650,3),(12651,'libre',12651,3),(12652,'libre',12652,3),(12653,'libre',12653,3),(12654,'libre',12654,3),(12655,'libre',12655,3),(12656,'libre',12656,3),(12657,'libre',12657,3),(12658,'libre',12658,3),(12659,'libre',12659,3),(12660,'libre',12660,3),(12661,'libre',12661,3),(12662,'libre',12662,3),(12663,'libre',12663,3),(12664,'libre',12664,3),(12665,'libre',12665,3),(12666,'libre',12666,3),(12667,'libre',12667,3),(12668,'libre',12668,3),(12669,'libre',12669,3),(12670,'libre',12670,3),(12671,'libre',12671,3),(12672,'libre',12672,3),(12673,'libre',12673,3),(12674,'libre',12674,3),(12675,'libre',12675,3),(12676,'libre',12676,3),(12677,'libre',12677,3),(12678,'libre',12678,3),(12679,'libre',12679,3),(12680,'libre',12680,3),(12681,'libre',12681,3),(12682,'libre',12682,3),(12683,'libre',12683,3),(12684,'libre',12684,3),(12685,'libre',12685,3),(12686,'libre',12686,3),(12687,'libre',12687,3),(12688,'libre',12688,3),(12689,'libre',12689,3),(12690,'libre',12690,3),(12691,'libre',12691,3),(12692,'libre',12692,3),(12693,'libre',12693,3),(12694,'libre',12694,3),(12695,'libre',12695,3),(12696,'libre',12696,3),(12697,'libre',12697,3),(12698,'libre',12698,3),(12699,'libre',12699,3),(12700,'libre',12700,3),(12701,'deteriorado',12701,3),(12702,'libre',12702,3),(12703,'libre',12703,3),(12704,'libre',12704,3),(12705,'libre',12705,3),(12706,'libre',12706,3),(12707,'libre',12707,3),(12708,'libre',12708,3),(12709,'libre',12709,3),(12710,'libre',12710,3),(12711,'libre',12711,3),(12712,'libre',12712,3),(12713,'libre',12713,3),(12714,'libre',12714,3),(12715,'libre',12715,3),(12716,'libre',12716,3),(12717,'libre',12717,3),(12718,'libre',12718,3),(12719,'libre',12719,3),(12720,'libre',12720,3),(12721,'libre',12721,3),(12722,'libre',12722,3),(12723,'libre',12723,3),(12724,'libre',12724,3),(12725,'libre',12725,3),(12726,'libre',12726,3),(12727,'libre',12727,3),(12728,'libre',12728,3),(12729,'libre',12729,3),(12730,'libre',12730,3),(12731,'libre',12731,3),(12732,'libre',12732,3),(12733,'libre',12733,3),(12734,'libre',12734,3),(12735,'libre',12735,3),(12736,'libre',12736,3),(12737,'libre',12737,3),(12738,'libre',12738,3),(12739,'libre',12739,3),(12740,'libre',12740,3),(12741,'libre',12741,3),(12742,'libre',12742,3),(12743,'libre',12743,3),(12744,'libre',12744,3),(12745,'libre',12745,3),(12746,'libre',12746,3),(12747,'libre',12747,3),(12748,'libre',12748,3),(12749,'libre',12749,3),(12750,'libre',12750,3),(12751,'libre',12751,3),(12752,'libre',12752,3),(12753,'libre',12753,3),(12754,'libre',12754,3),(12755,'libre',12755,3),(12756,'libre',12756,3),(12757,'libre',12757,3),(12758,'libre',12758,3),(12759,'libre',12759,3),(12760,'deteriorado',12760,3),(12761,'libre',12761,3),(12762,'libre',12762,3),(12763,'libre',12763,3),(12764,'libre',12764,3),(12765,'deteriorado',12765,3),(12766,'libre',12766,3),(12767,'libre',12767,3),(12768,'libre',12768,3),(12769,'libre',12769,3),(12770,'libre',12770,3),(12771,'libre',12771,3),(12772,'libre',12772,3),(12773,'libre',12773,3),(12774,'libre',12774,3),(12775,'libre',12775,3),(12776,'libre',12776,3),(12777,'libre',12777,3),(12778,'libre',12778,3),(12779,'libre',12779,3),(12780,'libre',12780,3),(12781,'libre',12781,3),(12782,'libre',12782,3),(12783,'libre',12783,3),(12784,'libre',12784,3),(12785,'libre',12785,3),(12786,'libre',12786,3),(12787,'libre',12787,3),(12788,'libre',12788,3),(12789,'libre',12789,3),(12790,'libre',12790,3),(12791,'libre',12791,3),(12792,'libre',12792,3),(12793,'deteriorado',12793,3),(12794,'libre',12794,3),(12795,'libre',12795,3),(12796,'libre',12796,3),(12797,'libre',12797,3),(12798,'libre',12798,3),(12799,'libre',12799,3),(12800,'libre',12800,3),(12801,'libre',12801,3),(12802,'libre',12802,3),(12803,'libre',12803,3),(12804,'libre',12804,3),(12805,'deteriorado',12805,3),(12806,'libre',12806,3),(12807,'libre',12807,3),(12808,'libre',12808,3),(12809,'libre',12809,3),(12810,'libre',12810,3),(12811,'libre',12811,3),(12812,'libre',12812,3),(12813,'libre',12813,3),(12814,'libre',12814,3),(12815,'libre',12815,3),(12816,'libre',12816,3),(12817,'libre',12817,3),(12818,'libre',12818,3),(12819,'libre',12819,3),(12820,'libre',12820,3),(12821,'libre',12821,3),(12822,'libre',12822,3),(12823,'libre',12823,3),(12824,'libre',12824,3),(12825,'libre',12825,3),(12826,'libre',12826,3),(12827,'libre',12827,3),(12828,'libre',12828,3),(12829,'libre',12829,3),(12830,'libre',12830,3),(12831,'libre',12831,3),(12832,'libre',12832,3),(12833,'libre',12833,3),(12834,'libre',12834,3),(12835,'libre',12835,3),(12836,'libre',12836,3),(12837,'libre',12837,3),(12838,'libre',12838,3),(12839,'libre',12839,3),(12840,'libre',12840,3),(12841,'libre',12841,3),(12842,'libre',12842,3),(12843,'libre',12843,3),(12844,'deteriorado',12844,3),(12845,'libre',12845,3),(12846,'libre',12846,3),(12847,'libre',12847,3),(12848,'libre',12848,3),(12849,'libre',12849,3),(12850,'libre',12850,3),(12851,'libre',12851,3),(12852,'libre',12852,3),(12853,'libre',12853,3),(12854,'libre',12854,3),(12855,'libre',12855,3),(12856,'libre',12856,3),(12857,'libre',12857,3),(12858,'libre',12858,3),(12859,'libre',12859,3),(12860,'libre',12860,3),(12861,'libre',12861,3),(12862,'libre',12862,3),(12863,'libre',12863,3),(12864,'libre',12864,3),(12865,'libre',12865,3),(12866,'libre',12866,3),(12867,'libre',12867,3),(12868,'libre',12868,3),(12869,'libre',12869,3),(12870,'libre',12870,3),(12871,'libre',12871,3),(12872,'libre',12872,3),(12873,'libre',12873,3),(12874,'libre',12874,3),(12875,'libre',12875,3),(12876,'libre',12876,3),(12877,'libre',12877,3),(12878,'libre',12878,3),(12879,'libre',12879,3),(12880,'libre',12880,3),(12881,'libre',12881,3),(12882,'libre',12882,3),(12883,'libre',12883,3),(12884,'libre',12884,3),(12885,'libre',12885,3),(12886,'libre',12886,3),(12887,'libre',12887,3),(12888,'libre',12888,3),(12889,'libre',12889,3),(12890,'libre',12890,3),(12891,'libre',12891,3),(12892,'libre',12892,3),(12893,'libre',12893,3),(12894,'libre',12894,3),(12895,'libre',12895,3),(12896,'libre',12896,3),(12897,'libre',12897,3),(12898,'libre',12898,3),(12899,'deteriorado',12899,3),(12900,'libre',12900,3),(12901,'libre',12901,3),(12902,'libre',12902,3),(12903,'libre',12903,3),(12904,'libre',12904,3),(12905,'deteriorado',12905,3),(12906,'libre',12906,3),(12907,'libre',12907,3),(12908,'libre',12908,3),(12909,'libre',12909,3),(12910,'libre',12910,3),(12911,'libre',12911,3),(12912,'libre',12912,3),(12913,'libre',12913,3),(12914,'libre',12914,3),(12915,'libre',12915,3),(12916,'libre',12916,3),(12917,'libre',12917,3),(12918,'libre',12918,3),(12919,'libre',12919,3),(12920,'libre',12920,3),(12921,'libre',12921,3),(12922,'libre',12922,3),(12923,'libre',12923,3),(12924,'libre',12924,3),(12925,'libre',12925,3),(12926,'libre',12926,3),(12927,'libre',12927,3),(12928,'libre',12928,3),(12929,'libre',12929,3),(12930,'libre',12930,3),(12931,'libre',12931,3),(12932,'libre',12932,3),(12933,'libre',12933,3),(12934,'deteriorado',12934,3),(12935,'libre',12935,3),(12936,'libre',12936,3),(12937,'libre',12937,3),(12938,'libre',12938,3),(12939,'libre',12939,3),(12940,'libre',12940,3),(12941,'libre',12941,3),(12942,'libre',12942,3),(12943,'libre',12943,3),(12944,'libre',12944,3),(12945,'libre',12945,3),(12946,'libre',12946,3),(12947,'libre',12947,3),(12948,'libre',12948,3),(12949,'libre',12949,3),(12950,'deteriorado',12950,3),(12951,'libre',12951,3),(12952,'libre',12952,3),(12953,'libre',12953,3),(12954,'libre',12954,3),(12955,'libre',12955,3),(12956,'libre',12956,3),(12957,'libre',12957,3),(12958,'libre',12958,3),(12959,'libre',12959,3),(12960,'libre',12960,3),(12961,'libre',12961,3),(12962,'libre',12962,3),(12963,'libre',12963,3),(12964,'libre',12964,3),(12965,'libre',12965,3),(12966,'libre',12966,3),(12967,'libre',12967,3),(12968,'libre',12968,3),(12969,'libre',12969,3),(12970,'libre',12970,3),(12971,'libre',12971,3),(12972,'libre',12972,3),(12973,'libre',12973,3),(12974,'libre',12974,3),(12975,'libre',12975,3),(12976,'libre',12976,3),(12977,'libre',12977,3),(12978,'libre',12978,3),(12979,'libre',12979,3),(12980,'libre',12980,3),(12981,'libre',12981,3),(12982,'libre',12982,3),(12983,'libre',12983,3),(12984,'libre',12984,3),(12985,'libre',12985,3),(12986,'libre',12986,3),(12987,'libre',12987,3),(12988,'libre',12988,3),(12989,'libre',12989,3),(12990,'libre',12990,3),(12991,'libre',12991,3),(12992,'libre',12992,3),(12993,'libre',12993,3),(12994,'libre',12994,3),(12995,'libre',12995,3),(12996,'deteriorado',12996,3),(12997,'libre',12997,3),(12998,'deteriorado',12998,3),(12999,'libre',12999,3),(13000,'libre',13000,3),(13001,'libre',13001,3),(13002,'libre',13002,3),(13003,'libre',13003,3),(13004,'libre',13004,3),(13005,'libre',13005,3),(13006,'libre',13006,3),(13007,'libre',13007,3),(13008,'libre',13008,3),(13009,'libre',13009,3),(13010,'libre',13010,3),(13011,'libre',13011,3),(13012,'libre',13012,3),(13013,'libre',13013,3),(13014,'libre',13014,3),(13015,'libre',13015,3),(13016,'libre',13016,3),(13017,'libre',13017,3),(13018,'libre',13018,3),(13019,'libre',13019,3),(13020,'libre',13020,3),(13021,'libre',13021,3),(13022,'libre',13022,3),(13023,'libre',13023,3),(13024,'libre',13024,3),(13025,'libre',13025,3),(13026,'libre',13026,3),(13027,'libre',13027,3),(13028,'libre',13028,3),(13029,'libre',13029,3),(13030,'libre',13030,3),(13031,'libre',13031,3),(13032,'libre',13032,3),(13033,'libre',13033,3),(13034,'libre',13034,3),(13035,'libre',13035,3),(13036,'libre',13036,3),(13037,'libre',13037,3),(13038,'libre',13038,3),(13039,'libre',13039,3),(13040,'libre',13040,3),(13041,'libre',13041,3),(13042,'libre',13042,3),(13043,'libre',13043,3),(13044,'libre',13044,3),(13045,'libre',13045,3),(13046,'libre',13046,3),(13047,'libre',13047,3),(13048,'libre',13048,3),(13049,'libre',13049,3),(13050,'libre',13050,3),(13051,'libre',13051,3),(13052,'libre',13052,3),(13053,'libre',13053,3),(13054,'libre',13054,3),(13055,'libre',13055,3),(13056,'libre',13056,3),(13057,'libre',13057,3),(13058,'libre',13058,3),(13059,'libre',13059,3),(13060,'libre',13060,3),(13061,'libre',13061,3),(13062,'deteriorado',13062,3),(13063,'libre',13063,3),(13064,'libre',13064,3),(13065,'libre',13065,3),(13066,'libre',13066,3),(13067,'deteriorado',13067,3),(13068,'libre',13068,3),(13069,'libre',13069,3),(13070,'libre',13070,3),(13071,'libre',13071,3),(13072,'libre',13072,3),(13073,'libre',13073,3),(13074,'libre',13074,3),(13075,'libre',13075,3),(13076,'libre',13076,3),(13077,'libre',13077,3),(13078,'libre',13078,3),(13079,'libre',13079,3),(13080,'libre',13080,3),(13081,'libre',13081,3),(13082,'libre',13082,3),(13083,'libre',13083,3),(13084,'libre',13084,3),(13085,'libre',13085,3),(13086,'libre',13086,3),(13087,'libre',13087,3),(13088,'libre',13088,3),(13089,'libre',13089,3),(13090,'libre',13090,3),(13091,'libre',13091,3),(13092,'libre',13092,3),(13093,'libre',13093,3),(13094,'libre',13094,3),(13095,'libre',13095,3),(13096,'libre',13096,3),(13097,'libre',13097,3),(13098,'libre',13098,3),(13099,'libre',13099,3),(13100,'libre',13100,3),(13101,'libre',13101,3),(13102,'libre',13102,3),(13103,'libre',13103,3),(13104,'libre',13104,3),(13105,'libre',13105,3),(13106,'libre',13106,3),(13107,'libre',13107,3),(13108,'libre',13108,3),(13109,'libre',13109,3),(13110,'libre',13110,3),(13111,'libre',13111,3),(13112,'libre',13112,3),(13113,'libre',13113,3),(13114,'libre',13114,3),(13115,'libre',13115,3),(13116,'libre',13116,3),(13117,'libre',13117,3),(13118,'libre',13118,3),(13119,'libre',13119,3),(13120,'libre',13120,3),(13121,'libre',13121,3),(13122,'libre',13122,3),(13123,'libre',13123,3),(13124,'libre',13124,3),(13125,'libre',13125,3),(13126,'libre',13126,3),(13127,'libre',13127,3),(13128,'libre',13128,3),(13129,'libre',13129,3),(13130,'libre',13130,3),(13131,'libre',13131,3),(13132,'libre',13132,3),(13133,'libre',13133,3),(13134,'libre',13134,3),(13135,'libre',13135,3),(13136,'libre',13136,3),(13137,'libre',13137,3),(13138,'deteriorado',13138,3),(13139,'libre',13139,3),(13140,'libre',13140,3),(13141,'libre',13141,3),(13142,'libre',13142,3),(13143,'libre',13143,3),(13144,'libre',13144,3),(13145,'libre',13145,3),(13146,'libre',13146,3),(13147,'libre',13147,3),(13148,'libre',13148,3),(13149,'libre',13149,3),(13150,'libre',13150,3),(13151,'libre',13151,3),(13152,'libre',13152,3),(13153,'libre',13153,3),(13154,'libre',13154,3),(13155,'libre',13155,3),(13156,'libre',13156,3),(13157,'libre',13157,3),(13158,'libre',13158,3),(13159,'libre',13159,3),(13160,'libre',13160,3),(13161,'libre',13161,3),(13162,'libre',13162,3),(13163,'libre',13163,3),(13164,'libre',13164,3),(13165,'libre',13165,3),(13166,'libre',13166,3),(13167,'libre',13167,3),(13168,'libre',13168,3),(13169,'libre',13169,3),(13170,'libre',13170,3),(13171,'libre',13171,3),(13172,'libre',13172,3),(13173,'libre',13173,3),(13174,'libre',13174,3),(13175,'libre',13175,3),(13176,'libre',13176,3),(13177,'libre',13177,3),(13178,'libre',13178,3),(13179,'libre',13179,3),(13180,'libre',13180,3),(13181,'libre',13181,3),(13182,'libre',13182,3),(13183,'libre',13183,3),(13184,'libre',13184,3),(13185,'libre',13185,3),(13186,'libre',13186,3),(13187,'libre',13187,3),(13188,'libre',13188,3),(13189,'libre',13189,3),(13190,'libre',13190,3),(13191,'libre',13191,3),(13192,'libre',13192,3),(13193,'libre',13193,3),(13194,'deteriorado',13194,3),(13195,'libre',13195,3),(13196,'libre',13196,3),(13197,'libre',13197,3),(13198,'libre',13198,3),(13199,'libre',13199,3),(13200,'libre',13200,3),(13201,'libre',13201,3),(13202,'libre',13202,3),(13203,'libre',13203,3),(13204,'libre',13204,3),(13205,'libre',13205,3),(13206,'libre',13206,3),(13207,'libre',13207,3),(13208,'libre',13208,3),(13209,'libre',13209,3),(13210,'deteriorado',13210,3),(13211,'libre',13211,3),(13212,'libre',13212,3),(13213,'libre',13213,3),(13214,'libre',13214,3),(13215,'libre',13215,3),(13216,'libre',13216,3),(13217,'libre',13217,3),(13218,'libre',13218,3),(13219,'libre',13219,3),(13220,'libre',13220,3),(13221,'libre',13221,3),(13222,'libre',13222,3),(13223,'libre',13223,3),(13224,'libre',13224,3),(13225,'libre',13225,3),(13226,'libre',13226,3),(13227,'libre',13227,3),(13228,'libre',13228,3),(13229,'libre',13229,3),(13230,'libre',13230,3),(13231,'libre',13231,3),(13232,'libre',13232,3),(13233,'libre',13233,3),(13234,'libre',13234,3),(13235,'libre',13235,3),(13236,'libre',13236,3),(13237,'libre',13237,3),(13238,'libre',13238,3),(13239,'libre',13239,3),(13240,'libre',13240,3),(13241,'libre',13241,3),(13242,'libre',13242,3),(13243,'libre',13243,3),(13244,'libre',13244,3),(13245,'libre',13245,3),(13246,'libre',13246,3),(13247,'libre',13247,3),(13248,'deteriorado',13248,3),(13249,'libre',13249,3),(13250,'libre',13250,3),(13251,'libre',13251,3),(13252,'libre',13252,3),(13253,'libre',13253,3),(13254,'libre',13254,3),(13255,'libre',13255,3),(13256,'libre',13256,3),(13257,'libre',13257,3),(13258,'libre',13258,3),(13259,'libre',13259,3),(13260,'libre',13260,3),(13261,'libre',13261,3),(13262,'libre',13262,3),(13263,'libre',13263,3),(13264,'libre',13264,3),(13265,'libre',13265,3),(13266,'libre',13266,3),(13267,'libre',13267,3),(13268,'libre',13268,3),(13269,'libre',13269,3),(13270,'libre',13270,3),(13271,'libre',13271,3),(13272,'libre',13272,3),(13273,'libre',13273,3),(13274,'libre',13274,3),(13275,'libre',13275,3),(13276,'libre',13276,3),(13277,'libre',13277,3),(13278,'deteriorado',13278,3),(13279,'libre',13279,3),(13280,'libre',13280,3),(13281,'libre',13281,3),(13282,'libre',13282,3),(13283,'libre',13283,3),(13284,'libre',13284,3),(13285,'libre',13285,3),(13286,'libre',13286,3),(13287,'libre',13287,3),(13288,'libre',13288,3),(13289,'libre',13289,3),(13290,'libre',13290,3),(13291,'libre',13291,3),(13292,'libre',13292,3),(13293,'libre',13293,3),(13294,'libre',13294,3),(13295,'libre',13295,3),(13296,'libre',13296,3),(13297,'libre',13297,3),(13298,'libre',13298,3),(13299,'libre',13299,3),(13300,'libre',13300,3),(13301,'libre',13301,3),(13302,'libre',13302,3),(13303,'libre',13303,3),(13304,'libre',13304,3),(13305,'libre',13305,3),(13306,'libre',13306,3),(13307,'libre',13307,3),(13308,'libre',13308,3),(13309,'libre',13309,3),(13310,'libre',13310,3),(13311,'libre',13311,3),(13312,'libre',13312,3),(13313,'libre',13313,3),(13314,'libre',13314,3),(13315,'libre',13315,3),(13316,'libre',13316,3),(13317,'libre',13317,3),(13318,'libre',13318,3),(13319,'libre',13319,3),(13320,'libre',13320,3),(13321,'libre',13321,3),(13322,'libre',13322,3),(13323,'libre',13323,3),(13324,'libre',13324,3),(13325,'libre',13325,3),(13326,'libre',13326,3),(13327,'libre',13327,3),(13328,'libre',13328,3),(13329,'libre',13329,3),(13330,'libre',13330,3),(13331,'libre',13331,3),(13332,'libre',13332,3),(13333,'libre',13333,3),(13334,'libre',13334,3),(13335,'libre',13335,3),(13336,'deteriorado',13336,3),(13337,'libre',13337,3),(13338,'libre',13338,3),(13339,'libre',13339,3),(13340,'libre',13340,3),(13341,'libre',13341,3),(13342,'libre',13342,3),(13343,'deteriorado',13343,3),(13344,'libre',13344,3),(13345,'libre',13345,3),(13346,'deteriorado',13346,3),(13347,'libre',13347,3),(13348,'libre',13348,3),(13349,'libre',13349,3),(13350,'libre',13350,3),(13351,'libre',13351,3),(13352,'libre',13352,3),(13353,'libre',13353,3),(13354,'libre',13354,3),(13355,'libre',13355,3),(13356,'libre',13356,3),(13357,'libre',13357,3),(13358,'libre',13358,3),(13359,'libre',13359,3),(13360,'libre',13360,3),(13361,'libre',13361,3),(13362,'libre',13362,3),(13363,'libre',13363,3),(13364,'libre',13364,3),(13365,'libre',13365,3),(13366,'libre',13366,3),(13367,'libre',13367,3),(13368,'libre',13368,3),(13369,'libre',13369,3),(13370,'libre',13370,3),(13371,'libre',13371,3),(13372,'libre',13372,3),(13373,'libre',13373,3),(13374,'libre',13374,3),(13375,'libre',13375,3),(13376,'libre',13376,3),(13377,'libre',13377,3),(13378,'libre',13378,3),(13379,'libre',13379,3),(13380,'libre',13380,3),(13381,'libre',13381,3),(13382,'libre',13382,3),(13383,'libre',13383,3),(13384,'libre',13384,3),(13385,'libre',13385,3),(13386,'libre',13386,3),(13387,'libre',13387,3),(13388,'libre',13388,3),(13389,'libre',13389,3),(13390,'libre',13390,3),(13391,'deteriorado',13391,3),(13392,'libre',13392,3),(13393,'libre',13393,3),(13394,'libre',13394,3),(13395,'libre',13395,3),(13396,'libre',13396,3),(13397,'libre',13397,3),(13398,'libre',13398,3),(13399,'libre',13399,3),(13400,'libre',13400,3),(13401,'libre',13401,3),(13402,'libre',13402,3),(13403,'libre',13403,3),(13404,'libre',13404,3),(13405,'libre',13405,3),(13406,'libre',13406,3),(13407,'libre',13407,3),(13408,'libre',13408,3),(13409,'libre',13409,3),(13410,'libre',13410,3),(13411,'libre',13411,3),(13412,'libre',13412,3),(13413,'libre',13413,3),(13414,'libre',13414,3),(13415,'libre',13415,3),(13416,'libre',13416,3),(13417,'libre',13417,3),(13418,'libre',13418,3),(13419,'libre',13419,3),(13420,'libre',13420,3),(13421,'libre',13421,3),(13422,'libre',13422,3),(13423,'libre',13423,3),(13424,'deteriorado',13424,3),(13425,'libre',13425,3),(13426,'libre',13426,3),(13427,'libre',13427,3),(13428,'deteriorado',13428,3),(13429,'libre',13429,3),(13430,'libre',13430,3),(13431,'libre',13431,3),(13432,'libre',13432,3),(13433,'libre',13433,3),(13434,'libre',13434,3),(13435,'libre',13435,3),(13436,'libre',13436,3),(13437,'libre',13437,3),(13438,'libre',13438,3),(13439,'libre',13439,3),(13440,'libre',13440,3),(13441,'libre',13441,3),(13442,'libre',13442,3),(13443,'libre',13443,3),(13444,'libre',13444,3),(13445,'libre',13445,3),(13446,'libre',13446,3),(13447,'libre',13447,3),(13448,'libre',13448,3),(13449,'libre',13449,3),(13450,'libre',13450,3),(13451,'libre',13451,3),(13452,'libre',13452,3),(13453,'libre',13453,3),(13454,'libre',13454,3),(13455,'libre',13455,3),(13456,'libre',13456,3),(13457,'libre',13457,3),(13458,'libre',13458,3),(13459,'libre',13459,3),(13460,'libre',13460,3),(13461,'libre',13461,3),(13462,'libre',13462,3),(13463,'libre',13463,3),(13464,'libre',13464,3),(13465,'libre',13465,3),(13466,'libre',13466,3),(13467,'libre',13467,3),(13468,'libre',13468,3),(13469,'libre',13469,3),(13470,'libre',13470,3),(13471,'libre',13471,3),(13472,'libre',13472,3),(13473,'libre',13473,3),(13474,'libre',13474,3),(13475,'libre',13475,3),(13476,'libre',13476,3),(13477,'libre',13477,3),(13478,'deteriorado',13478,3),(13479,'libre',13479,3),(13480,'libre',13480,3),(13481,'libre',13481,3),(13482,'libre',13482,3),(13483,'libre',13483,3),(13484,'libre',13484,3),(13485,'libre',13485,3),(13486,'libre',13486,3),(13487,'libre',13487,3),(13488,'libre',13488,3),(13489,'libre',13489,3),(13490,'libre',13490,3),(13491,'libre',13491,3),(13492,'libre',13492,3),(13493,'libre',13493,3),(13494,'libre',13494,3),(13495,'deteriorado',13495,3),(13496,'libre',13496,3),(13497,'libre',13497,3),(13498,'libre',13498,3),(13499,'libre',13499,3),(13500,'libre',13500,3),(13501,'libre',13501,3),(13502,'libre',13502,3),(13503,'libre',13503,3),(13504,'libre',13504,3),(13505,'libre',13505,3),(13506,'libre',13506,3),(13507,'libre',13507,3),(13508,'libre',13508,3),(13509,'libre',13509,3),(13510,'libre',13510,3),(13511,'libre',13511,3),(13512,'libre',13512,3),(13513,'libre',13513,3),(13514,'libre',13514,3),(13515,'deteriorado',13515,3),(13516,'libre',13516,3),(13517,'libre',13517,3),(13518,'libre',13518,3),(13519,'libre',13519,3),(13520,'libre',13520,3),(13521,'libre',13521,3),(13522,'libre',13522,3),(13523,'deteriorado',13523,3),(13524,'libre',13524,3),(13525,'libre',13525,3),(13526,'libre',13526,3),(13527,'libre',13527,3),(13528,'libre',13528,3),(13529,'libre',13529,3),(13530,'libre',13530,3),(13531,'libre',13531,3),(13532,'libre',13532,3),(13533,'libre',13533,3),(13534,'libre',13534,3),(13535,'libre',13535,3),(13536,'libre',13536,3),(13537,'libre',13537,3),(13538,'libre',13538,3),(13539,'libre',13539,3),(13540,'libre',13540,3),(13541,'libre',13541,3),(13542,'libre',13542,3),(13543,'libre',13543,3),(13544,'libre',13544,3),(13545,'libre',13545,3),(13546,'libre',13546,3),(13547,'libre',13547,3),(13548,'libre',13548,3),(13549,'libre',13549,3),(13550,'libre',13550,3),(13551,'libre',13551,3),(13552,'libre',13552,3),(13553,'libre',13553,3),(13554,'libre',13554,3),(13555,'libre',13555,3),(13556,'libre',13556,3),(13557,'libre',13557,3),(13558,'libre',13558,3),(13559,'libre',13559,3),(13560,'libre',13560,3),(13561,'libre',13561,3),(13562,'libre',13562,3),(13563,'libre',13563,3),(13564,'libre',13564,3),(13565,'libre',13565,3),(13566,'libre',13566,3),(13567,'libre',13567,3),(13568,'libre',13568,3),(13569,'libre',13569,3),(13570,'libre',13570,3),(13571,'libre',13571,3),(13572,'libre',13572,3),(13573,'libre',13573,3),(13574,'libre',13574,3),(13575,'libre',13575,3),(13576,'libre',13576,3),(13577,'libre',13577,3),(13578,'libre',13578,3),(13579,'libre',13579,3),(13580,'libre',13580,3),(13581,'libre',13581,3),(13582,'libre',13582,3),(13583,'libre',13583,3),(13584,'libre',13584,3),(13585,'libre',13585,3),(13586,'deteriorado',13586,3),(13587,'libre',13587,3),(13588,'libre',13588,3),(13589,'libre',13589,3),(13590,'libre',13590,3),(13591,'libre',13591,3),(13592,'libre',13592,3),(13593,'libre',13593,3),(13594,'libre',13594,3),(13595,'libre',13595,3),(13596,'libre',13596,3),(13597,'libre',13597,3),(13598,'libre',13598,3),(13599,'libre',13599,3),(13600,'libre',13600,3),(13601,'libre',13601,3),(13602,'libre',13602,3),(13603,'libre',13603,3),(13604,'libre',13604,3),(13605,'libre',13605,3),(13606,'libre',13606,3),(13607,'libre',13607,3),(13608,'libre',13608,3),(13609,'libre',13609,3),(13610,'libre',13610,3),(13611,'libre',13611,3),(13612,'libre',13612,3),(13613,'libre',13613,3),(13614,'libre',13614,3),(13615,'libre',13615,3),(13616,'libre',13616,3),(13617,'libre',13617,3),(13618,'libre',13618,3),(13619,'libre',13619,3),(13620,'libre',13620,3),(13621,'libre',13621,3),(13622,'libre',13622,3),(13623,'libre',13623,3),(13624,'libre',13624,3),(13625,'deteriorado',13625,3),(13626,'libre',13626,3),(13627,'libre',13627,3),(13628,'libre',13628,3),(13629,'deteriorado',13629,3),(13630,'libre',13630,3),(13631,'libre',13631,3),(13632,'libre',13632,3),(13633,'libre',13633,3),(13634,'deteriorado',13634,3),(13635,'libre',13635,3),(13636,'libre',13636,3),(13637,'libre',13637,3),(13638,'deteriorado',13638,3),(13639,'libre',13639,3),(13640,'libre',13640,3),(13641,'libre',13641,3),(13642,'libre',13642,3),(13643,'libre',13643,3),(13644,'libre',13644,3),(13645,'libre',13645,3),(13646,'libre',13646,3),(13647,'libre',13647,3),(13648,'libre',13648,3),(13649,'libre',13649,3),(13650,'libre',13650,3),(13651,'libre',13651,3),(13652,'libre',13652,3),(13653,'libre',13653,3),(13654,'libre',13654,3),(13655,'libre',13655,3),(13656,'libre',13656,3),(13657,'libre',13657,3),(13658,'libre',13658,3);
/*!40000 ALTER TABLE `estado_localidad` ENABLE KEYS */;
UNLOCK TABLES;

--
-- Table structure for table `eventos`
--

DROP TABLE IF EXISTS `eventos`;
/*!40101 SET @saved_cs_client     = @@character_set_client */;
/*!40101 SET character_set_client = utf8 */;
CREATE TABLE `eventos` (
  `fecha` datetime NOT NULL,
  `estado` int(11) NOT NULL,
  `ID_evento` int(11) NOT NULL AUTO_INCREMENT,
  `FK_ID_Espectaculo` int(11) NOT NULL,
  `tiempo_anula_preReserva` int(11) NOT NULL,
  PRIMARY KEY (`ID_evento`),
  KEY `fk_Eventos_Espectáculos_idx` (`FK_ID_Espectaculo`),
  CONSTRAINT `fk_Eventos_Espectáculos` FOREIGN KEY (`FK_ID_Espectaculo`) REFERENCES `espectaculos` (`ID_Espectaculo`) ON DELETE CASCADE ON UPDATE CASCADE
) ENGINE=InnoDB AUTO_INCREMENT=8 DEFAULT CHARSET=latin1;
/*!40101 SET character_set_client = @saved_cs_client */;

--
-- Dumping data for table `eventos`
--

LOCK TABLES `eventos` WRITE;
/*!40000 ALTER TABLE `eventos` DISABLE KEYS */;
INSERT INTO `eventos` VALUES ('2016-01-01 00:00:00',1,1,1,0),('2015-05-06 22:00:00',1,2,6,1500),('2015-08-24 10:30:00',2,3,2,30),('2015-11-11 10:00:00',1,4,3,150),('2015-12-24 10:00:00',2,5,4,45),('2015-02-24 11:00:00',2,6,3,120),('2015-02-24 11:00:00',2,7,5,0);
/*!40000 ALTER TABLE `eventos` ENABLE KEYS */;
UNLOCK TABLES;

--
-- Table structure for table `gradas`
--

DROP TABLE IF EXISTS `gradas`;
/*!40101 SET @saved_cs_client     = @@character_set_client */;
/*!40101 SET character_set_client = utf8 */;
CREATE TABLE `gradas` (
  `ID_gradas` int(11) NOT NULL AUTO_INCREMENT,
  `FK_ID_Recinto` int(11) NOT NULL,
  `nombreGrada` varchar(45) NOT NULL,
  PRIMARY KEY (`ID_gradas`),
  KEY `fk_Gradas_Recintos1_idx` (`FK_ID_Recinto`),
  CONSTRAINT `fk_Gradas_Recintos1` FOREIGN KEY (`FK_ID_Recinto`) REFERENCES `recintos` (`ID_Recinto`) ON DELETE CASCADE ON UPDATE CASCADE
) ENGINE=InnoDB AUTO_INCREMENT=23 DEFAULT CHARSET=latin1;
/*!40101 SET character_set_client = @saved_cs_client */;

--
-- Dumping data for table `gradas`
--

LOCK TABLES `gradas` WRITE;
/*!40000 ALTER TABLE `gradas` DISABLE KEYS */;
INSERT INTO `gradas` VALUES (1,1,'Tribuna\r'),(2,1,'Palco de Honor\r'),(3,1,'Gol Norte\r'),(4,1,'Gol Sur\r'),(5,2,'lateral\r'),(6,2,'Tribuna\r'),(7,3,'Gol Norte\r'),(8,3,'Lateral Derecho Balcón\r'),(9,3,'Palco de Honor\r'),(11,1,'Lateral\r'),(12,4,'Balcones\r'),(13,4,'Patio\r'),(14,4,'Palco\r'),(15,3,'Palco\r'),(16,3,'Palco Presidencial\r'),(17,5,'Balcones\r'),(18,6,'Balcones\r'),(19,6,'Patio\r'),(21,5,'Palco\r'),(22,5,'General\r');
/*!40000 ALTER TABLE `gradas` ENABLE KEYS */;
UNLOCK TABLES;

--
-- Table structure for table `gradas_has_localidades`
--

DROP TABLE IF EXISTS `gradas_has_localidades`;
/*!40101 SET @saved_cs_client     = @@character_set_client */;
/*!40101 SET character_set_client = utf8 */;
CREATE TABLE `gradas_has_localidades` (
  `Gradas_ID_gradas` int(11) NOT NULL,
  `Localidades_ID_localidad` int(11) NOT NULL,
  PRIMARY KEY (`Gradas_ID_gradas`,`Localidades_ID_localidad`),
  KEY `fk_Gradas_has_Localidades_Localidades1_idx` (`Localidades_ID_localidad`),
  KEY `fk_Gradas_has_Localidades_Gradas1_idx` (`Gradas_ID_gradas`),
  CONSTRAINT `fk_Gradas_has_Localidades_Gradas1` FOREIGN KEY (`Gradas_ID_gradas`) REFERENCES `gradas` (`ID_gradas`) ON DELETE CASCADE ON UPDATE CASCADE,
  CONSTRAINT `fk_Gradas_has_Localidades_Localidades1` FOREIGN KEY (`Localidades_ID_localidad`) REFERENCES `localidades` (`ID_localidad`) ON DELETE CASCADE ON UPDATE CASCADE
) ENGINE=InnoDB DEFAULT CHARSET=latin1;
/*!40101 SET character_set_client = @saved_cs_client */;

--
-- Dumping data for table `gradas_has_localidades`
--

LOCK TABLES `gradas_has_localidades` WRITE;
/*!40000 ALTER TABLE `gradas_has_localidades` DISABLE KEYS */;
INSERT INTO `gradas_has_localidades` VALUES (1,1),(1,2),(1,3),(1,4),(1,5),(1,6),(1,7),(1,8),(1,9),(1,10),(1,11),(1,12),(1,13),(1,14),(1,15),(1,16),(1,17),(1,18),(1,19),(1,20),(1,21),(1,22),(1,23),(1,24),(1,25),(1,26),(1,27),(1,28),(1,29),(1,30),(1,31),(1,32),(1,33),(1,34),(1,35),(1,36),(1,37),(1,38),(1,39),(1,40),(1,41),(1,42),(1,43),(1,44),(1,45),(1,46),(1,47),(1,48),(1,49),(1,50),(1,51),(1,52),(1,53),(1,54),(1,55),(1,56),(1,57),(1,58),(1,59),(1,60),(1,61),(1,62),(1,63),(1,64),(1,65),(1,66),(1,67),(1,68),(1,69),(1,70),(1,71),(1,72),(1,73),(1,74),(1,75),(1,76),(1,77),(1,78),(1,79),(1,80),(1,81),(1,82),(1,83),(1,84),(1,85),(1,86),(1,87),(1,88),(1,89),(1,90),(1,91),(1,92),(1,93),(1,94),(1,95),(1,96),(1,97),(1,98),(1,99),(1,100),(2,101),(2,102),(2,103),(2,104),(2,105),(2,106),(2,107),(2,108),(2,109),(2,110),(2,111),(2,112),(2,113),(2,114),(2,115),(2,116),(2,117),(2,118),(2,119),(2,120),(2,121),(2,122),(2,123),(2,124),(2,125),(2,126),(2,127),(2,128),(2,129),(2,130),(2,131),(2,132),(2,133),(2,134),(2,135),(2,136),(2,137),(2,138),(2,139),(2,140),(2,141),(2,142),(2,143),(2,144),(2,145),(2,146),(2,147),(2,148),(2,149),(2,150),(2,151),(2,152),(2,153),(2,154),(2,155),(2,156),(2,157),(2,158),(2,159),(2,160),(2,161),(2,162),(2,163),(2,164),(2,165),(2,166),(2,167),(2,168),(2,169),(2,170),(2,171),(2,172),(2,173),(2,174),(2,175),(2,176),(2,177),(2,178),(2,179),(2,180),(2,181),(2,182),(2,183),(2,184),(2,185),(2,186),(2,187),(2,188),(2,189),(2,190),(2,191),(2,192),(2,193),(2,194),(2,195),(2,196),(2,197),(2,198),(2,199),(2,200),(3,201),(3,202),(3,203),(3,204),(3,205),(3,206),(3,207),(3,208),(3,209),(3,210),(3,211),(3,212),(3,213),(3,214),(3,215),(3,216),(3,217),(3,218),(3,219),(3,220),(3,221),(3,222),(3,223),(3,224),(3,225),(3,226),(3,227),(3,228),(3,229),(3,230),(3,231),(3,232),(3,233),(3,234),(3,235),(3,236),(3,237),(3,238),(3,239),(3,240),(3,241),(3,242),(3,243),(3,244),(3,245),(3,246),(3,247),(3,248),(3,249),(3,250),(4,251),(4,252),(4,253),(4,254),(4,255),(4,256),(4,257),(4,258),(4,259),(4,260),(4,261),(4,262),(4,263),(4,264),(4,265),(4,266),(4,267),(4,268),(4,269),(4,270),(4,271),(4,272),(4,273),(4,274),(4,275),(4,276),(4,277),(4,278),(4,279),(4,280),(4,281),(4,282),(4,283),(4,284),(4,285),(4,286),(4,287),(4,288),(4,289),(4,290),(4,291),(4,292),(4,293),(4,294),(4,295),(4,296),(4,297),(4,298),(4,299),(4,300),(4,301),(4,302),(4,303),(4,304),(4,305),(4,306),(4,307),(4,308),(4,309),(4,310),(4,311),(4,312),(4,313),(4,314),(4,315),(4,316),(4,317),(4,318),(4,319),(4,320),(4,321),(4,322),(4,323),(4,324),(4,325),(5,326),(5,327),(5,328),(5,329),(5,330),(5,331),(5,332),(5,333),(5,334),(5,335),(5,336),(5,337),(5,338),(5,339),(5,340),(5,341),(5,342),(5,343),(5,344),(5,345),(5,346),(5,347),(5,348),(5,349),(5,350),(5,351),(5,352),(5,353),(5,354),(5,355),(5,356),(5,357),(5,358),(5,359),(5,360),(5,361),(5,362),(5,363),(5,364),(5,365),(5,366),(5,367),(5,368),(5,369),(5,370),(5,371),(5,372),(5,373),(5,374),(5,375),(5,376),(5,377),(5,378),(5,379),(5,380),(5,381),(5,382),(5,383),(5,384),(5,385),(5,386),(5,387),(5,388),(5,389),(5,390),(5,391),(5,392),(5,393),(5,394),(5,395),(5,396),(5,397),(5,398),(5,399),(5,400),(5,401),(5,402),(5,403),(5,404),(5,405),(5,406),(5,407),(5,408),(5,409),(5,410),(5,411),(5,412),(5,413),(5,414),(5,415),(5,416),(5,417),(5,418),(5,419),(5,420),(5,421),(5,422),(5,423),(5,424),(5,425),(5,426),(5,427),(5,428),(5,429),(5,430),(5,431),(5,432),(5,433),(5,434),(5,435),(5,436),(5,437),(5,438),(5,439),(5,440),(5,441),(5,442),(5,443),(5,444),(5,445),(5,446),(5,447),(5,448),(5,449),(5,450),(5,451),(5,452),(5,453),(5,454),(5,455),(5,456),(5,457),(5,458),(5,459),(5,460),(5,461),(5,462),(5,463),(5,464),(5,465),(5,466),(5,467),(5,468),(5,469),(5,470),(5,471),(5,472),(5,473),(5,474),(5,475),(5,476),(5,477),(5,478),(5,479),(5,480),(5,481),(5,482),(5,483),(5,484),(5,485),(5,486),(5,487),(5,488),(5,489),(5,490),(5,491),(5,492),(5,493),(5,494),(5,495),(5,496),(5,497),(5,498),(5,499),(5,500),(5,501),(5,502),(5,503),(5,504),(5,505),(5,506),(5,507),(5,508),(5,509),(5,510),(5,511),(5,512),(5,513),(5,514),(5,515),(5,516),(5,517),(5,518),(5,519),(5,520),(5,521),(5,522),(5,523),(5,524),(5,525),(5,526),(5,527),(5,528),(5,529),(5,530),(5,531),(5,532),(5,533),(5,534),(5,535),(5,536),(5,537),(5,538),(5,539),(5,540),(5,541),(5,542),(5,543),(5,544),(5,545),(5,546),(5,547),(5,548),(5,549),(5,550),(6,551),(6,552),(6,553),(6,554),(6,555),(6,556),(6,557),(6,558),(6,559),(6,560),(6,561),(6,562),(6,563),(6,564),(6,565),(6,566),(6,567),(6,568),(6,569),(6,570),(6,571),(6,572),(6,573),(6,574),(6,575),(6,576),(6,577),(6,578),(6,579),(6,580),(6,581),(6,582),(6,583),(6,584),(6,585),(6,586),(6,587),(6,588),(6,589),(6,590),(6,591),(6,592),(6,593),(6,594),(6,595),(6,596),(6,597),(6,598),(6,599),(6,600),(6,601),(6,602),(6,603),(6,604),(6,605),(6,606),(6,607),(6,608),(6,609),(6,610),(6,611),(6,612),(6,613),(6,614),(6,615),(6,616),(6,617),(6,618),(6,619),(6,620),(6,621),(6,622),(6,623),(6,624),(6,625),(6,626),(6,627),(6,628),(6,629),(6,630),(6,631),(6,632),(6,633),(6,634),(6,635),(6,636),(6,637),(6,638),(6,639),(6,640),(6,641),(6,642),(6,643),(6,644),(6,645),(6,646),(6,647),(6,648),(6,649),(6,650),(6,651),(6,652),(6,653),(6,654),(6,655),(6,656),(6,657),(6,658),(6,659),(6,660),(6,661),(6,662),(6,663),(6,664),(6,665),(6,666),(6,667),(6,668),(6,669),(6,670),(6,671),(6,672),(6,673),(6,674),(6,675),(6,676),(6,677),(6,678),(6,679),(6,680),(6,681),(6,682),(6,683),(6,684),(6,685),(6,686),(6,687),(6,688),(6,689),(6,690),(6,691),(6,692),(6,693),(6,694),(6,695),(6,696),(6,697),(6,698),(6,699),(6,700),(6,701),(6,702),(6,703),(6,704),(6,705),(6,706),(6,707),(6,708),(6,709),(6,710),(6,711),(6,712),(6,713),(6,714),(6,715),(6,716),(6,717),(6,718),(6,719),(6,720),(6,721),(6,722),(6,723),(6,724),(6,725),(6,726),(6,727),(6,728),(6,729),(6,730),(6,731),(6,732),(6,733),(6,734),(6,735),(6,736),(6,737),(6,738),(6,739),(6,740),(6,741),(6,742),(6,743),(6,744),(6,745),(6,746),(6,747),(6,748),(6,749),(6,750),(6,751),(6,752),(6,753),(6,754),(6,755),(6,756),(6,757),(6,758),(6,759),(6,760),(6,761),(6,762),(6,763),(6,764),(6,765),(6,766),(6,767),(6,768),(6,769),(6,770),(6,771),(6,772),(6,773),(6,774),(6,775),(6,776),(6,777),(6,778),(6,779),(6,780),(6,781),(6,782),(6,783),(6,784),(6,785),(6,786),(6,787),(6,788),(6,789),(6,790),(6,791),(6,792),(6,793),(6,794),(6,795),(6,796),(6,797),(6,798),(6,799),(6,800),(6,801),(6,802),(6,803),(6,804),(6,805),(6,806),(6,807),(6,808),(6,809),(6,810),(6,811),(6,812),(6,813),(6,814),(6,815),(6,816),(6,817),(6,818),(6,819),(6,820),(6,821),(6,822),(6,823),(6,824),(6,825),(6,826),(6,827),(6,828),(6,829),(6,830),(6,831),(6,832),(6,833),(6,834),(6,835),(6,836),(6,837),(6,838),(6,839),(6,840),(6,841),(6,842),(6,843),(6,844),(6,845),(6,846),(6,847),(6,848),(6,849),(6,850),(6,851),(6,852),(6,853),(6,854),(6,855),(6,856),(6,857),(6,858),(6,859),(6,860),(6,861),(6,862),(6,863),(6,864),(6,865),(6,866),(6,867),(6,868),(6,869),(6,870),(6,871),(6,872),(6,873),(6,874),(6,875),(6,876),(6,877),(6,878),(6,879),(6,880),(6,881),(6,882),(6,883),(6,884),(6,885),(6,886),(6,887),(6,888),(6,889),(6,890),(6,891),(6,892),(6,893),(6,894),(6,895),(6,896),(6,897),(6,898),(6,899),(6,900),(6,901),(6,902),(6,903),(6,904),(6,905),(6,906),(6,907),(6,908),(6,909),(6,910),(6,911),(6,912),(6,913),(6,914),(6,915),(6,916),(6,917),(6,918),(6,919),(6,920),(6,921),(6,922),(6,923),(6,924),(6,925),(6,926),(6,927),(6,928),(6,929),(6,930),(6,931),(6,932),(6,933),(6,934),(6,935),(6,936),(6,937),(6,938),(6,939),(6,940),(6,941),(6,942),(6,943),(6,944),(6,945),(6,946),(6,947),(6,948),(6,949),(6,950),(6,951),(6,952),(6,953),(6,954),(6,955),(6,956),(6,957),(6,958),(6,959),(6,960),(6,961),(6,962),(6,963),(6,964),(6,965),(6,966),(6,967),(6,968),(6,969),(6,970),(6,971),(6,972),(6,973),(6,974),(6,975),(6,976),(6,977),(6,978),(6,979),(6,980),(6,981),(6,982),(6,983),(6,984),(6,985),(6,986),(6,987),(6,988),(6,989),(6,990),(6,991),(6,992),(6,993),(6,994),(6,995),(6,996),(6,997),(6,998),(6,999),(6,1000),(6,1001),(6,1002),(6,1003),(6,1004),(6,1005),(6,1006),(6,1007),(6,1008),(6,1009),(6,1010),(6,1011),(6,1012),(6,1013),(6,1014),(6,1015),(6,1016),(6,1017),(6,1018),(6,1019),(6,1020),(6,1021),(6,1022),(6,1023),(6,1024),(6,1025),(6,1026),(6,1027),(6,1028),(6,1029),(6,1030),(6,1031),(6,1032),(6,1033),(6,1034),(6,1035),(6,1036),(6,1037),(6,1038),(6,1039),(6,1040),(6,1041),(6,1042),(6,1043),(6,1044),(6,1045),(6,1046),(6,1047),(6,1048),(6,1049),(6,1050),(6,1051),(6,1052),(6,1053),(6,1054),(6,1055),(6,1056),(6,1057),(6,1058),(6,1059),(6,1060),(6,1061),(6,1062),(6,1063),(6,1064),(6,1065),(6,1066),(6,1067),(6,1068),(6,1069),(6,1070),(6,1071),(6,1072),(6,1073),(6,1074),(6,1075),(6,1076),(6,1077),(6,1078),(6,1079),(6,1080),(6,1081),(6,1082),(6,1083),(6,1084),(6,1085),(6,1086),(6,1087),(6,1088),(6,1089),(6,1090),(6,1091),(6,1092),(6,1093),(6,1094),(6,1095),(6,1096),(6,1097),(6,1098),(6,1099),(6,1100),(6,1101),(6,1102),(6,1103),(6,1104),(6,1105),(6,1106),(6,1107),(6,1108),(6,1109),(6,1110),(6,1111),(6,1112),(6,1113),(6,1114),(6,1115),(6,1116),(6,1117),(6,1118),(6,1119),(6,1120),(6,1121),(6,1122),(6,1123),(6,1124),(6,1125),(6,1126),(6,1127),(6,1128),(6,1129),(6,1130),(6,1131),(6,1132),(6,1133),(6,1134),(6,1135),(6,1136),(6,1137),(6,1138),(6,1139),(6,1140),(6,1141),(6,1142),(6,1143),(6,1144),(6,1145),(6,1146),(6,1147),(6,1148),(6,1149),(6,1150),(6,1151),(6,1152),(6,1153),(6,1154),(6,1155),(6,1156),(6,1157),(6,1158),(6,1159),(6,1160),(6,1161),(6,1162),(6,1163),(6,1164),(6,1165),(6,1166),(6,1167),(6,1168),(6,1169),(6,1170),(6,1171),(6,1172),(6,1173),(6,1174),(6,1175),(6,1176),(6,1177),(6,1178),(6,1179),(6,1180),(6,1181),(6,1182),(6,1183),(6,1184),(6,1185),(6,1186),(6,1187),(6,1188),(6,1189),(6,1190),(6,1191),(6,1192),(6,1193),(6,1194),(6,1195),(6,1196),(6,1197),(6,1198),(6,1199),(6,1200),(6,1201),(6,1202),(6,1203),(6,1204),(6,1205),(6,1206),(6,1207),(6,1208),(6,1209),(6,1210),(6,1211),(6,1212),(6,1213),(6,1214),(6,1215),(6,1216),(6,1217),(6,1218),(6,1219),(6,1220),(6,1221),(6,1222),(6,1223),(6,1224),(6,1225),(6,1226),(6,1227),(6,1228),(6,1229),(6,1230),(6,1231),(6,1232),(6,1233),(6,1234),(6,1235),(6,1236),(6,1237),(6,1238),(6,1239),(6,1240),(6,1241),(6,1242),(6,1243),(6,1244),(6,1245),(6,1246),(6,1247),(6,1248),(6,1249),(6,1250),(6,1251),(6,1252),(6,1253),(6,1254),(6,1255),(6,1256),(6,1257),(6,1258),(6,1259),(6,1260),(6,1261),(6,1262),(6,1263),(6,1264),(6,1265),(6,1266),(6,1267),(6,1268),(6,1269),(6,1270),(6,1271),(6,1272),(6,1273),(6,1274),(6,1275),(6,1276),(6,1277),(6,1278),(6,1279),(6,1280),(6,1281),(6,1282),(6,1283),(6,1284),(6,1285),(6,1286),(6,1287),(6,1288),(6,1289),(6,1290),(6,1291),(6,1292),(6,1293),(6,1294),(6,1295),(6,1296),(6,1297),(6,1298),(6,1299),(6,1300),(6,1301),(6,1302),(6,1303),(6,1304),(6,1305),(6,1306),(6,1307),(6,1308),(6,1309),(6,1310),(6,1311),(6,1312),(6,1313),(6,1314),(6,1315),(6,1316),(6,1317),(6,1318),(6,1319),(6,1320),(6,1321),(6,1322),(6,1323),(6,1324),(6,1325),(6,1326),(6,1327),(6,1328),(6,1329),(6,1330),(6,1331),(6,1332),(6,1333),(6,1334),(6,1335),(6,1336),(6,1337),(6,1338),(6,1339),(6,1340),(6,1341),(6,1342),(6,1343),(6,1344),(6,1345),(6,1346),(6,1347),(6,1348),(6,1349),(6,1350),(6,1351),(6,1352),(6,1353),(6,1354),(6,1355),(6,1356),(6,1357),(6,1358),(6,1359),(6,1360),(6,1361),(6,1362),(6,1363),(6,1364),(6,1365),(6,1366),(6,1367),(6,1368),(6,1369),(6,1370),(6,1371),(6,1372),(6,1373),(6,1374),(6,1375),(6,1376),(6,1377),(6,1378),(6,1379),(6,1380),(6,1381),(6,1382),(6,1383),(6,1384),(6,1385),(6,1386),(6,1387),(6,1388),(6,1389),(6,1390),(6,1391),(6,1392),(6,1393),(6,1394),(6,1395),(6,1396),(6,1397),(6,1398),(6,1399),(6,1400),(6,1401),(6,1402),(6,1403),(6,1404),(6,1405),(6,1406),(6,1407),(6,1408),(6,1409),(6,1410),(6,1411),(6,1412),(6,1413),(6,1414),(6,1415),(6,1416),(6,1417),(6,1418),(6,1419),(6,1420),(6,1421),(6,1422),(6,1423),(6,1424),(6,1425),(6,1426),(6,1427),(6,1428),(6,1429),(6,1430),(6,1431),(6,1432),(6,1433),(6,1434),(6,1435),(6,1436),(6,1437),(6,1438),(6,1439),(6,1440),(6,1441),(6,1442),(6,1443),(6,1444),(6,1445),(6,1446),(6,1447),(6,1448),(6,1449),(6,1450),(6,1451),(6,1452),(6,1453),(6,1454),(6,1455),(6,1456),(6,1457),(6,1458),(6,1459),(6,1460),(6,1461),(6,1462),(6,1463),(6,1464),(6,1465),(6,1466),(6,1467),(6,1468),(6,1469),(6,1470),(6,1471),(6,1472),(6,1473),(6,1474),(6,1475),(6,1476),(6,1477),(6,1478),(6,1479),(6,1480),(6,1481),(6,1482),(6,1483),(6,1484),(6,1485),(6,1486),(6,1487),(6,1488),(6,1489),(6,1490),(6,1491),(6,1492),(6,1493),(6,1494),(6,1495),(6,1496),(6,1497),(6,1498),(6,1499),(6,1500),(7,1501),(7,1502),(7,1503),(7,1504),(7,1505),(7,1506),(7,1507),(7,1508),(7,1509),(7,1510),(7,1511),(7,1512),(7,1513),(7,1514),(7,1515),(7,1516),(7,1517),(7,1518),(7,1519),(7,1520),(7,1521),(7,1522),(7,1523),(7,1524),(7,1525),(7,1526),(7,1527),(7,1528),(7,1529),(7,1530),(7,1531),(7,1532),(7,1533),(7,1534),(7,1535),(7,1536),(7,1537),(7,1538),(7,1539),(7,1540),(7,1541),(7,1542),(7,1543),(7,1544),(7,1545),(7,1546),(7,1547),(7,1548),(7,1549),(7,1550),(7,1551),(7,1552),(7,1553),(7,1554),(7,1555),(7,1556),(7,1557),(7,1558),(7,1559),(7,1560),(7,1561),(7,1562),(7,1563),(7,1564),(7,1565),(7,1566),(7,1567),(7,1568),(7,1569),(7,1570),(7,1571),(7,1572),(7,1573),(7,1574),(7,1575),(7,1576),(7,1577),(7,1578),(7,1579),(7,1580),(7,1581),(7,1582),(7,1583),(7,1584),(7,1585),(7,1586),(7,1587),(7,1588),(7,1589),(7,1590),(7,1591),(7,1592),(7,1593),(7,1594),(7,1595),(7,1596),(7,1597),(7,1598),(7,1599),(7,1600),(7,1601),(7,1602),(7,1603),(7,1604),(7,1605),(7,1606),(7,1607),(7,1608),(7,1609),(7,1610),(7,1611),(7,1612),(7,1613),(7,1614),(7,1615),(7,1616),(7,1617),(7,1618),(7,1619),(7,1620),(7,1621),(7,1622),(7,1623),(7,1624),(7,1625),(7,1626),(7,1627),(7,1628),(7,1629),(7,1630),(7,1631),(7,1632),(7,1633),(7,1634),(7,1635),(7,1636),(7,1637),(7,1638),(7,1639),(7,1640),(7,1641),(7,1642),(7,1643),(7,1644),(7,1645),(7,1646),(7,1647),(7,1648),(7,1649),(7,1650),(7,1651),(7,1652),(7,1653),(7,1654),(7,1655),(7,1656),(7,1657),(7,1658),(7,1659),(7,1660),(7,1661),(7,1662),(7,1663),(7,1664),(7,1665),(7,1666),(7,1667),(7,1668),(7,1669),(7,1670),(7,1671),(7,1672),(7,1673),(7,1674),(7,1675),(7,1676),(7,1677),(7,1678),(7,1679),(7,1680),(7,1681),(7,1682),(7,1683),(7,1684),(7,1685),(7,1686),(7,1687),(7,1688),(7,1689),(7,1690),(7,1691),(7,1692),(7,1693),(7,1694),(7,1695),(7,1696),(7,1697),(7,1698),(7,1699),(7,1700),(7,1701),(7,1702),(7,1703),(7,1704),(7,1705),(7,1706),(7,1707),(7,1708),(7,1709),(7,1710),(7,1711),(7,1712),(7,1713),(7,1714),(7,1715),(7,1716),(7,1717),(7,1718),(7,1719),(7,1720),(7,1721),(7,1722),(7,1723),(7,1724),(7,1725),(7,1726),(7,1727),(7,1728),(7,1729),(7,1730),(7,1731),(7,1732),(7,1733),(7,1734),(7,1735),(7,1736),(7,1737),(7,1738),(7,1739),(7,1740),(7,1741),(7,1742),(7,1743),(7,1744),(7,1745),(7,1746),(7,1747),(7,1748),(7,1749),(7,1750),(7,1751),(7,1752),(7,1753),(7,1754),(7,1755),(7,1756),(7,1757),(7,1758),(7,1759),(7,1760),(7,1761),(7,1762),(7,1763),(7,1764),(7,1765),(7,1766),(7,1767),(7,1768),(7,1769),(7,1770),(7,1771),(7,1772),(7,1773),(7,1774),(7,1775),(7,1776),(7,1777),(7,1778),(7,1779),(7,1780),(7,1781),(7,1782),(7,1783),(7,1784),(7,1785),(7,1786),(7,1787),(7,1788),(7,1789),(7,1790),(7,1791),(7,1792),(7,1793),(7,1794),(7,1795),(7,1796),(7,1797),(7,1798),(7,1799),(7,1800),(7,1801),(7,1802),(7,1803),(7,1804),(7,1805),(7,1806),(7,1807),(7,1808),(7,1809),(7,1810),(7,1811),(7,1812),(7,1813),(7,1814),(7,1815),(7,1816),(7,1817),(7,1818),(7,1819),(7,1820),(7,1821),(7,1822),(7,1823),(7,1824),(7,1825),(7,1826),(7,1827),(7,1828),(7,1829),(7,1830),(7,1831),(7,1832),(7,1833),(7,1834),(7,1835),(7,1836),(7,1837),(7,1838),(7,1839),(7,1840),(7,1841),(7,1842),(7,1843),(7,1844),(7,1845),(7,1846),(7,1847),(7,1848),(7,1849),(7,1850),(7,1851),(7,1852),(7,1853),(7,1854),(7,1855),(7,1856),(7,1857),(7,1858),(7,1859),(7,1860),(7,1861),(7,1862),(7,1863),(7,1864),(7,1865),(7,1866),(7,1867),(7,1868),(7,1869),(7,1870),(7,1871),(7,1872),(7,1873),(7,1874),(7,1875),(7,1876),(7,1877),(7,1878),(7,1879),(7,1880),(7,1881),(7,1882),(7,1883),(7,1884),(7,1885),(7,1886),(7,1887),(7,1888),(7,1889),(7,1890),(7,1891),(7,1892),(7,1893),(7,1894),(7,1895),(7,1896),(7,1897),(7,1898),(7,1899),(7,1900),(7,1901),(7,1902),(7,1903),(7,1904),(7,1905),(7,1906),(7,1907),(7,1908),(7,1909),(7,1910),(7,1911),(7,1912),(7,1913),(7,1914),(7,1915),(7,1916),(7,1917),(7,1918),(7,1919),(7,1920),(7,1921),(7,1922),(7,1923),(7,1924),(7,1925),(7,1926),(7,1927),(7,1928),(7,1929),(7,1930),(7,1931),(7,1932),(7,1933),(7,1934),(7,1935),(7,1936),(7,1937),(7,1938),(7,1939),(7,1940),(7,1941),(7,1942),(7,1943),(7,1944),(7,1945),(7,1946),(7,1947),(7,1948),(7,1949),(7,1950),(7,1951),(7,1952),(7,1953),(7,1954),(7,1955),(7,1956),(7,1957),(7,1958),(7,1959),(7,1960),(7,1961),(7,1962),(7,1963),(7,1964),(7,1965),(7,1966),(7,1967),(7,1968),(7,1969),(7,1970),(7,1971),(7,1972),(7,1973),(7,1974),(7,1975),(7,1976),(7,1977),(7,1978),(7,1979),(7,1980),(7,1981),(7,1982),(7,1983),(7,1984),(7,1985),(7,1986),(7,1987),(7,1988),(7,1989),(7,1990),(7,1991),(7,1992),(7,1993),(7,1994),(7,1995),(7,1996),(7,1997),(7,1998),(7,1999),(7,2000),(8,2001),(8,2002),(8,2003),(8,2004),(8,2005),(8,2006),(8,2007),(8,2008),(8,2009),(8,2010),(8,2011),(8,2012),(8,2013),(8,2014),(8,2015),(8,2016),(8,2017),(8,2018),(8,2019),(8,2020),(8,2021),(8,2022),(8,2023),(8,2024),(8,2025),(8,2026),(8,2027),(8,2028),(8,2029),(8,2030),(8,2031),(8,2032),(8,2033),(8,2034),(8,2035),(8,2036),(8,2037),(8,2038),(8,2039),(8,2040),(8,2041),(8,2042),(8,2043),(8,2044),(8,2045),(8,2046),(8,2047),(8,2048),(8,2049),(8,2050),(8,2051),(8,2052),(8,2053),(8,2054),(8,2055),(8,2056),(8,2057),(8,2058),(8,2059),(8,2060),(8,2061),(8,2062),(8,2063),(8,2064),(8,2065),(8,2066),(8,2067),(8,2068),(8,2069),(8,2070),(8,2071),(8,2072),(8,2073),(8,2074),(8,2075),(8,2076),(8,2077),(8,2078),(8,2079),(8,2080),(8,2081),(8,2082),(8,2083),(8,2084),(8,2085),(8,2086),(8,2087),(8,2088),(8,2089),(8,2090),(8,2091),(8,2092),(8,2093),(8,2094),(8,2095),(8,2096),(8,2097),(8,2098),(8,2099),(8,2100),(8,2101),(8,2102),(8,2103),(8,2104),(8,2105),(8,2106),(8,2107),(8,2108),(8,2109),(8,2110),(8,2111),(8,2112),(8,2113),(8,2114),(8,2115),(8,2116),(8,2117),(8,2118),(8,2119),(8,2120),(8,2121),(8,2122),(8,2123),(8,2124),(8,2125),(8,2126),(8,2127),(8,2128),(8,2129),(8,2130),(8,2131),(8,2132),(8,2133),(8,2134),(8,2135),(8,2136),(8,2137),(8,2138),(8,2139),(8,2140),(8,2141),(8,2142),(8,2143),(8,2144),(8,2145),(8,2146),(8,2147),(8,2148),(8,2149),(8,2150),(8,2151),(8,2152),(8,2153),(8,2154),(8,2155),(8,2156),(8,2157),(8,2158),(8,2159),(8,2160),(8,2161),(8,2162),(8,2163),(8,2164),(8,2165),(8,2166),(8,2167),(8,2168),(8,2169),(8,2170),(8,2171),(8,2172),(8,2173),(8,2174),(8,2175),(8,2176),(8,2177),(8,2178),(8,2179),(8,2180),(8,2181),(8,2182),(8,2183),(8,2184),(8,2185),(8,2186),(8,2187),(8,2188),(8,2189),(8,2190),(8,2191),(8,2192),(8,2193),(8,2194),(8,2195),(8,2196),(8,2197),(8,2198),(8,2199),(8,2200),(9,2201),(9,2202),(9,2203),(9,2204),(9,2205),(9,2206),(9,2207),(9,2208),(9,2209),(9,2210),(9,2211),(9,2212),(9,2213),(9,2214),(9,2215),(9,2216),(9,2217),(9,2218),(9,2219),(9,2220),(9,2221),(9,2222),(9,2223),(9,2224),(9,2225),(9,2226),(9,2227),(9,2228),(9,2229),(9,2230),(9,2231),(9,2232),(9,2233),(9,2234),(9,2235),(9,2236),(9,2237),(9,2238),(9,2239),(9,2240),(9,2241),(9,2242),(9,2243),(9,2244),(9,2245),(9,2246),(9,2247),(9,2248),(9,2249),(9,2250),(9,2251),(9,2252),(9,2253),(9,2254),(9,2255),(9,2256),(9,2257),(9,2258),(9,2259),(9,2260),(9,2261),(9,2262),(9,2263),(9,2264),(9,2265),(9,2266),(9,2267),(9,2268),(9,2269),(9,2270),(9,2271),(9,2272),(9,2273),(9,2274),(9,2275),(9,2276),(9,2277),(9,2278),(9,2279),(9,2280),(9,2281),(9,2282),(9,2283),(9,2284),(9,2285),(9,2286),(9,2287),(9,2288),(9,2289),(9,2290),(9,2291),(9,2292),(9,2293),(9,2294),(9,2295),(9,2296),(9,2297),(9,2298),(9,2299),(9,2300),(9,2301),(9,2302),(9,2303),(9,2304),(9,2305),(9,2306),(9,2307),(9,2308),(9,2309),(9,2310),(9,2311),(9,2312),(9,2313),(9,2314),(9,2315),(9,2316),(9,2317),(9,2318),(9,2319),(9,2320),(9,2321),(9,2322),(9,2323),(9,2324),(9,2325),(9,2326),(9,2327),(9,2328),(9,2329),(9,2330),(9,2331),(9,2332),(9,2333),(9,2334),(9,2335),(9,2336),(9,2337),(9,2338),(9,2339),(9,2340),(9,2341),(9,2342),(9,2343),(9,2344),(9,2345),(9,2346),(9,2347),(9,2348),(9,2349),(9,2350),(9,2351),(9,2352),(9,2353),(9,2354),(9,2355),(9,2356),(9,2357),(9,2358),(9,2359),(9,2360),(9,2361),(9,2362),(9,2363),(9,2364),(9,2365),(9,2366),(9,2367),(9,2368),(9,2369),(9,2370),(9,2371),(9,2372),(9,2373),(9,2374),(9,2375),(9,2376),(9,2377),(9,2378),(9,2379),(9,2380),(9,2381),(9,2382),(9,2383),(9,2384),(9,2385),(9,2386),(9,2387),(9,2388),(9,2389),(9,2390),(9,2391),(9,2392),(9,2393),(9,2394),(9,2395),(9,2396),(9,2397),(9,2398),(9,2399),(9,2400),(9,2401),(9,2402),(9,2403),(9,2404),(9,2405),(9,2406),(9,2407),(9,2408),(9,2409),(9,2410),(9,2411),(9,2412),(9,2413),(9,2414),(9,2415),(9,2416),(9,2417),(9,2418),(9,2419),(9,2420),(9,2421),(9,2422),(9,2423),(9,2424),(9,2425),(11,2731),(11,2732),(11,2733),(11,2734),(11,2735),(11,2736),(11,2737),(11,2738),(11,2739),(11,2740),(11,2741),(11,2742),(11,2743),(11,2744),(11,2745),(11,2746),(11,2747),(11,2748),(11,2749),(11,2750),(11,2751),(11,2752),(11,2753),(11,2754),(11,2755),(11,2756),(11,2757),(11,2758),(11,2759),(11,2760),(11,2761),(11,2762),(11,2763),(11,2764),(11,2765),(11,2766),(11,2767),(11,2768),(11,2769),(11,2770),(11,2771),(11,2772),(11,2773),(11,2774),(11,2775),(11,2776),(11,2777),(11,2778),(11,2779),(11,2780),(11,2781),(11,2782),(11,2783),(11,2784),(11,2785),(11,2786),(11,2787),(11,2788),(11,2789),(11,2790),(11,2791),(11,2792),(11,2793),(11,2794),(11,2795),(11,2796),(11,2797),(11,2798),(11,2799),(11,2800),(11,2801),(11,2802),(11,2803),(11,2804),(11,2805),(11,2806),(11,2807),(11,2808),(11,2809),(11,2810),(11,2811),(11,2812),(11,2813),(11,2814),(11,2815),(11,2816),(11,2817),(11,2818),(11,2819),(11,2820),(11,2821),(11,2822),(11,2823),(11,2824),(11,2825),(11,2826),(11,2827),(11,2828),(11,2829),(11,2830),(11,2831),(11,2832),(11,2833),(11,2834),(11,2835),(11,2836),(11,2837),(11,2838),(11,2839),(11,2840),(11,2841),(11,2842),(11,2843),(11,2844),(11,2845),(11,2846),(11,2847),(11,2848),(11,2849),(11,2850),(11,2851),(11,2852),(11,2853),(11,2854),(11,2855),(11,2856),(11,2857),(11,2858),(11,2859),(11,2860),(11,2861),(11,2862),(11,2863),(11,2864),(11,2865),(11,2866),(11,2867),(11,2868),(11,2869),(11,2870),(11,2871),(11,2872),(11,2873),(11,2874),(11,2875),(11,2876),(11,2877),(11,2878),(11,2879),(11,2880),(11,2881),(11,2882),(11,2883),(11,2884),(11,2885),(11,2886),(11,2887),(11,2888),(11,2889),(11,2890),(11,2891),(11,2892),(11,2893),(11,2894),(11,2895),(11,2896),(11,2897),(11,2898),(11,2899),(11,2900),(11,2901),(11,2902),(11,2903),(11,2904),(11,2905),(11,2906),(11,2907),(11,2908),(11,2909),(11,2910),(11,2911),(11,2912),(11,2913),(11,2914),(11,2915),(11,2916),(11,2917),(11,2918),(11,2919),(11,2920),(11,2921),(11,2922),(11,2923),(11,2924),(11,2925),(11,2926),(11,2927),(11,2928),(11,2929),(11,2930),(11,2931),(11,2932),(11,2933),(11,2934),(11,2935),(11,2936),(11,2937),(11,2938),(11,2939),(11,2940),(11,2941),(11,2942),(11,2943),(11,2944),(11,2945),(11,2946),(11,2947),(11,2948),(11,2949),(11,2950),(11,2951),(11,2952),(11,2953),(11,2954),(11,2955),(11,2956),(11,2957),(11,2958),(11,2959),(11,2960),(11,2961),(11,2962),(11,2963),(11,2964),(11,2965),(11,2966),(11,2967),(11,2968),(11,2969),(11,2970),(11,2971),(11,2972),(11,2973),(11,2974),(11,2975),(11,2976),(11,2977),(11,2978),(11,2979),(11,2980),(11,2981),(11,2982),(11,2983),(11,2984),(11,2985),(11,2986),(11,2987),(11,2988),(11,2989),(11,2990),(11,2991),(11,2992),(11,2993),(11,2994),(11,2995),(11,2996),(11,2997),(11,2998),(11,2999),(11,3000),(11,3001),(11,3002),(11,3003),(11,3004),(11,3005),(11,3006),(11,3007),(11,3008),(11,3009),(11,3010),(11,3011),(11,3012),(11,3013),(11,3014),(11,3015),(11,3016),(11,3017),(11,3018),(11,3019),(11,3020),(11,3021),(11,3022),(11,3023),(11,3024),(11,3025),(11,3026),(11,3027),(11,3028),(11,3029),(11,3030),(11,3031),(11,3032),(11,3033),(11,3034),(11,3035),(11,3036),(11,3037),(11,3038),(11,3039),(11,3040),(11,3041),(11,3042),(11,3043),(11,3044),(11,3045),(11,3046),(11,3047),(11,3048),(11,3049),(11,3050),(11,3051),(11,3052),(11,3053),(11,3054),(11,3055),(11,3056),(11,3057),(11,3058),(11,3059),(11,3060),(11,3061),(11,3062),(11,3063),(11,3064),(11,3065),(11,3066),(11,3067),(11,3068),(11,3069),(11,3070),(11,3071),(11,3072),(11,3073),(11,3074),(11,3075),(11,3076),(11,3077),(11,3078),(11,3079),(11,3080),(11,3081),(11,3082),(11,3083),(11,3084),(11,3085),(11,3086),(11,3087),(11,3088),(11,3089),(11,3090),(11,3091),(11,3092),(11,3093),(11,3094),(11,3095),(11,3096),(11,3097),(11,3098),(11,3099),(11,3100),(11,3101),(11,3102),(11,3103),(11,3104),(11,3105),(11,3106),(11,3107),(11,3108),(11,3109),(11,3110),(11,3111),(11,3112),(11,3113),(11,3114),(11,3115),(11,3116),(11,3117),(11,3118),(11,3119),(11,3120),(11,3121),(11,3122),(11,3123),(11,3124),(11,3125),(11,3126),(11,3127),(11,3128),(11,3129),(11,3130),(11,3131),(11,3132),(11,3133),(11,3134),(11,3135),(11,3136),(11,3137),(11,3138),(11,3139),(11,3140),(11,3141),(11,3142),(11,3143),(11,3144),(11,3145),(11,3146),(11,3147),(11,3148),(11,3149),(11,3150),(11,3151),(11,3152),(11,3153),(11,3154),(11,3155),(11,3156),(11,3157),(11,3158),(11,3159),(11,3160),(11,3161),(11,3162),(11,3163),(11,3164),(11,3165),(11,3166),(11,3167),(11,3168),(11,3169),(11,3170),(11,3171),(11,3172),(11,3173),(11,3174),(11,3175),(11,3176),(11,3177),(11,3178),(11,3179),(11,3180),(11,3181),(11,3182),(11,3183),(11,3184),(11,3185),(11,3186),(11,3187),(11,3188),(11,3189),(11,3190),(11,3191),(11,3192),(11,3193),(11,3194),(11,3195),(11,3196),(11,3197),(11,3198),(11,3199),(11,3200),(11,3201),(11,3202),(11,3203),(11,3204),(11,3205),(11,3206),(11,3207),(11,3208),(11,3209),(11,3210),(11,3211),(11,3212),(11,3213),(11,3214),(11,3215),(11,3216),(11,3217),(11,3218),(11,3219),(11,3220),(11,3221),(11,3222),(11,3223),(11,3224),(11,3225),(11,3226),(11,3227),(11,3228),(11,3229),(11,3230),(11,3231),(11,3232),(11,3233),(11,3234),(11,3235),(11,3236),(11,3237),(11,3238),(11,3239),(11,3240),(11,3241),(11,3242),(11,3243),(11,3244),(11,3245),(11,3246),(11,3247),(11,3248),(11,3249),(11,3250),(11,3251),(11,3252),(11,3253),(11,3254),(11,3255),(11,3256),(11,3257),(11,3258),(11,3259),(11,3260),(11,3261),(11,3262),(11,3263),(11,3264),(11,3265),(11,3266),(11,3267),(11,3268),(11,3269),(11,3270),(11,3271),(11,3272),(11,3273),(11,3274),(11,3275),(11,3276),(11,3277),(11,3278),(11,3279),(11,3280),(11,3281),(11,3282),(11,3283),(11,3284),(11,3285),(11,3286),(11,3287),(11,3288),(11,3289),(11,3290),(11,3291),(11,3292),(11,3293),(11,3294),(11,3295),(11,3296),(11,3297),(11,3298),(11,3299),(11,3300),(11,3301),(11,3302),(11,3303),(11,3304),(11,3305),(11,3306),(11,3307),(11,3308),(11,3309),(11,3310),(11,3311),(11,3312),(11,3313),(11,3314),(11,3315),(11,3316),(11,3317),(11,3318),(11,3319),(11,3320),(11,3321),(11,3322),(11,3323),(11,3324),(11,3325),(11,3326),(11,3327),(11,3328),(11,3329),(11,3330),(11,3331),(11,3332),(11,3333),(11,3334),(11,3335),(11,3336),(11,3337),(11,3338),(11,3339),(11,3340),(11,3341),(11,3342),(11,3343),(11,3344),(11,3345),(11,3346),(11,3347),(11,3348),(11,3349),(11,3350),(11,3351),(11,3352),(11,3353),(11,3354),(11,3355),(11,3356),(11,3357),(11,3358),(11,3359),(11,3360),(11,3361),(11,3362),(11,3363),(11,3364),(12,3365),(12,3366),(12,3367),(12,3368),(12,3369),(12,3370),(12,3371),(12,3372),(12,3373),(12,3374),(12,3375),(12,3376),(12,3377),(12,3378),(12,3379),(12,3380),(12,3381),(12,3382),(12,3383),(12,3384),(12,3385),(12,3386),(12,3387),(12,3388),(12,3389),(12,3390),(12,3391),(12,3392),(12,3393),(12,3394),(12,3395),(12,3396),(12,3397),(12,3398),(12,3399),(12,3400),(12,3401),(12,3402),(12,3403),(12,3404),(12,3405),(12,3406),(12,3407),(12,3408),(12,3409),(12,3410),(12,3411),(12,3412),(12,3413),(12,3414),(12,3415),(12,3416),(12,3417),(12,3418),(12,3419),(12,3420),(12,3421),(12,3422),(12,3423),(12,3424),(12,3425),(12,3426),(12,3427),(12,3428),(12,3429),(12,3430),(12,3431),(12,3432),(12,3433),(12,3434),(12,3435),(12,3436),(12,3437),(12,3438),(12,3439),(12,3440),(12,3441),(12,3442),(12,3443),(12,3444),(12,3445),(12,3446),(12,3447),(12,3448),(12,3449),(12,3450),(12,3451),(12,3452),(12,3453),(12,3454),(12,3455),(12,3456),(12,3457),(12,3458),(12,3459),(12,3460),(12,3461),(12,3462),(12,3463),(12,3464),(12,3465),(12,3466),(12,3467),(12,3468),(12,3469),(12,3470),(12,3471),(12,3472),(12,3473),(12,3474),(12,3475),(12,3476),(12,3477),(12,3478),(12,3479),(12,3480),(12,3481),(12,3482),(12,3483),(12,3484),(12,3485),(12,3486),(12,3487),(12,3488),(12,3489),(12,3490),(12,3491),(12,3492),(12,3493),(12,3494),(12,3495),(12,3496),(12,3497),(12,3498),(12,3499),(12,3500),(12,3501),(12,3502),(12,3503),(12,3504),(12,3505),(12,3506),(12,3507),(12,3508),(12,3509),(12,3510),(12,3511),(12,3512),(12,3513),(12,3514),(12,3515),(12,3516),(12,3517),(12,3518),(12,3519),(12,3520),(12,3521),(12,3522),(12,3523),(12,3524),(12,3525),(12,3526),(12,3527),(12,3528),(12,3529),(12,3530),(12,3531),(12,3532),(12,3533),(12,3534),(12,3535),(12,3536),(12,3537),(12,3538),(12,3539),(12,3540),(12,3541),(12,3542),(12,3543),(12,3544),(12,3545),(12,3546),(12,3547),(12,3548),(12,3549),(12,3550),(12,3551),(12,3552),(12,3553),(12,3554),(12,3555),(12,3556),(12,3557),(12,3558),(12,3559),(12,3560),(12,3561),(12,3562),(12,3563),(12,3564),(12,3565),(12,3566),(12,3567),(12,3568),(12,3569),(12,3570),(12,3571),(12,3572),(12,3573),(12,3574),(12,3575),(12,3576),(12,3577),(12,3578),(12,3579),(12,3580),(12,3581),(12,3582),(12,3583),(12,3584),(12,3585),(12,3586),(12,3587),(12,3588),(12,3589),(12,3590),(12,3591),(12,3592),(12,3593),(12,3594),(12,3595),(12,3596),(12,3597),(12,3598),(12,3599),(12,3600),(12,3601),(12,3602),(12,3603),(12,3604),(12,3605),(12,3606),(12,3607),(12,3608),(12,3609),(12,3610),(12,3611),(12,3612),(12,3613),(12,3614),(12,3615),(12,3616),(12,3617),(12,3618),(12,3619),(12,3620),(12,3621),(12,3622),(12,3623),(12,3624),(12,3625),(12,3626),(12,3627),(12,3628),(12,3629),(12,3630),(12,3631),(12,3632),(12,3633),(12,3634),(12,3635),(12,3636),(12,3637),(12,3638),(12,3639),(12,3640),(12,3641),(12,3642),(12,3643),(12,3644),(12,3645),(12,3646),(12,3647),(12,3648),(12,3649),(12,3650),(12,3651),(12,3652),(12,3653),(12,3654),(12,3655),(12,3656),(12,3657),(12,3658),(12,3659),(12,3660),(12,3661),(12,3662),(12,3663),(12,3664),(12,3665),(12,3666),(12,3667),(12,3668),(12,3669),(12,3670),(12,3671),(12,3672),(12,3673),(12,3674),(12,3675),(12,3676),(12,3677),(12,3678),(12,3679),(12,3680),(12,3681),(12,3682),(12,3683),(12,3684),(12,3685),(12,3686),(12,3687),(12,3688),(12,3689),(12,3690),(12,3691),(12,3692),(12,3693),(12,3694),(12,3695),(12,3696),(12,3697),(12,3698),(12,3699),(12,3700),(12,3701),(12,3702),(12,3703),(12,3704),(12,3705),(12,3706),(12,3707),(12,3708),(12,3709),(12,3710),(12,3711),(12,3712),(12,3713),(12,3714),(12,3715),(12,3716),(12,3717),(12,3718),(12,3719),(12,3720),(12,3721),(12,3722),(12,3723),(12,3724),(12,3725),(12,3726),(12,3727),(12,3728),(12,3729),(12,3730),(12,3731),(12,3732),(12,3733),(12,3734),(12,3735),(12,3736),(12,3737),(12,3738),(12,3739),(12,3740),(12,3741),(12,3742),(12,3743),(12,3744),(12,3745),(12,3746),(12,3747),(12,3748),(12,3749),(12,3750),(12,3751),(12,3752),(12,3753),(12,3754),(12,3755),(12,3756),(12,3757),(12,3758),(12,3759),(12,3760),(12,3761),(12,3762),(12,3763),(12,3764),(12,3765),(12,3766),(12,3767),(12,3768),(12,3769),(12,3770),(12,3771),(12,3772),(12,3773),(12,3774),(12,3775),(12,3776),(12,3777),(12,3778),(12,3779),(12,3780),(12,3781),(12,3782),(12,3783),(12,3784),(12,3785),(12,3786),(12,3787),(12,3788),(12,3789),(12,3790),(12,3791),(12,3792),(12,3793),(12,3794),(12,3795),(12,3796),(12,3797),(12,3798),(12,3799),(12,3800),(12,3801),(12,3802),(12,3803),(12,3804),(12,3805),(12,3806),(12,3807),(12,3808),(12,3809),(12,3810),(12,3811),(12,3812),(12,3813),(12,3814),(12,3815),(12,3816),(12,3817),(12,3818),(12,3819),(12,3820),(12,3821),(12,3822),(12,3823),(12,3824),(12,3825),(12,3826),(12,3827),(12,3828),(12,3829),(12,3830),(12,3831),(12,3832),(12,3833),(12,3834),(12,3835),(12,3836),(12,3837),(12,3838),(12,3839),(12,3840),(12,3841),(12,3842),(12,3843),(12,3844),(12,3845),(12,3846),(12,3847),(12,3848),(12,3849),(12,3850),(12,3851),(12,3852),(12,3853),(12,3854),(12,3855),(12,3856),(12,3857),(12,3858),(12,3859),(12,3860),(12,3861),(12,3862),(12,3863),(12,3864),(12,3865),(12,3866),(12,3867),(12,3868),(12,3869),(12,3870),(12,3871),(12,3872),(12,3873),(12,3874),(12,3875),(12,3876),(12,3877),(12,3878),(12,3879),(12,3880),(12,3881),(12,3882),(12,3883),(12,3884),(12,3885),(12,3886),(12,3887),(12,3888),(12,3889),(12,3890),(12,3891),(12,3892),(12,3893),(12,3894),(12,3895),(12,3896),(12,3897),(12,3898),(12,3899),(12,3900),(12,3901),(12,3902),(12,3903),(12,3904),(12,3905),(12,3906),(12,3907),(12,3908),(12,3909),(12,3910),(12,3911),(12,3912),(12,3913),(12,3914),(12,3915),(12,3916),(12,3917),(12,3918),(12,3919),(12,3920),(12,3921),(12,3922),(12,3923),(12,3924),(12,3925),(12,3926),(12,3927),(13,3928),(13,3929),(13,3930),(13,3931),(13,3932),(13,3933),(13,3934),(13,3935),(13,3936),(13,3937),(13,3938),(13,3939),(13,3940),(13,3941),(13,3942),(13,3943),(13,3944),(13,3945),(13,3946),(13,3947),(13,3948),(13,3949),(13,3950),(13,3951),(13,3952),(13,3953),(13,3954),(13,3955),(13,3956),(13,3957),(13,3958),(13,3959),(13,3960),(13,3961),(13,3962),(13,3963),(13,3964),(13,3965),(13,3966),(13,3967),(13,3968),(13,3969),(13,3970),(13,3971),(13,3972),(13,3973),(13,3974),(13,3975),(13,3976),(13,3977),(13,3978),(13,3979),(13,3980),(13,3981),(13,3982),(13,3983),(13,3984),(13,3985),(13,3986),(13,3987),(13,3988),(13,3989),(13,3990),(13,3991),(13,3992),(13,3993),(13,3994),(13,3995),(13,3996),(13,3997),(13,3998),(13,3999),(13,4000),(13,4001),(13,4002),(13,4003),(13,4004),(13,4005),(13,4006),(13,4007),(13,4008),(13,4009),(13,4010),(13,4011),(13,4012),(13,4013),(13,4014),(13,4015),(13,4016),(13,4017),(13,4018),(13,4019),(13,4020),(13,4021),(13,4022),(13,4023),(13,4024),(13,4025),(13,4026),(13,4027),(13,4028),(13,4029),(13,4030),(13,4031),(13,4032),(13,4033),(13,4034),(13,4035),(13,4036),(13,4037),(13,4038),(13,4039),(13,4040),(13,4041),(13,4042),(13,4043),(13,4044),(13,4045),(13,4046),(13,4047),(13,4048),(13,4049),(13,4050),(13,4051),(13,4052),(13,4053),(13,4054),(13,4055),(13,4056),(13,4057),(13,4058),(13,4059),(13,4060),(13,4061),(13,4062),(13,4063),(13,4064),(13,4065),(13,4066),(13,4067),(13,4068),(13,4069),(13,4070),(13,4071),(13,4072),(13,4073),(13,4074),(13,4075),(13,4076),(13,4077),(13,4078),(13,4079),(13,4080),(13,4081),(13,4082),(13,4083),(13,4084),(13,4085),(13,4086),(13,4087),(13,4088),(13,4089),(13,4090),(13,4091),(13,4092),(13,4093),(13,4094),(13,4095),(13,4096),(13,4097),(13,4098),(13,4099),(13,4100),(13,4101),(13,4102),(13,4103),(13,4104),(13,4105),(13,4106),(13,4107),(13,4108),(13,4109),(13,4110),(13,4111),(13,4112),(13,4113),(13,4114),(13,4115),(13,4116),(13,4117),(13,4118),(13,4119),(13,4120),(13,4121),(13,4122),(13,4123),(13,4124),(13,4125),(13,4126),(13,4127),(13,4128),(13,4129),(13,4130),(13,4131),(13,4132),(13,4133),(13,4134),(13,4135),(13,4136),(13,4137),(13,4138),(13,4139),(13,4140),(13,4141),(13,4142),(13,4143),(13,4144),(13,4145),(13,4146),(13,4147),(13,4148),(13,4149),(13,4150),(13,4151),(13,4152),(13,4153),(13,4154),(13,4155),(13,4156),(13,4157),(13,4158),(13,4159),(13,4160),(13,4161),(13,4162),(13,4163),(13,4164),(13,4165),(13,4166),(13,4167),(13,4168),(13,4169),(13,4170),(13,4171),(13,4172),(13,4173),(13,4174),(13,4175),(13,4176),(13,4177),(13,4178),(13,4179),(13,4180),(13,4181),(13,4182),(13,4183),(13,4184),(13,4185),(13,4186),(13,4187),(13,4188),(13,4189),(13,4190),(13,4191),(13,4192),(13,4193),(13,4194),(13,4195),(13,4196),(13,4197),(13,4198),(13,4199),(13,4200),(13,4201),(13,4202),(13,4203),(13,4204),(13,4205),(13,4206),(13,4207),(13,4208),(13,4209),(13,4210),(13,4211),(13,4212),(13,4213),(13,4214),(13,4215),(13,4216),(13,4217),(13,4218),(13,4219),(13,4220),(13,4221),(13,4222),(13,4223),(13,4224),(13,4225),(13,4226),(13,4227),(13,4228),(13,4229),(13,4230),(13,4231),(13,4232),(13,4233),(13,4234),(13,4235),(13,4236),(13,4237),(13,4238),(13,4239),(13,4240),(13,4241),(13,4242),(13,4243),(13,4244),(13,4245),(13,4246),(13,4247),(13,4248),(13,4249),(13,4250),(13,4251),(13,4252),(13,4253),(13,4254),(13,4255),(13,4256),(13,4257),(13,4258),(13,4259),(13,4260),(13,4261),(13,4262),(13,4263),(13,4264),(13,4265),(13,4266),(13,4267),(13,4268),(13,4269),(13,4270),(13,4271),(13,4272),(13,4273),(13,4274),(13,4275),(13,4276),(13,4277),(13,4278),(13,4279),(13,4280),(13,4281),(13,4282),(13,4283),(13,4284),(13,4285),(13,4286),(13,4287),(13,4288),(13,4289),(13,4290),(13,4291),(13,4292),(13,4293),(13,4294),(13,4295),(13,4296),(13,4297),(13,4298),(13,4299),(13,4300),(13,4301),(13,4302),(13,4303),(13,4304),(13,4305),(13,4306),(13,4307),(13,4308),(13,4309),(13,4310),(13,4311),(13,4312),(13,4313),(13,4314),(13,4315),(13,4316),(13,4317),(13,4318),(13,4319),(13,4320),(13,4321),(13,4322),(13,4323),(13,4324),(13,4325),(13,4326),(13,4327),(13,4328),(13,4329),(13,4330),(13,4331),(13,4332),(13,4333),(13,4334),(13,4335),(13,4336),(13,4337),(13,4338),(13,4339),(13,4340),(13,4341),(13,4342),(13,4343),(13,4344),(13,4345),(13,4346),(13,4347),(13,4348),(13,4349),(13,4350),(13,4351),(13,4352),(13,4353),(13,4354),(13,4355),(13,4356),(13,4357),(13,4358),(13,4359),(13,4360),(13,4361),(13,4362),(13,4363),(13,4364),(13,4365),(13,4366),(13,4367),(13,4368),(13,4369),(13,4370),(13,4371),(13,4372),(13,4373),(13,4374),(13,4375),(13,4376),(13,4377),(13,4378),(13,4379),(13,4380),(13,4381),(13,4382),(13,4383),(13,4384),(13,4385),(13,4386),(13,4387),(13,4388),(13,4389),(13,4390),(13,4391),(13,4392),(13,4393),(13,4394),(13,4395),(13,4396),(13,4397),(13,4398),(13,4399),(13,4400),(13,4401),(13,4402),(13,4403),(13,4404),(13,4405),(13,4406),(13,4407),(13,4408),(13,4409),(13,4410),(13,4411),(13,4412),(13,4413),(13,4414),(13,4415),(13,4416),(13,4417),(13,4418),(13,4419),(13,4420),(13,4421),(13,4422),(13,4423),(13,4424),(13,4425),(13,4426),(13,4427),(13,4428),(13,4429),(13,4430),(13,4431),(13,4432),(13,4433),(13,4434),(13,4435),(13,4436),(13,4437),(13,4438),(13,4439),(13,4440),(13,4441),(13,4442),(13,4443),(13,4444),(13,4445),(13,4446),(13,4447),(13,4448),(13,4449),(13,4450),(13,4451),(13,4452),(13,4453),(13,4454),(13,4455),(13,4456),(13,4457),(13,4458),(13,4459),(13,4460),(13,4461),(13,4462),(13,4463),(13,4464),(13,4465),(13,4466),(13,4467),(13,4468),(13,4469),(13,4470),(13,4471),(13,4472),(13,4473),(13,4474),(13,4475),(13,4476),(13,4477),(13,4478),(13,4479),(13,4480),(13,4481),(13,4482),(13,4483),(13,4484),(13,4485),(13,4486),(13,4487),(13,4488),(13,4489),(13,4490),(13,4491),(13,4492),(13,4493),(13,4494),(13,4495),(13,4496),(13,4497),(13,4498),(13,4499),(13,4500),(13,4501),(13,4502),(13,4503),(13,4504),(13,4505),(13,4506),(13,4507),(13,4508),(13,4509),(13,4510),(13,4511),(13,4512),(13,4513),(13,4514),(13,4515),(13,4516),(13,4517),(13,4518),(13,4519),(13,4520),(13,4521),(13,4522),(13,4523),(13,4524),(13,4525),(13,4526),(13,4527),(13,4528),(13,4529),(14,4530),(14,4531),(14,4532),(14,4533),(14,4534),(14,4535),(14,4536),(14,4537),(14,4538),(14,4539),(14,4540),(14,4541),(14,4542),(14,4543),(14,4544),(14,4545),(14,4546),(14,4547),(14,4548),(14,4549),(14,4550),(14,4551),(14,4552),(14,4553),(14,4554),(14,4555),(14,4556),(14,4557),(14,4558),(14,4559),(14,4560),(14,4561),(14,4562),(14,4563),(14,4564),(14,4565),(14,4566),(14,4567),(14,4568),(14,4569),(14,4570),(14,4571),(14,4572),(14,4573),(14,4574),(14,4575),(14,4576),(14,4577),(14,4578),(14,4579),(14,4580),(14,4581),(14,4582),(14,4583),(14,4584),(14,4585),(14,4586),(14,4587),(14,4588),(14,4589),(14,4590),(14,4591),(14,4592),(14,4593),(14,4594),(14,4595),(14,4596),(14,4597),(14,4598),(14,4599),(14,4600),(14,4601),(14,4602),(14,4603),(14,4604),(14,4605),(14,4606),(14,4607),(14,4608),(14,4609),(14,4610),(14,4611),(14,4612),(14,4613),(14,4614),(14,4615),(14,4616),(14,4617),(14,4618),(14,4619),(14,4620),(14,4621),(14,4622),(14,4623),(14,4624),(14,4625),(14,4626),(14,4627),(14,4628),(14,4629),(14,4630),(14,4631),(14,4632),(14,4633),(14,4634),(14,4635),(14,4636),(14,4637),(14,4638),(14,4639),(14,4640),(14,4641),(14,4642),(14,4643),(14,4644),(14,4645),(14,4646),(14,4647),(14,4648),(14,4649),(14,4650),(14,4651),(14,4652),(14,4653),(14,4654),(14,4655),(14,4656),(14,4657),(14,4658),(14,4659),(14,4660),(14,4661),(14,4662),(14,4663),(14,4664),(14,4665),(14,4666),(14,4667),(14,4668),(14,4669),(14,4670),(14,4671),(14,4672),(14,4673),(14,4674),(14,4675),(14,4676),(14,4677),(14,4678),(14,4679),(14,4680),(14,4681),(14,4682),(14,4683),(14,4684),(14,4685),(14,4686),(14,4687),(14,4688),(14,4689),(14,4690),(14,4691),(14,4692),(14,4693),(14,4694),(14,4695),(14,4696),(14,4697),(14,4698),(14,4699),(14,4700),(14,4701),(14,4702),(14,4703),(14,4704),(14,4705),(14,4706),(14,4707),(14,4708),(14,4709),(14,4710),(14,4711),(14,4712),(14,4713),(14,4714),(14,4715),(14,4716),(14,4717),(14,4718),(14,4719),(14,4720),(14,4721),(14,4722),(14,4723),(14,4724),(14,4725),(14,4726),(14,4727),(14,4728),(14,4729),(14,4730),(14,4731),(14,4732),(14,4733),(14,4734),(14,4735),(14,4736),(14,4737),(14,4738),(14,4739),(14,4740),(14,4741),(14,4742),(14,4743),(14,4744),(14,4745),(14,4746),(14,4747),(14,4748),(14,4749),(14,4750),(14,4751),(14,4752),(14,4753),(14,4754),(14,4755),(14,4756),(14,4757),(14,4758),(14,4759),(14,4760),(14,4761),(14,4762),(14,4763),(14,4764),(14,4765),(14,4766),(14,4767),(14,4768),(14,4769),(14,4770),(14,4771),(14,4772),(14,4773),(14,4774),(14,4775),(14,4776),(14,4777),(14,4778),(14,4779),(14,4780),(14,4781),(14,4782),(14,4783),(14,4784),(14,4785),(14,4786),(14,4787),(14,4788),(14,4789),(14,4790),(14,4791),(14,4792),(14,4793),(14,4794),(14,4795),(14,4796),(14,4797),(14,4798),(14,4799),(14,4800),(14,4801),(14,4802),(14,4803),(14,4804),(14,4805),(14,4806),(14,4807),(14,4808),(14,4809),(14,4810),(14,4811),(14,4812),(14,4813),(14,4814),(14,4815),(14,4816),(14,4817),(14,4818),(14,4819),(14,4820),(14,4821),(14,4822),(14,4823),(14,4824),(14,4825),(14,4826),(14,4827),(14,4828),(14,4829),(14,4830),(14,4831),(14,4832),(14,4833),(14,4834),(14,4835),(14,4836),(14,4837),(14,4838),(14,4839),(14,4840),(14,4841),(14,4842),(14,4843),(14,4844),(14,4845),(14,4846),(14,4847),(14,4848),(14,4849),(14,4850),(14,4851),(14,4852),(14,4853),(14,4854),(14,4855),(14,4856),(14,4857),(14,4858),(14,4859),(14,4860),(14,4861),(14,4862),(14,4863),(14,4864),(14,4865),(14,4866),(14,4867),(14,4868),(14,4869),(14,4870),(14,4871),(14,4872),(14,4873),(14,4874),(14,4875),(14,4876),(14,4877),(14,4878),(14,4879),(14,4880),(14,4881),(14,4882),(14,4883),(14,4884),(14,4885),(14,4886),(14,4887),(14,4888),(14,4889),(14,4890),(14,4891),(14,4892),(14,4893),(14,4894),(14,4895),(14,4896),(14,4897),(14,4898),(14,4899),(14,4900),(14,4901),(14,4902),(14,4903),(14,4904),(14,4905),(14,4906),(14,4907),(14,4908),(14,4909),(14,4910),(14,4911),(14,4912),(14,4913),(14,4914),(14,4915),(14,4916),(14,4917),(14,4918),(14,4919),(14,4920),(14,4921),(14,4922),(14,4923),(14,4924),(14,4925),(14,4926),(14,4927),(14,4928),(14,4929),(14,4930),(14,4931),(14,4932),(14,4933),(14,4934),(14,4935),(14,4936),(14,4937),(14,4938),(14,4939),(14,4940),(14,4941),(14,4942),(14,4943),(14,4944),(14,4945),(14,4946),(14,4947),(14,4948),(14,4949),(14,4950),(14,4951),(14,4952),(14,4953),(14,4954),(14,4955),(14,4956),(14,4957),(14,4958),(14,4959),(14,4960),(14,4961),(14,4962),(14,4963),(14,4964),(14,4965),(14,4966),(14,4967),(14,4968),(14,4969),(14,4970),(14,4971),(14,4972),(14,4973),(14,4974),(14,4975),(14,4976),(14,4977),(14,4978),(14,4979),(14,4980),(14,4981),(14,4982),(14,4983),(14,4984),(14,4985),(14,4986),(14,4987),(14,4988),(14,4989),(14,4990),(14,4991),(14,4992),(14,4993),(14,4994),(14,4995),(14,4996),(14,4997),(14,4998),(14,4999),(14,5000),(14,5001),(14,5002),(14,5003),(14,5004),(14,5005),(14,5006),(14,5007),(14,5008),(14,5009),(14,5010),(14,5011),(14,5012),(14,5013),(14,5014),(14,5015),(14,5016),(14,5017),(14,5018),(14,5019),(14,5020),(14,5021),(14,5022),(14,5023),(14,5024),(14,5025),(14,5026),(14,5027),(14,5028),(14,5029),(14,5030),(14,5031),(14,5032),(14,5033),(14,5034),(14,5035),(14,5036),(14,5037),(14,5038),(14,5039),(14,5040),(14,5041),(14,5042),(14,5043),(14,5044),(14,5045),(14,5046),(14,5047),(14,5048),(14,5049),(14,5050),(14,5051),(14,5052),(14,5053),(14,5054),(14,5055),(14,5056),(14,5057),(14,5058),(14,5059),(14,5060),(14,5061),(14,5062),(14,5063),(14,5064),(14,5065),(14,5066),(14,5067),(14,5068),(14,5069),(14,5070),(14,5071),(14,5072),(14,5073),(14,5074),(14,5075),(14,5076),(14,5077),(14,5078),(14,5079),(14,5080),(14,5081),(14,5082),(14,5083),(14,5084),(14,5085),(14,5086),(14,5087),(14,5088),(14,5089),(14,5090),(14,5091),(14,5092),(14,5093),(15,5094),(15,5095),(15,5096),(15,5097),(15,5098),(15,5099),(15,5100),(15,5101),(15,5102),(15,5103),(15,5104),(15,5105),(15,5106),(15,5107),(15,5108),(15,5109),(15,5110),(15,5111),(15,5112),(15,5113),(15,5114),(15,5115),(15,5116),(15,5117),(15,5118),(15,5119),(15,5120),(15,5121),(15,5122),(15,5123),(15,5124),(15,5125),(15,5126),(15,5127),(15,5128),(15,5129),(15,5130),(15,5131),(15,5132),(15,5133),(15,5134),(15,5135),(15,5136),(15,5137),(15,5138),(15,5139),(15,5140),(15,5141),(15,5142),(15,5143),(15,5144),(15,5145),(15,5146),(15,5147),(15,5148),(15,5149),(15,5150),(15,5151),(15,5152),(15,5153),(15,5154),(15,5155),(15,5156),(15,5157),(15,5158),(15,5159),(15,5160),(15,5161),(15,5162),(15,5163),(15,5164),(15,5165),(15,5166),(15,5167),(15,5168),(15,5169),(15,5170),(15,5171),(15,5172),(15,5173),(15,5174),(15,5175),(15,5176),(15,5177),(15,5178),(15,5179),(15,5180),(15,5181),(15,5182),(15,5183),(15,5184),(15,5185),(15,5186),(15,5187),(15,5188),(15,5189),(15,5190),(15,5191),(15,5192),(15,5193),(15,5194),(15,5195),(15,5196),(15,5197),(15,5198),(15,5199),(15,5200),(15,5201),(15,5202),(15,5203),(15,5204),(15,5205),(15,5206),(15,5207),(15,5208),(15,5209),(15,5210),(15,5211),(15,5212),(15,5213),(15,5214),(15,5215),(15,5216),(15,5217),(15,5218),(15,5219),(15,5220),(15,5221),(15,5222),(15,5223),(15,5224),(15,5225),(15,5226),(15,5227),(15,5228),(15,5229),(15,5230),(15,5231),(15,5232),(15,5233),(15,5234),(15,5235),(15,5236),(15,5237),(15,5238),(15,5239),(15,5240),(15,5241),(15,5242),(15,5243),(15,5244),(15,5245),(15,5246),(15,5247),(15,5248),(15,5249),(15,5250),(15,5251),(15,5252),(15,5253),(15,5254),(15,5255),(15,5256),(15,5257),(15,5258),(15,5259),(15,5260),(15,5261),(15,5262),(15,5263),(15,5264),(15,5265),(15,5266),(15,5267),(15,5268),(15,5269),(15,5270),(15,5271),(15,5272),(15,5273),(15,5274),(15,5275),(15,5276),(15,5277),(15,5278),(15,5279),(15,5280),(15,5281),(15,5282),(15,5283),(15,5284),(15,5285),(15,5286),(15,5287),(15,5288),(15,5289),(15,5290),(15,5291),(15,5292),(15,5293),(15,5294),(15,5295),(15,5296),(15,5297),(15,5298),(15,5299),(15,5300),(15,5301),(15,5302),(15,5303),(15,5304),(15,5305),(15,5306),(15,5307),(15,5308),(15,5309),(15,5310),(15,5311),(15,5312),(15,5313),(15,5314),(15,5315),(15,5316),(15,5317),(15,5318),(15,5319),(15,5320),(15,5321),(15,5322),(15,5323),(15,5324),(15,5325),(15,5326),(15,5327),(15,5328),(15,5329),(15,5330),(15,5331),(15,5332),(15,5333),(15,5334),(15,5335),(15,5336),(15,5337),(15,5338),(15,5339),(15,5340),(15,5341),(15,5342),(15,5343),(15,5344),(15,5345),(15,5346),(15,5347),(15,5348),(15,5349),(15,5350),(15,5351),(15,5352),(15,5353),(15,5354),(15,5355),(15,5356),(15,5357),(15,5358),(15,5359),(15,5360),(15,5361),(15,5362),(15,5363),(15,5364),(15,5365),(15,5366),(15,5367),(15,5368),(15,5369),(15,5370),(15,5371),(15,5372),(15,5373),(15,5374),(15,5375),(15,5376),(15,5377),(15,5378),(15,5379),(15,5380),(15,5381),(15,5382),(15,5383),(15,5384),(15,5385),(15,5386),(15,5387),(15,5388),(15,5389),(15,5390),(15,5391),(15,5392),(15,5393),(15,5394),(15,5395),(15,5396),(15,5397),(15,5398),(15,5399),(15,5400),(15,5401),(15,5402),(15,5403),(15,5404),(15,5405),(15,5406),(15,5407),(15,5408),(15,5409),(15,5410),(15,5411),(15,5412),(15,5413),(15,5414),(15,5415),(15,5416),(15,5417),(15,5418),(15,5419),(15,5420),(15,5421),(15,5422),(15,5423),(15,5424),(15,5425),(15,5426),(15,5427),(15,5428),(15,5429),(15,5430),(15,5431),(15,5432),(15,5433),(15,5434),(15,5435),(15,5436),(15,5437),(15,5438),(15,5439),(15,5440),(15,5441),(15,5442),(15,5443),(15,5444),(15,5445),(15,5446),(15,5447),(15,5448),(15,5449),(15,5450),(15,5451),(15,5452),(15,5453),(15,5454),(15,5455),(15,5456),(15,5457),(15,5458),(15,5459),(15,5460),(15,5461),(15,5462),(15,5463),(15,5464),(15,5465),(15,5466),(15,5467),(15,5468),(15,5469),(15,5470),(15,5471),(15,5472),(15,5473),(15,5474),(15,5475),(15,5476),(15,5477),(15,5478),(15,5479),(15,5480),(15,5481),(15,5482),(15,5483),(15,5484),(15,5485),(15,5486),(15,5487),(15,5488),(15,5489),(15,5490),(15,5491),(15,5492),(15,5493),(15,5494),(15,5495),(15,5496),(15,5497),(15,5498),(15,5499),(15,5500),(15,5501),(15,5502),(15,5503),(15,5504),(15,5505),(15,5506),(15,5507),(15,5508),(15,5509),(15,5510),(15,5511),(15,5512),(15,5513),(15,5514),(15,5515),(15,5516),(15,5517),(15,5518),(15,5519),(15,5520),(15,5521),(15,5522),(15,5523),(15,5524),(15,5525),(15,5526),(15,5527),(15,5528),(15,5529),(15,5530),(15,5531),(15,5532),(15,5533),(15,5534),(15,5535),(15,5536),(15,5537),(15,5538),(15,5539),(15,5540),(15,5541),(15,5542),(15,5543),(15,5544),(15,5545),(15,5546),(15,5547),(15,5548),(15,5549),(15,5550),(15,5551),(15,5552),(15,5553),(15,5554),(15,5555),(15,5556),(15,5557),(15,5558),(15,5559),(15,5560),(15,5561),(15,5562),(15,5563),(15,5564),(15,5565),(15,5566),(15,5567),(15,5568),(15,5569),(15,5570),(15,5571),(15,5572),(15,5573),(15,5574),(15,5575),(15,5576),(15,5577),(15,5578),(15,5579),(15,5580),(15,5581),(15,5582),(15,5583),(15,5584),(15,5585),(15,5586),(15,5587),(15,5588),(15,5589),(15,5590),(15,5591),(15,5592),(15,5593),(15,5594),(15,5595),(15,5596),(15,5597),(15,5598),(15,5599),(15,5600),(15,5601),(15,5602),(15,5603),(15,5604),(15,5605),(15,5606),(15,5607),(15,5608),(15,5609),(15,5610),(15,5611),(15,5612),(15,5613),(15,5614),(15,5615),(15,5616),(15,5617),(15,5618),(15,5619),(15,5620),(15,5621),(15,5622),(15,5623),(15,5624),(15,5625),(15,5626),(15,5627),(15,5628),(15,5629),(15,5630),(15,5631),(15,5632),(15,5633),(15,5634),(15,5635),(15,5636),(15,5637),(15,5638),(15,5639),(15,5640),(15,5641),(15,5642),(15,5643),(15,5644),(15,5645),(15,5646),(15,5647),(15,5648),(15,5649),(15,5650),(15,5651),(15,5652),(15,5653),(15,5654),(15,5655),(15,5656),(15,5657),(15,5658),(15,5659),(15,5660),(15,5661),(15,5662),(15,5663),(15,5664),(15,5665),(15,5666),(15,5667),(15,5668),(15,5669),(15,5670),(15,5671),(15,5672),(15,5673),(15,5674),(15,5675),(15,5676),(15,5677),(15,5678),(15,5679),(15,5680),(15,5681),(15,5682),(15,5683),(15,5684),(15,5685),(15,5686),(15,5687),(15,5688),(15,5689),(15,5690),(15,5691),(15,5692),(15,5693),(15,5694),(15,5695),(15,5696),(15,5697),(15,5698),(15,5699),(15,5700),(15,5701),(15,5702),(15,5703),(15,5704),(15,5705),(15,5706),(15,5707),(15,5708),(15,5709),(15,5710),(15,5711),(15,5712),(15,5713),(15,5714),(15,5715),(15,5716),(15,5717),(15,5718),(15,5719),(15,5720),(15,5721),(15,5722),(15,5723),(15,5724),(15,5725),(15,5726),(15,5727),(15,5728),(15,5729),(15,5730),(15,5731),(15,5732),(15,5733),(15,5734),(15,5735),(15,5736),(15,5737),(15,5738),(15,5739),(15,5740),(15,5741),(15,5742),(15,5743),(15,5744),(15,5745),(15,5746),(15,5747),(15,5748),(15,5749),(15,5750),(15,5751),(15,5752),(15,5753),(15,5754),(15,5755),(15,5756),(15,5757),(15,5758),(15,5759),(15,5760),(15,5761),(15,5762),(15,5763),(15,5764),(15,5765),(15,5766),(15,5767),(15,5768),(15,5769),(15,5770),(15,5771),(15,5772),(15,5773),(15,5774),(15,5775),(15,5776),(15,5777),(15,5778),(15,5779),(15,5780),(15,5781),(15,5782),(15,5783),(15,5784),(15,5785),(15,5786),(15,5787),(15,5788),(15,5789),(15,5790),(15,5791),(15,5792),(15,5793),(15,5794),(15,5795),(15,5796),(15,5797),(15,5798),(15,5799),(15,5800),(15,5801),(15,5802),(15,5803),(15,5804),(15,5805),(15,5806),(15,5807),(15,5808),(15,5809),(15,5810),(15,5811),(15,5812),(15,5813),(15,5814),(15,5815),(15,5816),(15,5817),(15,5818),(15,5819),(15,5820),(15,5821),(15,5822),(15,5823),(15,5824),(15,5825),(15,5826),(15,5827),(15,5828),(15,5829),(15,5830),(15,5831),(15,5832),(15,5833),(15,5834),(15,5835),(15,5836),(15,5837),(15,5838),(15,5839),(15,5840),(15,5841),(15,5842),(15,5843),(15,5844),(15,5845),(15,5846),(15,5847),(15,5848),(15,5849),(15,5850),(15,5851),(15,5852),(15,5853),(15,5854),(15,5855),(15,5856),(15,5857),(15,5858),(15,5859),(15,5860),(15,5861),(15,5862),(15,5863),(15,5864),(15,5865),(15,5866),(15,5867),(15,5868),(15,5869),(15,5870),(15,5871),(15,5872),(15,5873),(15,5874),(15,5875),(15,5876),(15,5877),(15,5878),(15,5879),(15,5880),(15,5881),(15,5882),(15,5883),(15,5884),(15,5885),(15,5886),(15,5887),(15,5888),(15,5889),(15,5890),(15,5891),(15,5892),(15,5893),(15,5894),(15,5895),(15,5896),(15,5897),(15,5898),(15,5899),(15,5900),(15,5901),(15,5902),(15,5903),(15,5904),(15,5905),(15,5906),(15,5907),(16,5908),(16,5909),(16,5910),(16,5911),(16,5912),(16,5913),(16,5914),(16,5915),(16,5916),(16,5917),(16,5918),(16,5919),(16,5920),(16,5921),(16,5922),(16,5923),(16,5924),(16,5925),(16,5926),(16,5927),(16,5928),(16,5929),(16,5930),(16,5931),(16,5932),(16,5933),(16,5934),(16,5935),(16,5936),(16,5937),(16,5938),(16,5939),(16,5940),(16,5941),(16,5942),(16,5943),(16,5944),(16,5945),(16,5946),(16,5947),(16,5948),(16,5949),(16,5950),(16,5951),(16,5952),(16,5953),(16,5954),(16,5955),(16,5956),(16,5957),(16,5958),(16,5959),(16,5960),(16,5961),(16,5962),(16,5963),(16,5964),(16,5965),(16,5966),(16,5967),(16,5968),(16,5969),(16,5970),(16,5971),(16,5972),(16,5973),(16,5974),(16,5975),(16,5976),(16,5977),(16,5978),(16,5979),(16,5980),(16,5981),(16,5982),(16,5983),(16,5984),(16,5985),(16,5986),(16,5987),(16,5988),(16,5989),(16,5990),(16,5991),(16,5992),(16,5993),(16,5994),(16,5995),(16,5996),(16,5997),(16,5998),(16,5999),(16,6000),(16,6001),(16,6002),(16,6003),(16,6004),(16,6005),(16,6006),(16,6007),(16,6008),(16,6009),(16,6010),(16,6011),(16,6012),(16,6013),(16,6014),(16,6015),(16,6016),(16,6017),(16,6018),(16,6019),(16,6020),(16,6021),(16,6022),(16,6023),(16,6024),(16,6025),(16,6026),(16,6027),(16,6028),(16,6029),(16,6030),(16,6031),(16,6032),(16,6033),(16,6034),(16,6035),(16,6036),(16,6037),(16,6038),(16,6039),(16,6040),(16,6041),(16,6042),(16,6043),(16,6044),(16,6045),(16,6046),(16,6047),(16,6048),(16,6049),(16,6050),(16,6051),(16,6052),(16,6053),(16,6054),(16,6055),(16,6056),(16,6057),(16,6058),(16,6059),(16,6060),(16,6061),(16,6062),(16,6063),(16,6064),(16,6065),(16,6066),(16,6067),(16,6068),(16,6069),(16,6070),(16,6071),(16,6072),(16,6073),(16,6074),(16,6075),(16,6076),(16,6077),(16,6078),(16,6079),(16,6080),(16,6081),(16,6082),(16,6083),(16,6084),(16,6085),(16,6086),(16,6087),(16,6088),(16,6089),(16,6090),(16,6091),(16,6092),(16,6093),(16,6094),(16,6095),(16,6096),(16,6097),(16,6098),(16,6099),(16,6100),(16,6101),(16,6102),(16,6103),(16,6104),(16,6105),(16,6106),(16,6107),(16,6108),(16,6109),(16,6110),(16,6111),(16,6112),(16,6113),(16,6114),(16,6115),(16,6116),(16,6117),(16,6118),(16,6119),(16,6120),(16,6121),(16,6122),(16,6123),(16,6124),(16,6125),(16,6126),(16,6127),(16,6128),(16,6129),(16,6130),(16,6131),(16,6132),(16,6133),(16,6134),(16,6135),(16,6136),(16,6137),(16,6138),(16,6139),(16,6140),(16,6141),(16,6142),(16,6143),(16,6144),(16,6145),(16,6146),(16,6147),(16,6148),(16,6149),(16,6150),(16,6151),(16,6152),(16,6153),(16,6154),(16,6155),(16,6156),(16,6157),(16,6158),(16,6159),(16,6160),(16,6161),(16,6162),(16,6163),(16,6164),(16,6165),(16,6166),(16,6167),(16,6168),(16,6169),(16,6170),(16,6171),(16,6172),(16,6173),(16,6174),(16,6175),(16,6176),(16,6177),(16,6178),(16,6179),(16,6180),(16,6181),(16,6182),(16,6183),(16,6184),(16,6185),(16,6186),(16,6187),(16,6188),(16,6189),(16,6190),(16,6191),(16,6192),(16,6193),(16,6194),(16,6195),(16,6196),(16,6197),(16,6198),(16,6199),(16,6200),(16,6201),(16,6202),(16,6203),(16,6204),(16,6205),(16,6206),(16,6207),(16,6208),(16,6209),(16,6210),(16,6211),(16,6212),(16,6213),(16,6214),(16,6215),(16,6216),(16,6217),(16,6218),(16,6219),(16,6220),(16,6221),(16,6222),(16,6223),(16,6224),(16,6225),(16,6226),(16,6227),(16,6228),(16,6229),(16,6230),(16,6231),(16,6232),(16,6233),(16,6234),(16,6235),(16,6236),(16,6237),(16,6238),(16,6239),(16,6240),(16,6241),(16,6242),(16,6243),(16,6244),(16,6245),(16,6246),(16,6247),(16,6248),(16,6249),(16,6250),(16,6251),(16,6252),(16,6253),(16,6254),(16,6255),(16,6256),(16,6257),(16,6258),(16,6259),(16,6260),(16,6261),(16,6262),(16,6263),(16,6264),(16,6265),(16,6266),(16,6267),(16,6268),(16,6269),(16,6270),(16,6271),(16,6272),(16,6273),(16,6274),(16,6275),(16,6276),(16,6277),(16,6278),(16,6279),(16,6280),(16,6281),(16,6282),(16,6283),(16,6284),(16,6285),(16,6286),(16,6287),(16,6288),(16,6289),(16,6290),(16,6291),(16,6292),(16,6293),(16,6294),(16,6295),(16,6296),(16,6297),(16,6298),(16,6299),(16,6300),(16,6301),(16,6302),(16,6303),(16,6304),(16,6305),(16,6306),(16,6307),(16,6308),(16,6309),(16,6310),(16,6311),(16,6312),(16,6313),(16,6314),(16,6315),(16,6316),(16,6317),(16,6318),(16,6319),(16,6320),(16,6321),(16,6322),(16,6323),(16,6324),(16,6325),(16,6326),(16,6327),(16,6328),(16,6329),(16,6330),(16,6331),(16,6332),(16,6333),(16,6334),(16,6335),(16,6336),(16,6337),(16,6338),(16,6339),(16,6340),(16,6341),(16,6342),(16,6343),(16,6344),(16,6345),(16,6346),(16,6347),(16,6348),(16,6349),(16,6350),(16,6351),(16,6352),(16,6353),(16,6354),(16,6355),(16,6356),(16,6357),(16,6358),(16,6359),(16,6360),(16,6361),(16,6362),(16,6363),(16,6364),(16,6365),(16,6366),(16,6367),(16,6368),(16,6369),(16,6370),(16,6371),(16,6372),(16,6373),(16,6374),(16,6375),(16,6376),(16,6377),(16,6378),(16,6379),(16,6380),(16,6381),(16,6382),(16,6383),(16,6384),(16,6385),(16,6386),(16,6387),(16,6388),(16,6389),(16,6390),(16,6391),(16,6392),(16,6393),(16,6394),(16,6395),(16,6396),(16,6397),(16,6398),(16,6399),(16,6400),(16,6401),(16,6402),(16,6403),(16,6404),(16,6405),(16,6406),(16,6407),(16,6408),(16,6409),(16,6410),(16,6411),(16,6412),(16,6413),(16,6414),(16,6415),(16,6416),(16,6417),(16,6418),(16,6419),(16,6420),(16,6421),(16,6422),(16,6423),(16,6424),(16,6425),(16,6426),(16,6427),(16,6428),(16,6429),(16,6430),(16,6431),(16,6432),(16,6433),(16,6434),(16,6435),(16,6436),(16,6437),(16,6438),(16,6439),(16,6440),(16,6441),(16,6442),(16,6443),(16,6444),(16,6445),(16,6446),(16,6447),(16,6448),(16,6449),(16,6450),(16,6451),(16,6452),(16,6453),(16,6454),(16,6455),(16,6456),(16,6457),(16,6458),(16,6459),(16,6460),(16,6461),(16,6462),(16,6463),(16,6464),(16,6465),(16,6466),(16,6467),(16,6468),(16,6469),(16,6470),(16,6471),(16,6472),(16,6473),(16,6474),(16,6475),(16,6476),(16,6477),(16,6478),(16,6479),(16,6480),(16,6481),(16,6482),(16,6483),(16,6484),(16,6485),(16,6486),(16,6487),(16,6488),(16,6489),(16,6490),(16,6491),(16,6492),(16,6493),(16,6494),(16,6495),(16,6496),(16,6497),(16,6498),(16,6499),(16,6500),(16,6501),(16,6502),(16,6503),(16,6504),(16,6505),(16,6506),(16,6507),(16,6508),(16,6509),(16,6510),(16,6511),(16,6512),(16,6513),(16,6514),(16,6515),(16,6516),(16,6517),(16,6518),(16,6519),(16,6520),(16,6521),(16,6522),(16,6523),(16,6524),(16,6525),(16,6526),(16,6527),(16,6528),(16,6529),(16,6530),(16,6531),(16,6532),(16,6533),(16,6534),(16,6535),(16,6536),(16,6537),(16,6538),(16,6539),(16,6540),(16,6541),(16,6542),(16,6543),(16,6544),(16,6545),(16,6546),(16,6547),(16,6548),(16,6549),(16,6550),(16,6551),(16,6552),(16,6553),(16,6554),(16,6555),(16,6556),(16,6557),(16,6558),(16,6559),(16,6560),(16,6561),(16,6562),(16,6563),(16,6564),(16,6565),(16,6566),(16,6567),(16,6568),(16,6569),(16,6570),(16,6571),(16,6572),(16,6573),(16,6574),(16,6575),(16,6576),(16,6577),(16,6578),(16,6579),(16,6580),(16,6581),(16,6582),(16,6583),(16,6584),(16,6585),(16,6586),(16,6587),(16,6588),(16,6589),(16,6590),(16,6591),(16,6592),(16,6593),(16,6594),(16,6595),(16,6596),(16,6597),(16,6598),(16,6599),(16,6600),(16,6601),(16,6602),(16,6603),(16,6604),(16,6605),(16,6606),(16,6607),(16,6608),(16,6609),(16,6610),(16,6611),(16,6612),(16,6613),(16,6614),(16,6615),(16,6616),(16,6617),(16,6618),(16,6619),(16,6620),(16,6621),(16,6622),(16,6623),(16,6624),(16,6625),(16,6626),(16,6627),(16,6628),(16,6629),(16,6630),(16,6631),(16,6632),(16,6633),(16,6634),(17,6635),(17,6636),(17,6637),(17,6638),(17,6639),(17,6640),(17,6641),(17,6642),(17,6643),(17,6644),(17,6645),(17,6646),(17,6647),(17,6648),(17,6649),(17,6650),(17,6651),(17,6652),(17,6653),(17,6654),(17,6655),(17,6656),(17,6657),(17,6658),(17,6659),(17,6660),(17,6661),(17,6662),(17,6663),(17,6664),(17,6665),(17,6666),(17,6667),(17,6668),(17,6669),(17,6670),(17,6671),(17,6672),(17,6673),(17,6674),(17,6675),(17,6676),(17,6677),(17,6678),(17,6679),(17,6680),(17,6681),(17,6682),(17,6683),(17,6684),(17,6685),(17,6686),(17,6687),(17,6688),(17,6689),(17,6690),(17,6691),(17,6692),(17,6693),(17,6694),(17,6695),(17,6696),(17,6697),(17,6698),(17,6699),(17,6700),(17,6701),(17,6702),(17,6703),(17,6704),(17,6705),(17,6706),(17,6707),(17,6708),(17,6709),(17,6710),(17,6711),(17,6712),(17,6713),(17,6714),(17,6715),(17,6716),(17,6717),(17,6718),(17,6719),(17,6720),(17,6721),(17,6722),(17,6723),(17,6724),(17,6725),(17,6726),(17,6727),(17,6728),(17,6729),(17,6730),(17,6731),(17,6732),(17,6733),(17,6734),(17,6735),(17,6736),(17,6737),(17,6738),(17,6739),(17,6740),(17,6741),(17,6742),(17,6743),(17,6744),(17,6745),(17,6746),(17,6747),(17,6748),(17,6749),(17,6750),(17,6751),(17,6752),(17,6753),(17,6754),(17,6755),(17,6756),(17,6757),(17,6758),(17,6759),(17,6760),(17,6761),(17,6762),(17,6763),(17,6764),(17,6765),(17,6766),(17,6767),(17,6768),(17,6769),(17,6770),(17,6771),(17,6772),(17,6773),(17,6774),(17,6775),(17,6776),(17,6777),(17,6778),(17,6779),(17,6780),(17,6781),(17,6782),(17,6783),(17,6784),(17,6785),(17,6786),(17,6787),(17,6788),(17,6789),(17,6790),(17,6791),(17,6792),(17,6793),(17,6794),(17,6795),(17,6796),(17,6797),(17,6798),(17,6799),(17,6800),(17,6801),(17,6802),(17,6803),(17,6804),(17,6805),(17,6806),(17,6807),(17,6808),(17,6809),(17,6810),(17,6811),(17,6812),(17,6813),(17,6814),(17,6815),(17,6816),(17,6817),(17,6818),(17,6819),(17,6820),(17,6821),(17,6822),(17,6823),(17,6824),(17,6825),(17,6826),(17,6827),(17,6828),(17,6829),(17,6830),(17,6831),(17,6832),(17,6833),(17,6834),(17,6835),(17,6836),(17,6837),(17,6838),(17,6839),(17,6840),(17,6841),(17,6842),(17,6843),(17,6844),(17,6845),(17,6846),(17,6847),(17,6848),(17,6849),(17,6850),(17,6851),(17,6852),(17,6853),(17,6854),(17,6855),(17,6856),(17,6857),(17,6858),(17,6859),(17,6860),(17,6861),(17,6862),(17,6863),(17,6864),(17,6865),(17,6866),(17,6867),(17,6868),(17,6869),(17,6870),(17,6871),(17,6872),(17,6873),(17,6874),(17,6875),(17,6876),(17,6877),(17,6878),(17,6879),(17,6880),(17,6881),(17,6882),(17,6883),(17,6884),(17,6885),(17,6886),(17,6887),(17,6888),(17,6889),(17,6890),(17,6891),(17,6892),(17,6893),(17,6894),(17,6895),(17,6896),(17,6897),(17,6898),(17,6899),(17,6900),(17,6901),(17,6902),(17,6903),(17,6904),(17,6905),(17,6906),(17,6907),(17,6908),(17,6909),(17,6910),(17,6911),(17,6912),(17,6913),(17,6914),(17,6915),(17,6916),(17,6917),(17,6918),(17,6919),(17,6920),(17,6921),(17,6922),(17,6923),(17,6924),(17,6925),(17,6926),(17,6927),(17,6928),(17,6929),(17,6930),(17,6931),(17,6932),(17,6933),(17,6934),(17,6935),(17,6936),(17,6937),(17,6938),(17,6939),(17,6940),(17,6941),(17,6942),(17,6943),(17,6944),(17,6945),(17,6946),(17,6947),(17,6948),(17,6949),(17,6950),(17,6951),(17,6952),(17,6953),(17,6954),(17,6955),(17,6956),(17,6957),(17,6958),(17,6959),(17,6960),(17,6961),(17,6962),(17,6963),(17,6964),(17,6965),(17,6966),(17,6967),(17,6968),(17,6969),(17,6970),(17,6971),(17,6972),(17,6973),(17,6974),(17,6975),(17,6976),(17,6977),(17,6978),(17,6979),(17,6980),(17,6981),(17,6982),(17,6983),(17,6984),(17,6985),(17,6986),(17,6987),(17,6988),(17,6989),(17,6990),(17,6991),(17,6992),(17,6993),(17,6994),(17,6995),(17,6996),(17,6997),(17,6998),(17,6999),(17,7000),(17,7001),(17,7002),(17,7003),(17,7004),(17,7005),(17,7006),(17,7007),(17,7008),(17,7009),(17,7010),(17,7011),(17,7012),(17,7013),(17,7014),(17,7015),(17,7016),(17,7017),(17,7018),(17,7019),(17,7020),(17,7021),(17,7022),(17,7023),(17,7024),(17,7025),(17,7026),(17,7027),(17,7028),(17,7029),(17,7030),(17,7031),(17,7032),(17,7033),(17,7034),(17,7035),(17,7036),(17,7037),(17,7038),(17,7039),(17,7040),(17,7041),(17,7042),(17,7043),(17,7044),(17,7045),(17,7046),(17,7047),(17,7048),(17,7049),(17,7050),(17,7051),(17,7052),(17,7053),(18,7054),(18,7055),(18,7056),(18,7057),(18,7058),(18,7059),(18,7060),(18,7061),(18,7062),(18,7063),(18,7064),(18,7065),(18,7066),(18,7067),(18,7068),(18,7069),(18,7070),(18,7071),(18,7072),(18,7073),(18,7074),(18,7075),(18,7076),(18,7077),(18,7078),(18,7079),(18,7080),(18,7081),(18,7082),(18,7083),(18,7084),(18,7085),(18,7086),(18,7087),(18,7088),(18,7089),(18,7090),(18,7091),(18,7092),(18,7093),(18,7094),(18,7095),(18,7096),(18,7097),(18,7098),(18,7099),(18,7100),(18,7101),(18,7102),(18,7103),(18,7104),(18,7105),(18,7106),(18,7107),(18,7108),(18,7109),(18,7110),(18,7111),(18,7112),(18,7113),(18,7114),(18,7115),(18,7116),(18,7117),(18,7118),(18,7119),(18,7120),(18,7121),(18,7122),(18,7123),(18,7124),(18,7125),(18,7126),(18,7127),(18,7128),(18,7129),(18,7130),(18,7131),(18,7132),(18,7133),(18,7134),(18,7135),(18,7136),(18,7137),(18,7138),(18,7139),(18,7140),(18,7141),(18,7142),(18,7143),(18,7144),(18,7145),(18,7146),(18,7147),(18,7148),(18,7149),(18,7150),(18,7151),(18,7152),(18,7153),(18,7154),(18,7155),(18,7156),(18,7157),(18,7158),(18,7159),(18,7160),(18,7161),(18,7162),(18,7163),(18,7164),(18,7165),(18,7166),(18,7167),(18,7168),(18,7169),(18,7170),(18,7171),(18,7172),(18,7173),(18,7174),(18,7175),(18,7176),(18,7177),(18,7178),(18,7179),(18,7180),(18,7181),(18,7182),(18,7183),(18,7184),(18,7185),(18,7186),(18,7187),(18,7188),(18,7189),(18,7190),(18,7191),(18,7192),(18,7193),(18,7194),(18,7195),(18,7196),(18,7197),(18,7198),(18,7199),(18,7200),(18,7201),(18,7202),(18,7203),(18,7204),(18,7205),(18,7206),(18,7207),(18,7208),(18,7209),(18,7210),(18,7211),(18,7212),(18,7213),(18,7214),(18,7215),(18,7216),(18,7217),(18,7218),(18,7219),(18,7220),(18,7221),(18,7222),(18,7223),(18,7224),(18,7225),(18,7226),(18,7227),(18,7228),(18,7229),(18,7230),(18,7231),(18,7232),(18,7233),(18,7234),(18,7235),(18,7236),(18,7237),(18,7238),(18,7239),(18,7240),(18,7241),(18,7242),(18,7243),(18,7244),(18,7245),(18,7246),(18,7247),(18,7248),(18,7249),(18,7250),(18,7251),(18,7252),(18,7253),(18,7254),(18,7255),(18,7256),(18,7257),(18,7258),(18,7259),(18,7260),(18,7261),(18,7262),(18,7263),(18,7264),(18,7265),(18,7266),(18,7267),(18,7268),(18,7269),(18,7270),(18,7271),(18,7272),(18,7273),(18,7274),(18,7275),(18,7276),(18,7277),(18,7278),(18,7279),(18,7280),(18,7281),(18,7282),(18,7283),(18,7284),(18,7285),(18,7286),(18,7287),(18,7288),(18,7289),(18,7290),(18,7291),(18,7292),(18,7293),(18,7294),(18,7295),(18,7296),(18,7297),(18,7298),(18,7299),(18,7300),(18,7301),(18,7302),(18,7303),(18,7304),(18,7305),(18,7306),(18,7307),(18,7308),(18,7309),(18,7310),(18,7311),(18,7312),(18,7313),(18,7314),(18,7315),(18,7316),(18,7317),(18,7318),(18,7319),(18,7320),(18,7321),(18,7322),(18,7323),(18,7324),(18,7325),(18,7326),(18,7327),(18,7328),(18,7329),(18,7330),(18,7331),(18,7332),(18,7333),(18,7334),(18,7335),(18,7336),(18,7337),(18,7338),(18,7339),(18,7340),(18,7341),(18,7342),(18,7343),(18,7344),(18,7345),(18,7346),(18,7347),(18,7348),(18,7349),(18,7350),(18,7351),(18,7352),(18,7353),(18,7354),(18,7355),(18,7356),(18,7357),(18,7358),(18,7359),(18,7360),(18,7361),(18,7362),(18,7363),(18,7364),(18,7365),(18,7366),(18,7367),(18,7368),(18,7369),(18,7370),(18,7371),(18,7372),(18,7373),(18,7374),(18,7375),(18,7376),(18,7377),(18,7378),(18,7379),(18,7380),(18,7381),(18,7382),(18,7383),(18,7384),(18,7385),(18,7386),(18,7387),(18,7388),(18,7389),(18,7390),(18,7391),(18,7392),(18,7393),(18,7394),(18,7395),(18,7396),(18,7397),(18,7398),(18,7399),(18,7400),(18,7401),(18,7402),(18,7403),(18,7404),(18,7405),(18,7406),(18,7407),(18,7408),(18,7409),(18,7410),(18,7411),(18,7412),(18,7413),(18,7414),(18,7415),(18,7416),(18,7417),(18,7418),(18,7419),(18,7420),(18,7421),(18,7422),(18,7423),(18,7424),(18,7425),(18,7426),(18,7427),(18,7428),(18,7429),(18,7430),(18,7431),(18,7432),(18,7433),(18,7434),(18,7435),(18,7436),(18,7437),(18,7438),(18,7439),(18,7440),(18,7441),(18,7442),(18,7443),(18,7444),(18,7445),(18,7446),(18,7447),(18,7448),(18,7449),(18,7450),(18,7451),(18,7452),(18,7453),(18,7454),(18,7455),(18,7456),(18,7457),(18,7458),(18,7459),(18,7460),(18,7461),(18,7462),(18,7463),(18,7464),(18,7465),(18,7466),(18,7467),(18,7468),(18,7469),(18,7470),(18,7471),(18,7472),(18,7473),(18,7474),(18,7475),(18,7476),(18,7477),(18,7478),(18,7479),(18,7480),(18,7481),(18,7482),(18,7483),(18,7484),(18,7485),(18,7486),(18,7487),(18,7488),(18,7489),(18,7490),(18,7491),(18,7492),(18,7493),(18,7494),(18,7495),(18,7496),(18,7497),(18,7498),(18,7499),(18,7500),(18,7501),(18,7502),(18,7503),(18,7504),(18,7505),(18,7506),(18,7507),(18,7508),(18,7509),(18,7510),(18,7511),(18,7512),(18,7513),(18,7514),(18,7515),(18,7516),(18,7517),(18,7518),(18,7519),(18,7520),(18,7521),(18,7522),(18,7523),(18,7524),(18,7525),(18,7526),(18,7527),(18,7528),(18,7529),(18,7530),(18,7531),(18,7532),(18,7533),(18,7534),(18,7535),(18,7536),(18,7537),(18,7538),(18,7539),(18,7540),(18,7541),(18,7542),(18,7543),(18,7544),(18,7545),(18,7546),(18,7547),(18,7548),(18,7549),(18,7550),(18,7551),(18,7552),(18,7553),(18,7554),(18,7555),(18,7556),(18,7557),(18,7558),(18,7559),(18,7560),(18,7561),(18,7562),(18,7563),(18,7564),(18,7565),(18,7566),(18,7567),(18,7568),(18,7569),(18,7570),(18,7571),(18,7572),(18,7573),(18,7574),(18,7575),(18,7576),(18,7577),(18,7578),(18,7579),(18,7580),(18,7581),(18,7582),(18,7583),(18,7584),(18,7585),(18,7586),(18,7587),(18,7588),(18,7589),(18,7590),(18,7591),(18,7592),(18,7593),(18,7594),(18,7595),(18,7596),(18,7597),(18,7598),(18,7599),(18,7600),(18,7601),(18,7602),(18,7603),(18,7604),(18,7605),(18,7606),(18,7607),(18,7608),(18,7609),(18,7610),(18,7611),(18,7612),(18,7613),(18,7614),(18,7615),(18,7616),(18,7617),(18,7618),(18,7619),(18,7620),(18,7621),(18,7622),(18,7623),(18,7624),(18,7625),(18,7626),(18,7627),(18,7628),(18,7629),(18,7630),(18,7631),(18,7632),(18,7633),(18,7634),(18,7635),(18,7636),(18,7637),(18,7638),(18,7639),(18,7640),(18,7641),(18,7642),(18,7643),(18,7644),(18,7645),(18,7646),(18,7647),(18,7648),(18,7649),(18,7650),(18,7651),(18,7652),(18,7653),(18,7654),(18,7655),(18,7656),(18,7657),(18,7658),(18,7659),(18,7660),(18,7661),(18,7662),(18,7663),(18,7664),(18,7665),(18,7666),(18,7667),(18,7668),(18,7669),(18,7670),(18,7671),(18,7672),(18,7673),(18,7674),(18,7675),(18,7676),(18,7677),(18,7678),(18,7679),(18,7680),(18,7681),(18,7682),(18,7683),(18,7684),(18,7685),(18,7686),(18,7687),(18,7688),(18,7689),(18,7690),(18,7691),(18,7692),(18,7693),(18,7694),(18,7695),(18,7696),(18,7697),(18,7698),(18,7699),(18,7700),(18,7701),(18,7702),(18,7703),(18,7704),(18,7705),(18,7706),(18,7707),(18,7708),(18,7709),(18,7710),(18,7711),(18,7712),(18,7713),(18,7714),(18,7715),(18,7716),(18,7717),(18,7718),(18,7719),(18,7720),(18,7721),(18,7722),(18,7723),(18,7724),(18,7725),(18,7726),(18,7727),(18,7728),(18,7729),(18,7730),(18,7731),(18,7732),(18,7733),(18,7734),(18,7735),(18,7736),(18,7737),(18,7738),(18,7739),(18,7740),(18,7741),(18,7742),(18,7743),(18,7744),(18,7745),(18,7746),(18,7747),(18,7748),(18,7749),(18,7750),(18,7751),(18,7752),(18,7753),(18,7754),(18,7755),(18,7756),(18,7757),(18,7758),(18,7759),(18,7760),(18,7761),(18,7762),(18,7763),(18,7764),(18,7765),(18,7766),(18,7767),(18,7768),(18,7769),(18,7770),(18,7771),(18,7772),(18,7773),(18,7774),(18,7775),(18,7776),(18,7777),(18,7778),(18,7779),(18,7780),(18,7781),(18,7782),(18,7783),(18,7784),(18,7785),(18,7786),(18,7787),(18,7788),(18,7789),(18,7790),(18,7791),(18,7792),(18,7793),(18,7794),(18,7795),(18,7796),(18,7797),(18,7798),(18,7799),(18,7800),(18,7801),(18,7802),(18,7803),(18,7804),(18,7805),(18,7806),(18,7807),(18,7808),(18,7809),(18,7810),(18,7811),(18,7812),(18,7813),(18,7814),(18,7815),(18,7816),(18,7817),(18,7818),(18,7819),(18,7820),(18,7821),(18,7822),(18,7823),(18,7824),(18,7825),(18,7826),(18,7827),(18,7828),(18,7829),(18,7830),(18,7831),(18,7832),(18,7833),(18,7834),(18,7835),(18,7836),(18,7837),(18,7838),(18,7839),(18,7840),(18,7841),(18,7842),(18,7843),(18,7844),(18,7845),(18,7846),(18,7847),(18,7848),(18,7849),(18,7850),(18,7851),(18,7852),(18,7853),(18,7854),(18,7855),(18,7856),(18,7857),(18,7858),(18,7859),(18,7860),(18,7861),(18,7862),(18,7863),(18,7864),(18,7865),(18,7866),(18,7867),(18,7868),(18,7869),(18,7870),(18,7871),(18,7872),(18,7873),(18,7874),(18,7875),(18,7876),(18,7877),(18,7878),(18,7879),(18,7880),(18,7881),(18,7882),(18,7883),(18,7884),(18,7885),(18,7886),(18,7887),(18,7888),(18,7889),(18,7890),(18,7891),(18,7892),(18,7893),(18,7894),(18,7895),(18,7896),(18,7897),(18,7898),(18,7899),(18,7900),(18,7901),(18,7902),(18,7903),(18,7904),(18,7905),(18,7906),(18,7907),(18,7908),(18,7909),(18,7910),(18,7911),(18,7912),(18,7913),(18,7914),(18,7915),(18,7916),(18,7917),(18,7918),(18,7919),(18,7920),(18,7921),(18,7922),(18,7923),(18,7924),(18,7925),(18,7926),(18,7927),(18,7928),(18,7929),(18,7930),(18,7931),(18,7932),(18,7933),(18,7934),(18,7935),(18,7936),(18,7937),(18,7938),(18,7939),(18,7940),(18,7941),(18,7942),(18,7943),(18,7944),(18,7945),(18,7946),(18,7947),(18,7948),(18,7949),(18,7950),(18,7951),(18,7952),(18,7953),(18,7954),(18,7955),(18,7956),(18,7957),(18,7958),(18,7959),(18,7960),(18,7961),(18,7962),(18,7963),(18,7964),(18,7965),(18,7966),(18,7967),(18,7968),(18,7969),(18,7970),(18,7971),(18,7972),(18,7973),(18,7974),(18,7975),(18,7976),(18,7977),(18,7978),(18,7979),(18,7980),(18,7981),(18,7982),(18,7983),(18,7984),(18,7985),(18,7986),(18,7987),(18,7988),(18,7989),(18,7990),(19,7991),(19,7992),(19,7993),(19,7994),(19,7995),(19,7996),(19,7997),(19,7998),(19,7999),(19,8000),(19,8001),(19,8002),(19,8003),(19,8004),(19,8005),(19,8006),(19,8007),(19,8008),(19,8009),(19,8010),(19,8011),(19,8012),(19,8013),(19,8014),(19,8015),(19,8016),(19,8017),(19,8018),(19,8019),(19,8020),(19,8021),(19,8022),(19,8023),(19,8024),(19,8025),(19,8026),(19,8027),(19,8028),(19,8029),(19,8030),(19,8031),(19,8032),(19,8033),(19,8034),(19,8035),(19,8036),(19,8037),(19,8038),(19,8039),(19,8040),(19,8041),(19,8042),(19,8043),(19,8044),(19,8045),(19,8046),(19,8047),(19,8048),(19,8049),(19,8050),(19,8051),(19,8052),(19,8053),(19,8054),(19,8055),(19,8056),(19,8057),(19,8058),(19,8059),(19,8060),(19,8061),(19,8062),(19,8063),(19,8064),(19,8065),(19,8066),(19,8067),(19,8068),(19,8069),(19,8070),(19,8071),(19,8072),(19,8073),(19,8074),(19,8075),(19,8076),(19,8077),(19,8078),(19,8079),(19,8080),(19,8081),(19,8082),(19,8083),(19,8084),(19,8085),(19,8086),(19,8087),(19,8088),(19,8089),(19,8090),(19,8091),(19,8092),(19,8093),(19,8094),(19,8095),(19,8096),(19,8097),(19,8098),(19,8099),(19,8100),(19,8101),(19,8102),(19,8103),(19,8104),(19,8105),(19,8106),(19,8107),(19,8108),(19,8109),(19,8110),(19,8111),(19,8112),(19,8113),(19,8114),(19,8115),(19,8116),(19,8117),(19,8118),(19,8119),(19,8120),(19,8121),(19,8122),(19,8123),(19,8124),(19,8125),(19,8126),(19,8127),(19,8128),(19,8129),(19,8130),(19,8131),(19,8132),(19,8133),(19,8134),(19,8135),(19,8136),(19,8137),(19,8138),(19,8139),(19,8140),(19,8141),(19,8142),(19,8143),(19,8144),(19,8145),(19,8146),(19,8147),(19,8148),(19,8149),(19,8150),(19,8151),(19,8152),(19,8153),(19,8154),(19,8155),(19,8156),(19,8157),(19,8158),(19,8159),(19,8160),(19,8161),(19,8162),(19,8163),(19,8164),(19,8165),(19,8166),(19,8167),(19,8168),(19,8169),(19,8170),(19,8171),(19,8172),(19,8173),(19,8174),(19,8175),(19,8176),(19,8177),(19,8178),(19,8179),(19,8180),(19,8181),(19,8182),(19,8183),(19,8184),(19,8185),(19,8186),(19,8187),(19,8188),(19,8189),(19,8190),(19,8191),(19,8192),(19,8193),(19,8194),(19,8195),(19,8196),(19,8197),(19,8198),(19,8199),(19,8200),(19,8201),(19,8202),(19,8203),(19,8204),(19,8205),(19,8206),(19,8207),(19,8208),(19,8209),(19,8210),(19,8211),(19,8212),(19,8213),(19,8214),(19,8215),(19,8216),(19,8217),(19,8218),(19,8219),(19,8220),(19,8221),(19,8222),(19,8223),(19,8224),(19,8225),(19,8226),(19,8227),(19,8228),(19,8229),(19,8230),(19,8231),(19,8232),(19,8233),(19,8234),(19,8235),(19,8236),(19,8237),(19,8238),(19,8239),(19,8240),(19,8241),(19,8242),(19,8243),(19,8244),(19,8245),(19,8246),(19,8247),(19,8248),(19,8249),(19,8250),(19,8251),(19,8252),(19,8253),(19,8254),(19,8255),(19,8256),(19,8257),(19,8258),(19,8259),(19,8260),(19,8261),(19,8262),(19,8263),(19,8264),(19,8265),(19,8266),(19,8267),(19,8268),(19,8269),(19,8270),(19,8271),(19,8272),(19,8273),(19,8274),(19,8275),(19,8276),(19,8277),(19,8278),(19,8279),(19,8280),(19,8281),(19,8282),(19,8283),(19,8284),(19,8285),(19,8286),(19,8287),(19,8288),(19,8289),(19,8290),(19,8291),(19,8292),(19,8293),(19,8294),(19,8295),(19,8296),(19,8297),(19,8298),(19,8299),(19,8300),(19,8301),(19,8302),(19,8303),(19,8304),(19,8305),(19,8306),(19,8307),(19,8308),(19,8309),(19,8310),(19,8311),(19,8312),(19,8313),(19,8314),(19,8315),(19,8316),(19,8317),(19,8318),(19,8319),(19,8320),(19,8321),(19,8322),(19,8323),(19,8324),(19,8325),(19,8326),(19,8327),(19,8328),(19,8329),(19,8330),(19,8331),(19,8332),(19,8333),(19,8334),(19,8335),(19,8336),(19,8337),(19,8338),(19,8339),(19,8340),(19,8341),(19,8342),(19,8343),(19,8344),(19,8345),(19,8346),(19,8347),(19,8348),(19,8349),(19,8350),(19,8351),(19,8352),(19,8353),(19,8354),(19,8355),(19,8356),(19,8357),(19,8358),(19,8359),(19,8360),(19,8361),(19,8362),(19,8363),(19,8364),(19,8365),(19,8366),(19,8367),(19,8368),(19,8369),(19,8370),(19,8371),(19,8372),(19,8373),(19,8374),(19,8375),(19,8376),(19,8377),(19,8378),(19,8379),(19,8380),(19,8381),(19,8382),(19,8383),(19,8384),(19,8385),(19,8386),(19,8387),(19,8388),(19,8389),(19,8390),(19,8391),(19,8392),(19,8393),(19,8394),(19,8395),(19,8396),(19,8397),(19,8398),(19,8399),(19,8400),(19,8401),(19,8402),(19,8403),(19,8404),(19,8405),(19,8406),(19,8407),(19,8408),(19,8409),(19,8410),(19,8411),(19,8412),(19,8413),(19,8414),(19,8415),(19,8416),(19,8417),(19,8418),(19,8419),(19,8420),(19,8421),(19,8422),(19,8423),(19,8424),(19,8425),(19,8426),(19,8427),(19,8428),(19,8429),(19,8430),(19,8431),(19,8432),(19,8433),(19,8434),(19,8435),(19,8436),(19,8437),(19,8438),(19,8439),(19,8440),(19,8441),(19,8442),(19,8443),(19,8444),(19,8445),(19,8446),(19,8447),(19,8448),(19,8449),(19,8450),(19,8451),(19,8452),(19,8453),(19,8454),(19,8455),(19,8456),(19,8457),(19,8458),(19,8459),(19,8460),(19,8461),(19,8462),(19,8463),(19,8464),(19,8465),(19,8466),(19,8467),(19,8468),(19,8469),(19,8470),(19,8471),(19,8472),(19,8473),(19,8474),(19,8475),(19,8476),(19,8477),(19,8478),(19,8479),(19,8480),(19,8481),(19,8482),(19,8483),(19,8484),(19,8485),(19,8486),(19,8487),(19,8488),(19,8489),(19,8490),(19,8491),(19,8492),(19,8493),(19,8494),(19,8495),(19,8496),(19,8497),(19,8498),(19,8499),(19,8500),(19,8501),(19,8502),(19,8503),(19,8504),(19,8505),(19,8506),(19,8507),(19,8508),(19,8509),(19,8510),(19,8511),(19,8512),(19,8513),(19,8514),(19,8515),(19,8516),(19,8517),(19,8518),(19,8519),(19,8520),(19,8521),(19,8522),(19,8523),(19,8524),(19,8525),(19,8526),(19,8527),(19,8528),(19,8529),(19,8530),(19,8531),(19,8532),(19,8533),(19,8534),(19,8535),(19,8536),(19,8537),(19,8538),(19,8539),(19,8540),(19,8541),(19,8542),(19,8543),(19,8544),(19,8545),(19,8546),(19,8547),(19,8548),(19,8549),(19,8550),(19,8551),(19,8552),(19,8553),(19,8554),(19,8555),(19,8556),(19,8557),(19,8558),(19,8559),(19,8560),(19,8561),(19,8562),(19,8563),(19,8564),(19,8565),(19,8566),(19,8567),(19,8568),(19,8569),(19,8570),(19,8571),(19,8572),(19,8573),(19,8574),(19,8575),(19,8576),(19,8577),(19,8578),(19,8579),(19,8580),(19,8581),(19,8582),(19,8583),(19,8584),(19,8585),(19,8586),(19,8587),(19,8588),(19,8589),(19,8590),(19,8591),(19,8592),(19,8593),(19,8594),(19,8595),(19,8596),(19,8597),(19,8598),(19,8599),(19,8600),(19,8601),(19,8602),(19,8603),(19,8604),(19,8605),(19,8606),(19,8607),(19,8608),(19,8609),(19,8610),(19,8611),(19,8612),(19,8613),(19,8614),(19,8615),(19,8616),(19,8617),(19,8618),(19,8619),(19,8620),(19,8621),(19,8622),(19,8623),(19,8624),(19,8625),(19,8626),(19,8627),(19,8628),(19,8629),(19,8630),(19,8631),(19,8632),(19,8633),(19,8634),(19,8635),(19,8636),(19,8637),(19,8638),(19,8639),(19,8640),(19,8641),(19,8642),(19,8643),(19,8644),(19,8645),(19,8646),(19,8647),(19,8648),(19,8649),(19,8650),(19,8651),(19,8652),(19,8653),(19,8654),(19,8655),(19,8656),(19,8657),(19,8658),(19,8659),(19,8660),(19,8661),(19,8662),(19,8663),(19,8664),(19,8665),(19,8666),(19,8667),(19,8668),(19,8669),(19,8670),(19,8671),(19,8672),(19,8673),(19,8674),(19,8675),(19,8676),(19,8677),(19,8678),(19,8679),(19,8680),(19,8681),(19,8682),(19,8683),(19,8684),(19,8685),(19,8686),(19,8687),(19,8688),(19,8689),(19,8690),(19,8691),(19,8692),(19,8693),(19,8694),(19,8695),(19,8696),(19,8697),(19,8698),(19,8699),(19,8700),(19,8701),(19,8702),(19,8703),(19,8704),(19,8705),(19,8706),(19,8707),(19,8708),(19,8709),(19,8710),(19,8711),(19,8712),(19,8713),(19,8714),(19,8715),(19,8716),(19,8717),(19,8718),(19,8719),(19,8720),(19,8721),(19,8722),(19,8723),(19,8724),(19,8725),(19,8726),(19,8727),(19,8728),(19,8729),(19,8730),(19,8731),(19,8732),(19,8733),(19,8734),(19,8735),(19,8736),(19,8737),(19,8738),(19,8739),(19,8740),(19,8741),(19,8742),(19,8743),(19,8744),(19,8745),(19,8746),(19,8747),(19,8748),(19,8749),(19,8750),(19,8751),(19,8752),(19,8753),(19,8754),(19,8755),(19,8756),(19,8757),(19,8758),(19,8759),(19,8760),(19,8761),(19,8762),(19,8763),(19,8764),(19,8765),(19,8766),(19,8767),(19,8768),(19,8769),(19,8770),(19,8771),(19,8772),(19,8773),(19,8774),(19,8775),(19,8776),(19,8777),(21,10138),(21,10139),(21,10140),(21,10141),(21,10142),(21,10143),(21,10144),(21,10145),(21,10146),(21,10147),(21,10148),(21,10149),(21,10150),(21,10151),(21,10152),(21,10153),(21,10154),(21,10155),(21,10156),(21,10157),(21,10158),(21,10159),(21,10160),(21,10161),(21,10162),(21,10163),(21,10164),(21,10165),(21,10166),(21,10167),(21,10168),(21,10169),(21,10170),(21,10171),(21,10172),(21,10173),(21,10174),(21,10175),(21,10176),(21,10177),(21,10178),(21,10179),(21,10180),(21,10181),(21,10182),(21,10183),(21,10184),(21,10185),(21,10186),(21,10187),(21,10188),(21,10189),(21,10190),(21,10191),(21,10192),(21,10193),(21,10194),(21,10195),(21,10196),(21,10197),(21,10198),(21,10199),(21,10200),(21,10201),(21,10202),(21,10203),(21,10204),(21,10205),(21,10206),(21,10207),(21,10208),(21,10209),(21,10210),(21,10211),(21,10212),(21,10213),(21,10214),(21,10215),(21,10216),(21,10217),(21,10218),(21,10219),(21,10220),(21,10221),(21,10222),(21,10223),(21,10224),(21,10225),(21,10226),(21,10227),(21,10228),(21,10229),(21,10230),(21,10231),(21,10232),(21,10233),(21,10234),(21,10235),(21,10236),(21,10237),(21,10238),(21,10239),(21,10240),(21,10241),(21,10242),(21,10243),(21,10244),(21,10245),(21,10246),(21,10247),(21,10248),(21,10249),(21,10250),(21,10251),(21,10252),(21,10253),(21,10254),(21,10255),(21,10256),(21,10257),(21,10258),(21,10259),(21,10260),(21,10261),(21,10262),(21,10263),(21,10264),(21,10265),(21,10266),(21,10267),(21,10268),(21,10269),(21,10270),(21,10271),(21,10272),(21,10273),(21,10274),(21,10275),(21,10276),(21,10277),(21,10278),(21,10279),(21,10280),(21,10281),(21,10282),(21,10283),(21,10284),(21,10285),(21,10286),(21,10287),(21,10288),(21,10289),(21,10290),(21,10291),(21,10292),(21,10293),(21,10294),(21,10295),(21,10296),(21,10297),(21,10298),(21,10299),(21,10300),(21,10301),(21,10302),(21,10303),(21,10304),(21,10305),(21,10306),(21,10307),(21,10308),(21,10309),(21,10310),(21,10311),(21,10312),(21,10313),(21,10314),(21,10315),(21,10316),(21,10317),(21,10318),(21,10319),(21,10320),(21,10321),(21,10322),(21,10323),(21,10324),(21,10325),(21,10326),(21,10327),(21,10328),(21,10329),(21,10330),(21,10331),(21,10332),(21,10333),(21,10334),(21,10335),(21,10336),(21,10337),(21,10338),(21,10339),(21,10340),(21,10341),(21,10342),(21,10343),(21,10344),(21,10345),(21,10346),(21,10347),(21,10348),(21,10349),(21,10350),(21,10351),(21,10352),(21,10353),(21,10354),(21,10355),(21,10356),(21,10357),(21,10358),(21,10359),(21,10360),(21,10361),(21,10362),(21,10363),(21,10364),(21,10365),(21,10366),(21,10367),(21,10368),(21,10369),(21,10370),(21,10371),(21,10372),(21,10373),(21,10374),(21,10375),(21,10376),(21,10377),(21,10378),(21,10379),(21,10380),(21,10381),(21,10382),(21,10383),(21,10384),(21,10385),(21,10386),(21,10387),(21,10388),(21,10389),(21,10390),(21,10391),(21,10392),(21,10393),(21,10394),(21,10395),(21,10396),(21,10397),(21,10398),(21,10399),(21,10400),(21,10401),(21,10402),(21,10403),(21,10404),(21,10405),(21,10406),(21,10407),(21,10408),(21,10409),(21,10410),(21,10411),(21,10412),(21,10413),(21,10414),(21,10415),(21,10416),(21,10417),(21,10418),(21,10419),(21,10420),(21,10421),(21,10422),(21,10423),(21,10424),(21,10425),(21,10426),(21,10427),(21,10428),(21,10429),(21,10430),(21,10431),(21,10432),(21,10433),(21,10434),(21,10435),(21,10436),(21,10437),(21,10438),(21,10439),(21,10440),(21,10441),(21,10442),(21,10443),(21,10444),(21,10445),(21,10446),(21,10447),(21,10448),(21,10449),(21,10450),(21,10451),(21,10452),(21,10453),(21,10454),(21,10455),(21,10456),(21,10457),(21,10458),(21,10459),(21,10460),(21,10461),(21,10462),(21,10463),(21,10464),(21,10465),(21,10466),(21,10467),(21,10468),(21,10469),(21,10470),(21,10471),(21,10472),(21,10473),(21,10474),(21,10475),(21,10476),(21,10477),(21,10478),(21,10479),(21,10480),(21,10481),(21,10482),(21,10483),(21,10484),(21,10485),(21,10486),(21,10487),(21,10488),(21,10489),(21,10490),(21,10491),(21,10492),(21,10493),(21,10494),(21,10495),(21,10496),(21,10497),(21,10498),(21,10499),(21,10500),(21,10501),(21,10502),(21,10503),(21,10504),(21,10505),(21,10506),(21,10507),(21,10508),(21,10509),(21,10510),(21,10511),(21,10512),(21,10513),(21,10514),(21,10515),(21,10516),(21,10517),(21,10518),(21,10519),(21,10520),(21,10521),(21,10522),(21,10523),(21,10524),(21,10525),(21,10526),(21,10527),(21,10528),(21,10529),(21,10530),(21,10531),(21,10532),(21,10533),(21,10534),(21,10535),(21,10536),(21,10537),(21,10538),(21,10539),(21,10540),(21,10541),(21,10542),(21,10543),(21,10544),(21,10545),(21,10546),(21,10547),(21,10548),(21,10549),(21,10550),(21,10551),(21,10552),(21,10553),(21,10554),(21,10555),(21,10556),(21,10557),(21,10558),(21,10559),(21,10560),(21,10561),(21,10562),(21,10563),(21,10564),(21,10565),(21,10566),(21,10567),(21,10568),(21,10569),(21,10570),(21,10571),(21,10572),(21,10573),(21,10574),(21,10575),(21,10576),(21,10577),(21,10578),(21,10579),(21,10580),(21,10581),(21,10582),(21,10583),(21,10584),(21,10585),(21,10586),(21,10587),(21,10588),(21,10589),(21,10590),(21,10591),(21,10592),(21,10593),(21,10594),(21,10595),(21,10596),(21,10597),(21,10598),(21,10599),(21,10600),(21,10601),(21,10602),(21,10603),(21,10604),(21,10605),(21,10606),(21,10607),(21,10608),(21,10609),(21,10610),(21,10611),(21,10612),(21,10613),(21,10614),(21,10615),(21,10616),(21,10617),(21,10618),(21,10619),(21,10620),(21,10621),(21,10622),(21,10623),(21,10624),(21,10625),(21,10626),(21,10627),(21,10628),(21,10629),(21,10630),(21,10631),(21,10632),(21,10633),(21,10634),(21,10635),(21,10636),(21,10637),(21,10638),(21,10639),(21,10640),(21,10641),(21,10642),(21,10643),(21,10644),(21,10645),(21,10646),(21,10647),(21,10648),(21,10649),(21,10650),(21,10651),(21,10652),(21,10653),(21,10654),(21,10655),(21,10656),(21,10657),(21,10658),(21,10659),(21,10660),(21,10661),(21,10662),(21,10663),(21,10664),(21,10665),(21,10666),(21,10667),(21,10668),(21,10669),(21,10670),(21,10671),(21,10672),(21,10673),(21,10674),(21,10675),(21,10676),(21,10677),(21,10678),(21,10679),(21,10680),(21,10681),(21,10682),(21,10683),(21,10684),(21,10685),(21,10686),(21,10687),(21,10688),(21,10689),(21,10690),(21,10691),(21,10692),(21,10693),(21,10694),(21,10695),(21,10696),(21,10697),(21,10698),(21,10699),(21,10700),(21,10701),(21,10702),(21,10703),(21,10704),(21,10705),(21,10706),(21,10707),(21,10708),(21,10709),(21,10710),(21,10711),(21,10712),(21,10713),(21,10714),(21,10715),(21,10716),(21,10717),(21,10718),(21,10719),(21,10720),(21,10721),(21,10722),(21,10723),(21,10724),(21,10725),(21,10726),(21,10727),(21,10728),(21,10729),(21,10730),(21,10731),(21,10732),(21,10733),(21,10734),(21,10735),(21,10736),(21,10737),(21,10738),(21,10739),(21,10740),(21,10741),(21,10742),(21,10743),(21,10744),(21,10745),(21,10746),(21,10747),(21,10748),(21,10749),(21,10750),(21,10751),(21,10752),(21,10753),(21,10754),(21,10755),(21,10756),(21,10757),(21,10758),(21,10759),(21,10760),(21,10761),(21,10762),(21,10763),(21,10764),(21,10765),(21,10766),(21,10767),(21,10768),(21,10769),(21,10770),(21,10771),(21,10772),(21,10773),(21,10774),(21,10775),(21,10776),(21,10777),(21,10778),(21,10779),(21,10780),(21,10781),(21,10782),(21,10783),(21,10784),(21,10785),(21,10786),(21,10787),(21,10788),(21,10789),(21,10790),(21,10791),(21,10792),(21,10793),(21,10794),(21,10795),(21,10796),(21,10797),(21,10798),(21,10799),(21,10800),(21,10801),(21,10802),(21,10803),(21,10804),(21,10805),(21,10806),(21,10807),(21,10808),(21,10809),(21,10810),(21,10811),(21,10812),(21,10813),(21,10814),(21,10815),(21,10816),(21,10817),(21,10818),(21,10819),(21,10820),(21,10821),(21,10822),(21,10823),(21,10824),(21,10825),(21,10826),(21,10827),(21,10828),(21,10829),(21,10830),(21,10831),(21,10832),(21,10833),(21,10834),(21,10835),(21,10836),(21,10837),(21,10838),(21,10839),(21,10840),(21,10841),(21,10842),(21,10843),(21,10844),(21,10845),(21,10846),(21,10847),(21,10848),(21,10849),(21,10850),(21,10851),(21,10852),(21,10853),(21,10854),(21,10855),(21,10856),(21,10857),(21,10858),(21,10859),(21,10860),(21,10861),(21,10862),(21,10863),(21,10864),(21,10865),(21,10866),(21,10867),(21,10868),(21,10869),(21,10870),(21,10871),(21,10872),(21,10873),(21,10874),(21,10875),(21,10876),(21,10877),(21,10878),(21,10879),(21,10880),(21,10881),(21,10882),(21,10883),(21,10884),(21,10885),(21,10886),(21,10887),(21,10888),(21,10889),(21,10890),(21,10891),(21,10892),(21,10893),(21,10894),(21,10895),(21,10896),(21,10897),(21,10898),(21,10899),(21,10900),(21,10901),(21,10902),(21,10903),(21,10904),(21,10905),(21,10906),(21,10907),(21,10908),(21,10909),(21,10910),(21,10911),(21,10912),(21,10913),(21,10914),(21,10915),(21,10916),(21,10917),(21,10918),(21,10919),(21,10920),(21,10921),(21,10922),(21,10923),(21,10924),(21,10925),(21,10926),(21,10927),(21,10928),(21,10929),(21,10930),(21,10931),(21,10932),(21,10933),(21,10934),(21,10935),(21,10936),(21,10937),(21,10938),(21,10939),(21,10940),(21,10941),(21,10942),(21,10943),(21,10944),(21,10945),(21,10946),(21,10947),(21,10948),(21,10949),(21,10950),(21,10951),(21,10952),(21,10953),(21,10954),(21,10955),(21,10956),(21,10957),(21,10958),(21,10959),(21,10960),(21,10961),(21,10962),(21,10963),(21,10964),(21,10965),(21,10966),(21,10967),(21,10968),(21,10969),(21,10970),(21,10971),(21,10972),(21,10973),(21,10974),(21,10975),(21,10976),(21,10977),(21,10978),(21,10979),(21,10980),(21,10981),(21,10982),(21,10983),(21,10984),(21,10985),(21,10986),(21,10987),(21,10988),(21,10989),(21,10990),(21,10991),(21,10992),(21,10993),(21,10994),(21,10995),(21,10996),(21,10997),(21,10998),(21,10999),(21,11000),(21,11001),(21,11002),(21,11003),(21,11004),(21,11005),(21,11006),(21,11007),(21,11008),(21,11009),(21,11010),(21,11011),(21,11012),(21,11013),(21,11014),(21,11015),(21,11016),(21,11017),(21,11018),(21,11019),(21,11020),(21,11021),(21,11022),(21,11023),(21,11024),(21,11025),(21,11026),(21,11027),(21,11028),(21,11029),(21,11030),(21,11031),(21,11032),(21,11033),(21,11034),(21,11035),(21,11036),(21,11037),(21,11038),(21,11039),(21,11040),(21,11041),(21,11042),(21,11043),(21,11044),(21,11045),(21,11046),(21,11047),(21,11048),(21,11049),(21,11050),(21,11051),(21,11052),(21,11053),(21,11054),(21,11055),(21,11056),(21,11057),(21,11058),(21,11059),(21,11060),(21,11061),(21,11062),(21,11063),(21,11064),(21,11065),(21,11066),(21,11067),(21,11068),(21,11069),(21,11070),(21,11071),(21,11072),(21,11073),(21,11074),(21,11075),(21,11076),(21,11077),(21,11078),(21,11079),(21,11080),(21,11081),(21,11082),(21,11083),(21,11084),(21,11085),(21,11086),(21,11087),(21,11088),(21,11089),(21,11090),(21,11091),(21,11092),(21,11093),(21,11094),(21,11095),(21,11096),(21,11097),(21,11098),(21,11099),(21,11100),(21,11101),(21,11102),(21,11103),(21,11104),(21,11105),(21,11106),(21,11107),(21,11108),(21,11109),(21,11110),(21,11111),(21,11112),(21,11113),(21,11114),(21,11115),(21,11116),(21,11117),(21,11118),(21,11119),(21,11120),(21,11121),(21,11122),(21,11123),(21,11124),(21,11125),(21,11126),(21,11127),(21,11128),(21,11129),(21,11130),(21,11131),(21,11132),(21,11133),(21,11134),(21,11135),(21,11136),(21,11137),(21,11138),(21,11139),(21,11140),(21,11141),(21,11142),(21,11143),(21,11144),(21,11145),(21,11146),(21,11147),(21,11148),(21,11149),(21,11150),(21,11151),(21,11152),(21,11153),(21,11154),(21,11155),(21,11156),(21,11157),(21,11158),(21,11159),(21,11160),(21,11161),(21,11162),(21,11163),(21,11164),(21,11165),(21,11166),(21,11167),(21,11168),(21,11169),(21,11170),(21,11171),(21,11172),(21,11173),(21,11174),(21,11175),(21,11176),(21,11177),(21,11178),(21,11179),(21,11180),(21,11181),(21,11182),(21,11183),(21,11184),(21,11185),(21,11186),(21,11187),(21,11188),(21,11189),(21,11190),(21,11191),(21,11192),(21,11193),(21,11194),(21,11195),(21,11196),(21,11197),(21,11198),(21,11199),(21,11200),(21,11201),(21,11202),(21,11203),(21,11204),(21,11205),(21,11206),(21,11207),(21,11208),(21,11209),(21,11210),(21,11211),(21,11212),(21,11213),(21,11214),(21,11215),(21,11216),(21,11217),(21,11218),(21,11219),(21,11220),(21,11221),(21,11222),(21,11223),(21,11224),(21,11225),(21,11226),(21,11227),(21,11228),(21,11229),(21,11230),(21,11231),(21,11232),(21,11233),(21,11234),(21,11235),(21,11236),(21,11237),(21,11238),(21,11239),(21,11240),(21,11241),(21,11242),(21,11243),(21,11244),(21,11245),(21,11246),(21,11247),(21,11248),(21,11249),(21,11250),(21,11251),(21,11252),(21,11253),(21,11254),(21,11255),(21,11256),(21,11257),(21,11258),(21,11259),(21,11260),(21,11261),(21,11262),(21,11263),(21,11264),(21,11265),(21,11266),(21,11267),(21,11268),(21,11269),(21,11270),(21,11271),(21,11272),(21,11273),(21,11274),(21,11275),(21,11276),(21,11277),(21,11278),(21,11279),(21,11280),(21,11281),(21,11282),(21,11283),(21,11284),(21,11285),(21,11286),(21,11287),(21,11288),(21,11289),(21,11290),(21,11291),(21,11292),(21,11293),(21,11294),(21,11295),(21,11296),(21,11297),(21,11298),(21,11299),(21,11300),(21,11301),(21,11302),(21,11303),(21,11304),(21,11305),(21,11306),(21,11307),(21,11308),(21,11309),(21,11310),(21,11311),(21,11312),(21,11313),(21,11314),(21,11315),(21,11316),(21,11317),(21,11318),(21,11319),(21,11320),(21,11321),(21,11322),(21,11323),(21,11324),(21,11325),(21,11326),(21,11327),(21,11328),(21,11329),(21,11330),(21,11331),(21,11332),(21,11333),(21,11334),(21,11335),(21,11336),(21,11337),(21,11338),(21,11339),(21,11340),(21,11341),(21,11342),(21,11343),(21,11344),(21,11345),(21,11346),(21,11347),(21,11348),(21,11349),(21,11350),(21,11351),(21,11352),(21,11353),(21,11354),(21,11355),(21,11356),(21,11357),(21,11358),(21,11359),(21,11360),(21,11361),(21,11362),(21,11363),(21,11364),(21,11365),(21,11366),(21,11367),(21,11368),(21,11369),(21,11370),(21,11371),(21,11372),(21,11373),(21,11374),(21,11375),(21,11376),(21,11377),(21,11378),(21,11379),(21,11380),(21,11381),(21,11382),(21,11383),(21,11384),(21,11385),(21,11386),(21,11387),(21,11388),(21,11389),(21,11390),(21,11391),(21,11392),(21,11393),(21,11394),(21,11395),(21,11396),(21,11397),(21,11398),(21,11399),(21,11400),(21,11401),(21,11402),(21,11403),(21,11404),(21,11405),(21,11406),(21,11407),(21,11408),(21,11409),(21,11410),(21,11411),(21,11412),(21,11413),(21,11414),(21,11415),(21,11416),(21,11417),(21,11418),(21,11419),(21,11420),(21,11421),(21,11422),(21,11423),(21,11424),(21,11425),(21,11426),(21,11427),(21,11428),(21,11429),(21,11430),(21,11431),(21,11432),(21,11433),(21,11434),(21,11435),(21,11436),(21,11437),(21,11438),(21,11439),(21,11440),(21,11441),(21,11442),(21,11443),(21,11444),(21,11445),(21,11446),(21,11447),(21,11448),(21,11449),(21,11450),(21,11451),(21,11452),(21,11453),(21,11454),(21,11455),(21,11456),(21,11457),(21,11458),(21,11459),(21,11460),(21,11461),(21,11462),(21,11463),(21,11464),(21,11465),(21,11466),(21,11467),(21,11468),(21,11469),(21,11470),(21,11471),(21,11472),(21,11473),(21,11474),(21,11475),(21,11476),(21,11477),(21,11478),(21,11479),(21,11480),(21,11481),(21,11482),(21,11483),(21,11484),(21,11485),(21,11486),(21,11487),(21,11488),(21,11489),(21,11490),(21,11491),(21,11492),(21,11493),(21,11494),(21,11495),(21,11496),(21,11497),(21,11498),(21,11499),(21,11500),(21,11501),(21,11502),(21,11503),(21,11504),(21,11505),(21,11506),(21,11507),(21,11508),(21,11509),(21,11510),(21,11511),(21,11512),(21,11513),(21,11514),(21,11515),(21,11516),(21,11517),(21,11518),(21,11519),(21,11520),(21,11521),(21,11522),(21,11523),(21,11524),(21,11525),(21,11526),(21,11527),(21,11528),(21,11529),(21,11530),(21,11531),(21,11532),(21,11533),(21,11534),(21,11535),(21,11536),(21,11537),(21,11538),(21,11539),(21,11540),(21,11541),(21,11542),(21,11543),(21,11544),(21,11545),(21,11546),(21,11547),(21,11548),(21,11549),(21,11550),(21,11551),(21,11552),(21,11553),(21,11554),(21,11555),(21,11556),(21,11557),(21,11558),(21,11559),(21,11560),(21,11561),(21,11562),(21,11563),(21,11564),(21,11565),(21,11566),(21,11567),(21,11568),(21,11569),(21,11570),(21,11571),(21,11572),(21,11573),(21,11574),(21,11575),(21,11576),(21,11577),(21,11578),(21,11579),(21,11580),(21,11581),(21,11582),(21,11583),(21,11584),(21,11585),(21,11586),(21,11587),(21,11588),(21,11589),(21,11590),(21,11591),(21,11592),(21,11593),(21,11594),(21,11595),(21,11596),(21,11597),(21,11598),(21,11599),(21,11600),(21,11601),(21,11602),(21,11603),(21,11604),(21,11605),(21,11606),(21,11607),(21,11608),(21,11609),(21,11610),(21,11611),(21,11612),(21,11613),(21,11614),(21,11615),(21,11616),(21,11617),(21,11618),(21,11619),(21,11620),(21,11621),(21,11622),(21,11623),(21,11624),(21,11625),(21,11626),(21,11627),(21,11628),(21,11629),(21,11630),(21,11631),(21,11632),(21,11633),(21,11634),(21,11635),(21,11636),(21,11637),(21,11638),(21,11639),(21,11640),(21,11641),(21,11642),(21,11643),(21,11644),(21,11645),(21,11646),(21,11647),(21,11648),(21,11649),(21,11650),(21,11651),(21,11652),(21,11653),(21,11654),(21,11655),(21,11656),(21,11657),(21,11658),(21,11659),(21,11660),(21,11661),(21,11662),(21,11663),(21,11664),(21,11665),(21,11666),(21,11667),(21,11668),(21,11669),(21,11670),(21,11671),(21,11672),(21,11673),(21,11674),(21,11675),(21,11676),(21,11677),(21,11678),(21,11679),(21,11680),(21,11681),(21,11682),(21,11683),(21,11684),(21,11685),(21,11686),(21,11687),(21,11688),(21,11689),(21,11690),(21,11691),(21,11692),(21,11693),(21,11694),(21,11695),(21,11696),(21,11697),(21,11698),(21,11699),(21,11700),(21,11701),(21,11702),(21,11703),(21,11704),(21,11705),(21,11706),(21,11707),(21,11708),(21,11709),(21,11710),(21,11711),(21,11712),(21,11713),(21,11714),(21,11715),(21,11716),(21,11717),(21,11718),(21,11719),(21,11720),(21,11721),(21,11722),(21,11723),(21,11724),(21,11725),(21,11726),(21,11727),(21,11728),(21,11729),(21,11730),(21,11731),(21,11732),(21,11733),(21,11734),(21,11735),(21,11736),(21,11737),(21,11738),(21,11739),(21,11740),(21,11741),(21,11742),(21,11743),(21,11744),(21,11745),(21,11746),(21,11747),(21,11748),(21,11749),(21,11750),(21,11751),(21,11752),(21,11753),(21,11754),(21,11755),(21,11756),(21,11757),(21,11758),(21,11759),(21,11760),(21,11761),(21,11762),(21,11763),(21,11764),(21,11765),(21,11766),(21,11767),(21,11768),(21,11769),(21,11770),(21,11771),(21,11772),(21,11773),(21,11774),(21,11775),(21,11776),(21,11777),(21,11778),(21,11779),(21,11780),(21,11781),(21,11782),(21,11783),(21,11784),(21,11785),(21,11786),(21,11787),(21,11788),(21,11789),(21,11790),(21,11791),(21,11792),(21,11793),(21,11794),(21,11795),(21,11796),(21,11797),(21,11798),(21,11799),(21,11800),(21,11801),(21,11802),(21,11803),(21,11804),(21,11805),(21,11806),(21,11807),(21,11808),(21,11809),(21,11810),(21,11811),(21,11812),(21,11813),(21,11814),(21,11815),(21,11816),(21,11817),(21,11818),(21,11819),(21,11820),(21,11821),(21,11822),(21,11823),(21,11824),(21,11825),(21,11826),(21,11827),(21,11828),(21,11829),(21,11830),(21,11831),(21,11832),(21,11833),(21,11834),(21,11835),(21,11836),(21,11837),(21,11838),(21,11839),(21,11840),(21,11841),(21,11842),(21,11843),(21,11844),(21,11845),(21,11846),(21,11847),(21,11848),(21,11849),(21,11850),(21,11851),(21,11852),(21,11853),(21,11854),(21,11855),(21,11856),(22,11857),(22,11858),(22,11859),(22,11860),(22,11861),(22,11862),(22,11863),(22,11864),(22,11865),(22,11866),(22,11867),(22,11868),(22,11869),(22,11870),(22,11871),(22,11872),(22,11873),(22,11874),(22,11875),(22,11876),(22,11877),(22,11878),(22,11879),(22,11880),(22,11881),(22,11882),(22,11883),(22,11884),(22,11885),(22,11886),(22,11887),(22,11888),(22,11889),(22,11890),(22,11891),(22,11892),(22,11893),(22,11894),(22,11895),(22,11896),(22,11897),(22,11898),(22,11899),(22,11900),(22,11901),(22,11902),(22,11903),(22,11904),(22,11905),(22,11906),(22,11907),(22,11908),(22,11909),(22,11910),(22,11911),(22,11912),(22,11913),(22,11914),(22,11915),(22,11916),(22,11917),(22,11918),(22,11919),(22,11920),(22,11921),(22,11922),(22,11923),(22,11924),(22,11925),(22,11926),(22,11927),(22,11928),(22,11929),(22,11930),(22,11931),(22,11932),(22,11933),(22,11934),(22,11935),(22,11936),(22,11937),(22,11938),(22,11939),(22,11940),(22,11941),(22,11942),(22,11943),(22,11944),(22,11945),(22,11946),(22,11947),(22,11948),(22,11949),(22,11950),(22,11951),(22,11952),(22,11953),(22,11954),(22,11955),(22,11956),(22,11957),(22,11958),(22,11959),(22,11960),(22,11961),(22,11962),(22,11963),(22,11964),(22,11965),(22,11966),(22,11967),(22,11968),(22,11969),(22,11970),(22,11971),(22,11972),(22,11973),(22,11974),(22,11975),(22,11976),(22,11977),(22,11978),(22,11979),(22,11980),(22,11981),(22,11982),(22,11983),(22,11984),(22,11985),(22,11986),(22,11987),(22,11988),(22,11989),(22,11990),(22,11991),(22,11992),(22,11993),(22,11994),(22,11995),(22,11996),(22,11997),(22,11998),(22,11999),(22,12000),(22,12001),(22,12002),(22,12003),(22,12004),(22,12005),(22,12006),(22,12007),(22,12008),(22,12009),(22,12010),(22,12011),(22,12012),(22,12013),(22,12014),(22,12015),(22,12016),(22,12017),(22,12018),(22,12019),(22,12020),(22,12021),(22,12022),(22,12023),(22,12024),(22,12025),(22,12026),(22,12027),(22,12028),(22,12029),(22,12030),(22,12031),(22,12032),(22,12033),(22,12034),(22,12035),(22,12036),(22,12037),(22,12038),(22,12039),(22,12040),(22,12041),(22,12042),(22,12043),(22,12044),(22,12045),(22,12046),(22,12047),(22,12048),(22,12049),(22,12050),(22,12051),(22,12052),(22,12053),(22,12054),(22,12055),(22,12056),(22,12057),(22,12058),(22,12059),(22,12060),(22,12061),(22,12062),(22,12063),(22,12064),(22,12065),(22,12066),(22,12067),(22,12068),(22,12069),(22,12070),(22,12071),(22,12072),(22,12073),(22,12074),(22,12075),(22,12076),(22,12077),(22,12078),(22,12079),(22,12080),(22,12081),(22,12082),(22,12083),(22,12084),(22,12085),(22,12086),(22,12087),(22,12088),(22,12089),(22,12090),(22,12091),(22,12092),(22,12093),(22,12094),(22,12095),(22,12096),(22,12097),(22,12098),(22,12099),(22,12100),(22,12101),(22,12102),(22,12103),(22,12104),(22,12105),(22,12106),(22,12107),(22,12108),(22,12109),(22,12110),(22,12111),(22,12112),(22,12113),(22,12114),(22,12115),(22,12116),(22,12117),(22,12118),(22,12119),(22,12120),(22,12121),(22,12122),(22,12123),(22,12124),(22,12125),(22,12126),(22,12127),(22,12128),(22,12129),(22,12130),(22,12131),(22,12132),(22,12133),(22,12134),(22,12135),(22,12136),(22,12137),(22,12138),(22,12139),(22,12140),(22,12141),(22,12142),(22,12143),(22,12144),(22,12145),(22,12146),(22,12147),(22,12148),(22,12149),(22,12150),(22,12151),(22,12152),(22,12153),(22,12154),(22,12155),(22,12156),(22,12157),(22,12158),(22,12159),(22,12160),(22,12161),(22,12162),(22,12163),(22,12164),(22,12165),(22,12166),(22,12167),(22,12168),(22,12169),(22,12170),(22,12171),(22,12172),(22,12173),(22,12174),(22,12175),(22,12176),(22,12177),(22,12178),(22,12179),(22,12180),(22,12181),(22,12182),(22,12183),(22,12184),(22,12185),(22,12186),(22,12187),(22,12188),(22,12189),(22,12190),(22,12191),(22,12192),(22,12193),(22,12194),(22,12195),(22,12196),(22,12197),(22,12198),(22,12199),(22,12200),(22,12201),(22,12202),(22,12203),(22,12204),(22,12205),(22,12206),(22,12207),(22,12208),(22,12209),(22,12210),(22,12211),(22,12212),(22,12213),(22,12214),(22,12215),(22,12216),(22,12217),(22,12218),(22,12219),(22,12220),(22,12221),(22,12222),(22,12223),(22,12224),(22,12225),(22,12226),(22,12227),(22,12228),(22,12229),(22,12230),(22,12231),(22,12232),(22,12233),(22,12234),(22,12235),(22,12236),(22,12237),(22,12238),(22,12239),(22,12240),(22,12241),(22,12242),(22,12243),(22,12244),(22,12245),(22,12246),(22,12247),(22,12248),(22,12249),(22,12250),(22,12251),(22,12252),(22,12253),(22,12254),(22,12255),(22,12256),(22,12257),(22,12258),(22,12259),(22,12260),(22,12261),(22,12262),(22,12263),(22,12264),(22,12265),(22,12266),(22,12267),(22,12268),(22,12269),(22,12270),(22,12271),(22,12272),(22,12273),(22,12274),(22,12275),(22,12276),(22,12277),(22,12278),(22,12279),(22,12280),(22,12281),(22,12282),(22,12283),(22,12284),(22,12285),(22,12286),(22,12287),(22,12288),(22,12289),(22,12290),(22,12291),(22,12292),(22,12293),(22,12294),(22,12295),(22,12296),(22,12297),(22,12298),(22,12299),(22,12300),(22,12301),(22,12302),(22,12303),(22,12304),(22,12305),(22,12306),(22,12307),(22,12308),(22,12309),(22,12310),(22,12311),(22,12312),(22,12313),(22,12314),(22,12315),(22,12316),(22,12317),(22,12318),(22,12319),(22,12320),(22,12321),(22,12322),(22,12323),(22,12324),(22,12325),(22,12326),(22,12327),(22,12328),(22,12329),(22,12330),(22,12331),(22,12332),(22,12333),(22,12334),(22,12335),(22,12336),(22,12337),(22,12338),(22,12339),(22,12340),(22,12341),(22,12342),(22,12343),(22,12344),(22,12345),(22,12346),(22,12347),(22,12348),(22,12349),(22,12350),(22,12351),(22,12352),(22,12353),(22,12354),(22,12355),(22,12356),(22,12357),(22,12358),(22,12359),(22,12360),(22,12361),(22,12362),(22,12363),(22,12364),(22,12365),(22,12366),(22,12367),(22,12368),(22,12369),(22,12370),(22,12371),(22,12372),(22,12373),(22,12374),(22,12375),(22,12376),(22,12377),(22,12378),(22,12379),(22,12380),(22,12381),(22,12382),(22,12383),(22,12384),(22,12385),(22,12386),(22,12387),(22,12388),(22,12389),(22,12390),(22,12391),(22,12392),(22,12393),(22,12394),(22,12395),(22,12396),(22,12397),(22,12398),(22,12399),(22,12400),(22,12401),(22,12402),(22,12403),(22,12404),(22,12405),(22,12406),(22,12407),(22,12408),(22,12409),(22,12410),(22,12411),(22,12412),(22,12413),(22,12414),(22,12415),(22,12416),(22,12417),(22,12418),(22,12419),(22,12420),(22,12421),(22,12422),(22,12423),(22,12424),(22,12425),(22,12426),(22,12427),(22,12428),(22,12429),(22,12430),(22,12431),(22,12432),(22,12433),(22,12434),(22,12435),(22,12436),(22,12437),(22,12438),(22,12439),(22,12440),(22,12441),(22,12442),(22,12443),(22,12444),(22,12445),(22,12446),(22,12447),(22,12448),(22,12449),(22,12450),(22,12451),(22,12452),(22,12453),(22,12454),(22,12455),(22,12456),(22,12457),(22,12458),(22,12459),(22,12460),(22,12461),(22,12462),(22,12463),(22,12464),(22,12465),(22,12466),(22,12467),(22,12468),(22,12469),(22,12470),(22,12471),(22,12472),(22,12473),(22,12474),(22,12475),(22,12476),(22,12477),(22,12478),(22,12479),(22,12480),(22,12481),(22,12482),(22,12483),(22,12484),(22,12485),(22,12486),(22,12487),(22,12488),(22,12489),(22,12490),(22,12491),(22,12492),(22,12493),(22,12494),(22,12495),(22,12496),(22,12497),(22,12498),(22,12499),(22,12500),(22,12501),(22,12502),(22,12503),(22,12504),(22,12505),(22,12506),(22,12507),(22,12508),(22,12509),(22,12510),(22,12511),(22,12512),(22,12513),(22,12514),(22,12515),(22,12516),(22,12517),(22,12518),(22,12519),(22,12520),(22,12521),(22,12522),(22,12523),(22,12524),(22,12525),(22,12526),(22,12527),(22,12528),(22,12529),(22,12530),(22,12531),(22,12532),(22,12533),(22,12534),(22,12535),(22,12536),(22,12537),(22,12538),(22,12539),(22,12540),(22,12541),(22,12542),(22,12543),(22,12544),(22,12545),(22,12546),(22,12547),(22,12548),(22,12549),(22,12550),(22,12551),(22,12552),(22,12553),(22,12554),(22,12555),(22,12556),(22,12557),(22,12558),(22,12559),(22,12560),(22,12561),(22,12562),(22,12563),(22,12564),(22,12565),(22,12566),(22,12567),(22,12568),(22,12569),(22,12570),(22,12571),(22,12572),(22,12573),(22,12574),(22,12575),(22,12576),(22,12577),(22,12578),(22,12579),(22,12580),(22,12581),(22,12582),(22,12583),(22,12584),(22,12585),(22,12586),(22,12587),(22,12588),(22,12589),(22,12590),(22,12591),(22,12592),(22,12593),(22,12594),(22,12595),(22,12596),(22,12597),(22,12598),(22,12599),(22,12600),(22,12601),(22,12602),(22,12603),(22,12604),(22,12605),(22,12606),(22,12607),(22,12608),(22,12609),(22,12610),(22,12611),(22,12612),(22,12613),(22,12614),(22,12615),(22,12616),(22,12617),(22,12618),(22,12619),(22,12620),(22,12621),(22,12622),(22,12623),(22,12624),(22,12625),(22,12626),(22,12627),(22,12628),(22,12629),(22,12630),(22,12631),(22,12632),(22,12633),(22,12634),(22,12635),(22,12636),(22,12637),(22,12638),(22,12639),(22,12640),(22,12641),(22,12642),(22,12643),(22,12644),(22,12645),(22,12646),(22,12647),(22,12648),(22,12649),(22,12650),(22,12651),(22,12652),(22,12653),(22,12654),(22,12655),(22,12656),(22,12657),(22,12658),(22,12659),(22,12660),(22,12661),(22,12662),(22,12663),(22,12664),(22,12665),(22,12666),(22,12667),(22,12668),(22,12669),(22,12670),(22,12671),(22,12672),(22,12673),(22,12674),(22,12675),(22,12676),(22,12677),(22,12678),(22,12679),(22,12680),(22,12681),(22,12682),(22,12683),(22,12684),(22,12685),(22,12686),(22,12687),(22,12688),(22,12689),(22,12690),(22,12691),(22,12692),(22,12693),(22,12694),(22,12695),(22,12696),(22,12697),(22,12698),(22,12699),(22,12700),(22,12701),(22,12702),(22,12703),(22,12704),(22,12705),(22,12706),(22,12707),(22,12708),(22,12709),(22,12710),(22,12711),(22,12712),(22,12713),(22,12714),(22,12715),(22,12716),(22,12717),(22,12718),(22,12719),(22,12720),(22,12721),(22,12722),(22,12723),(22,12724),(22,12725),(22,12726),(22,12727),(22,12728),(22,12729),(22,12730),(22,12731),(22,12732),(22,12733),(22,12734),(22,12735),(22,12736),(22,12737),(22,12738),(22,12739),(22,12740),(22,12741),(22,12742),(22,12743),(22,12744),(22,12745),(22,12746),(22,12747),(22,12748),(22,12749),(22,12750),(22,12751),(22,12752),(22,12753),(22,12754),(22,12755),(22,12756),(22,12757),(22,12758),(22,12759),(22,12760),(22,12761),(22,12762),(22,12763),(22,12764),(22,12765),(22,12766),(22,12767),(22,12768),(22,12769),(22,12770),(22,12771),(22,12772),(22,12773),(22,12774),(22,12775),(22,12776),(22,12777),(22,12778),(22,12779),(22,12780),(22,12781),(22,12782),(22,12783),(22,12784),(22,12785),(22,12786),(22,12787),(22,12788),(22,12789),(22,12790),(22,12791),(22,12792),(22,12793),(22,12794),(22,12795),(22,12796),(22,12797),(22,12798),(22,12799),(22,12800),(22,12801),(22,12802),(22,12803),(22,12804),(22,12805),(22,12806),(22,12807),(22,12808),(22,12809),(22,12810),(22,12811),(22,12812),(22,12813),(22,12814),(22,12815),(22,12816),(22,12817),(22,12818),(22,12819),(22,12820),(22,12821),(22,12822),(22,12823),(22,12824),(22,12825),(22,12826),(22,12827),(22,12828),(22,12829),(22,12830),(22,12831),(22,12832),(22,12833),(22,12834),(22,12835),(22,12836),(22,12837),(22,12838),(22,12839),(22,12840),(22,12841),(22,12842),(22,12843),(22,12844),(22,12845),(22,12846),(22,12847),(22,12848),(22,12849),(22,12850),(22,12851),(22,12852),(22,12853),(22,12854),(22,12855),(22,12856),(22,12857),(22,12858),(22,12859),(22,12860),(22,12861),(22,12862),(22,12863),(22,12864),(22,12865),(22,12866),(22,12867),(22,12868),(22,12869),(22,12870),(22,12871),(22,12872),(22,12873),(22,12874),(22,12875),(22,12876),(22,12877),(22,12878),(22,12879),(22,12880),(22,12881),(22,12882),(22,12883),(22,12884),(22,12885),(22,12886),(22,12887),(22,12888),(22,12889),(22,12890),(22,12891),(22,12892),(22,12893),(22,12894),(22,12895),(22,12896),(22,12897),(22,12898),(22,12899),(22,12900),(22,12901),(22,12902),(22,12903),(22,12904),(22,12905),(22,12906),(22,12907),(22,12908),(22,12909),(22,12910),(22,12911),(22,12912),(22,12913),(22,12914),(22,12915),(22,12916),(22,12917),(22,12918),(22,12919),(22,12920),(22,12921),(22,12922),(22,12923),(22,12924),(22,12925),(22,12926),(22,12927),(22,12928),(22,12929),(22,12930),(22,12931),(22,12932),(22,12933),(22,12934),(22,12935),(22,12936),(22,12937),(22,12938),(22,12939),(22,12940),(22,12941),(22,12942),(22,12943),(22,12944),(22,12945),(22,12946),(22,12947),(22,12948),(22,12949),(22,12950),(22,12951),(22,12952),(22,12953),(22,12954),(22,12955),(22,12956),(22,12957),(22,12958),(22,12959),(22,12960),(22,12961),(22,12962),(22,12963),(22,12964),(22,12965),(22,12966),(22,12967),(22,12968),(22,12969),(22,12970),(22,12971),(22,12972),(22,12973),(22,12974),(22,12975),(22,12976),(22,12977),(22,12978),(22,12979),(22,12980),(22,12981),(22,12982),(22,12983),(22,12984),(22,12985),(22,12986),(22,12987),(22,12988),(22,12989),(22,12990),(22,12991),(22,12992),(22,12993),(22,12994),(22,12995),(22,12996),(22,12997),(22,12998),(22,12999),(22,13000),(22,13001),(22,13002),(22,13003),(22,13004),(22,13005),(22,13006),(22,13007),(22,13008),(22,13009),(22,13010),(22,13011),(22,13012),(22,13013),(22,13014),(22,13015),(22,13016),(22,13017),(22,13018),(22,13019),(22,13020),(22,13021),(22,13022),(22,13023),(22,13024),(22,13025),(22,13026),(22,13027),(22,13028),(22,13029),(22,13030),(22,13031),(22,13032),(22,13033),(22,13034),(22,13035),(22,13036),(22,13037),(22,13038),(22,13039),(22,13040),(22,13041),(22,13042),(22,13043),(22,13044),(22,13045),(22,13046),(22,13047),(22,13048),(22,13049),(22,13050),(22,13051),(22,13052),(22,13053),(22,13054),(22,13055),(22,13056),(22,13057),(22,13058),(22,13059),(22,13060),(22,13061),(22,13062),(22,13063),(22,13064),(22,13065),(22,13066),(22,13067),(22,13068),(22,13069),(22,13070),(22,13071),(22,13072),(22,13073),(22,13074),(22,13075),(22,13076),(22,13077),(22,13078),(22,13079),(22,13080),(22,13081),(22,13082),(22,13083),(22,13084),(22,13085),(22,13086),(22,13087),(22,13088),(22,13089),(22,13090),(22,13091),(22,13092),(22,13093),(22,13094),(22,13095),(22,13096),(22,13097),(22,13098),(22,13099),(22,13100),(22,13101),(22,13102),(22,13103),(22,13104),(22,13105),(22,13106),(22,13107),(22,13108),(22,13109),(22,13110),(22,13111),(22,13112),(22,13113),(22,13114),(22,13115),(22,13116),(22,13117),(22,13118),(22,13119),(22,13120),(22,13121),(22,13122),(22,13123),(22,13124),(22,13125),(22,13126),(22,13127),(22,13128),(22,13129),(22,13130),(22,13131),(22,13132),(22,13133),(22,13134),(22,13135),(22,13136),(22,13137),(22,13138),(22,13139),(22,13140),(22,13141),(22,13142),(22,13143),(22,13144),(22,13145),(22,13146),(22,13147),(22,13148),(22,13149),(22,13150),(22,13151),(22,13152),(22,13153),(22,13154),(22,13155),(22,13156),(22,13157),(22,13158),(22,13159),(22,13160),(22,13161),(22,13162),(22,13163),(22,13164),(22,13165),(22,13166),(22,13167),(22,13168),(22,13169),(22,13170),(22,13171),(22,13172),(22,13173),(22,13174),(22,13175),(22,13176),(22,13177),(22,13178),(22,13179),(22,13180),(22,13181),(22,13182),(22,13183),(22,13184),(22,13185),(22,13186),(22,13187),(22,13188),(22,13189),(22,13190),(22,13191),(22,13192),(22,13193),(22,13194),(22,13195),(22,13196),(22,13197),(22,13198),(22,13199),(22,13200),(22,13201),(22,13202),(22,13203),(22,13204),(22,13205),(22,13206),(22,13207),(22,13208),(22,13209),(22,13210),(22,13211),(22,13212),(22,13213),(22,13214),(22,13215),(22,13216),(22,13217),(22,13218),(22,13219),(22,13220),(22,13221),(22,13222),(22,13223),(22,13224),(22,13225),(22,13226),(22,13227),(22,13228),(22,13229),(22,13230),(22,13231),(22,13232),(22,13233),(22,13234),(22,13235),(22,13236),(22,13237),(22,13238),(22,13239),(22,13240),(22,13241),(22,13242),(22,13243),(22,13244),(22,13245),(22,13246),(22,13247),(22,13248),(22,13249),(22,13250),(22,13251),(22,13252),(22,13253),(22,13254),(22,13255),(22,13256),(22,13257),(22,13258),(22,13259),(22,13260),(22,13261),(22,13262),(22,13263),(22,13264),(22,13265),(22,13266),(22,13267),(22,13268),(22,13269),(22,13270),(22,13271),(22,13272),(22,13273),(22,13274),(22,13275),(22,13276),(22,13277),(22,13278),(22,13279),(22,13280),(22,13281),(22,13282),(22,13283),(22,13284),(22,13285),(22,13286),(22,13287),(22,13288),(22,13289),(22,13290),(22,13291),(22,13292),(22,13293),(22,13294),(22,13295),(22,13296),(22,13297),(22,13298),(22,13299),(22,13300),(22,13301),(22,13302),(22,13303),(22,13304),(22,13305),(22,13306),(22,13307),(22,13308),(22,13309),(22,13310),(22,13311),(22,13312),(22,13313),(22,13314),(22,13315),(22,13316),(22,13317),(22,13318),(22,13319),(22,13320),(22,13321),(22,13322),(22,13323),(22,13324),(22,13325),(22,13326),(22,13327),(22,13328),(22,13329),(22,13330),(22,13331),(22,13332),(22,13333),(22,13334),(22,13335),(22,13336),(22,13337),(22,13338),(22,13339),(22,13340),(22,13341),(22,13342),(22,13343),(22,13344),(22,13345),(22,13346),(22,13347),(22,13348),(22,13349),(22,13350),(22,13351),(22,13352),(22,13353),(22,13354),(22,13355),(22,13356),(22,13357),(22,13358),(22,13359),(22,13360),(22,13361),(22,13362),(22,13363),(22,13364),(22,13365),(22,13366),(22,13367),(22,13368),(22,13369),(22,13370),(22,13371),(22,13372),(22,13373),(22,13374),(22,13375),(22,13376),(22,13377),(22,13378),(22,13379),(22,13380),(22,13381),(22,13382),(22,13383),(22,13384),(22,13385),(22,13386),(22,13387),(22,13388),(22,13389),(22,13390),(22,13391),(22,13392),(22,13393),(22,13394),(22,13395),(22,13396),(22,13397),(22,13398),(22,13399),(22,13400),(22,13401),(22,13402),(22,13403),(22,13404),(22,13405),(22,13406),(22,13407),(22,13408),(22,13409),(22,13410),(22,13411),(22,13412),(22,13413),(22,13414),(22,13415),(22,13416),(22,13417),(22,13418),(22,13419),(22,13420),(22,13421),(22,13422),(22,13423),(22,13424),(22,13425),(22,13426),(22,13427),(22,13428),(22,13429),(22,13430),(22,13431),(22,13432),(22,13433),(22,13434),(22,13435),(22,13436),(22,13437),(22,13438),(22,13439),(22,13440),(22,13441),(22,13442),(22,13443),(22,13444),(22,13445),(22,13446),(22,13447),(22,13448),(22,13449),(22,13450),(22,13451),(22,13452),(22,13453),(22,13454),(22,13455),(22,13456),(22,13457),(22,13458),(22,13459),(22,13460),(22,13461),(22,13462),(22,13463),(22,13464),(22,13465),(22,13466),(22,13467),(22,13468),(22,13469),(22,13470),(22,13471),(22,13472),(22,13473),(22,13474),(22,13475),(22,13476),(22,13477),(22,13478),(22,13479),(22,13480),(22,13481),(22,13482),(22,13483),(22,13484),(22,13485),(22,13486),(22,13487),(22,13488),(22,13489),(22,13490),(22,13491),(22,13492),(22,13493),(22,13494),(22,13495),(22,13496),(22,13497),(22,13498),(22,13499),(22,13500),(22,13501),(22,13502),(22,13503),(22,13504),(22,13505),(22,13506),(22,13507),(22,13508),(22,13509),(22,13510),(22,13511),(22,13512),(22,13513),(22,13514),(22,13515),(22,13516),(22,13517),(22,13518),(22,13519),(22,13520),(22,13521),(22,13522),(22,13523),(22,13524),(22,13525),(22,13526),(22,13527),(22,13528),(22,13529),(22,13530),(22,13531),(22,13532),(22,13533),(22,13534),(22,13535),(22,13536),(22,13537),(22,13538),(22,13539),(22,13540),(22,13541),(22,13542),(22,13543),(22,13544),(22,13545),(22,13546),(22,13547),(22,13548),(22,13549),(22,13550),(22,13551),(22,13552),(22,13553),(22,13554),(22,13555),(22,13556),(22,13557),(22,13558),(22,13559),(22,13560),(22,13561),(22,13562),(22,13563),(22,13564),(22,13565),(22,13566),(22,13567),(22,13568),(22,13569),(22,13570),(22,13571),(22,13572),(22,13573),(22,13574),(22,13575),(22,13576),(22,13577),(22,13578),(22,13579),(22,13580),(22,13581),(22,13582),(22,13583),(22,13584),(22,13585),(22,13586),(22,13587),(22,13588),(22,13589),(22,13590),(22,13591),(22,13592),(22,13593),(22,13594),(22,13595),(22,13596),(22,13597),(22,13598),(22,13599),(22,13600),(22,13601),(22,13602),(22,13603),(22,13604),(22,13605),(22,13606),(22,13607),(22,13608),(22,13609),(22,13610),(22,13611),(22,13612),(22,13613),(22,13614),(22,13615),(22,13616),(22,13617),(22,13618),(22,13619),(22,13620),(22,13621),(22,13622),(22,13623),(22,13624),(22,13625),(22,13626),(22,13627),(22,13628),(22,13629),(22,13630),(22,13631),(22,13632),(22,13633),(22,13634),(22,13635),(22,13636),(22,13637),(22,13638),(22,13639),(22,13640),(22,13641),(22,13642),(22,13643),(22,13644),(22,13645),(22,13646),(22,13647),(22,13648),(22,13649),(22,13650),(22,13651),(22,13652),(22,13653),(22,13654),(22,13655),(22,13656),(22,13657),(22,13658),(22,13659),(22,13660),(22,13661),(22,13662),(22,13663),(22,13664),(22,13665),(22,13666),(22,13667),(22,13668),(22,13669),(22,13670),(22,13671),(22,13672),(22,13673),(22,13674),(22,13675),(22,13676),(22,13677),(22,13678),(22,13679),(22,13680),(22,13681),(22,13682),(22,13683),(22,13684),(22,13685),(22,13686),(22,13687),(22,13688),(22,13689),(22,13690),(22,13691),(22,13692),(22,13693),(22,13694),(22,13695),(22,13696),(22,13697),(22,13698),(22,13699),(22,13700),(22,13701),(22,13702),(22,13703),(22,13704),(22,13705),(22,13706),(22,13707),(22,13708),(22,13709),(22,13710),(22,13711),(22,13712),(22,13713),(22,13714),(22,13715),(22,13716),(22,13717),(22,13718),(22,13719),(22,13720),(22,13721),(22,13722),(22,13723),(22,13724),(22,13725),(22,13726),(22,13727),(22,13728),(22,13729),(22,13730),(22,13731),(22,13732),(22,13733),(22,13734),(22,13735),(22,13736),(22,13737),(22,13738),(22,13739),(22,13740),(22,13741),(22,13742),(22,13743),(22,13744),(22,13745),(22,13746),(22,13747),(22,13748),(22,13749),(22,13750),(22,13751),(22,13752),(22,13753),(22,13754),(22,13755),(22,13756),(22,13757),(22,13758),(22,13759),(22,13760),(22,13761),(22,13762),(22,13763),(22,13764),(22,13765),(22,13766),(22,13767),(22,13768),(22,13769),(22,13770),(22,13771),(22,13772),(22,13773),(22,13774),(22,13775),(22,13776),(22,13777),(22,13778),(22,13779),(22,13780),(22,13781),(22,13782),(22,13783),(22,13784),(22,13785),(22,13786),(22,13787),(22,13788),(22,13789),(22,13790),(22,13791),(22,13792),(22,13793),(22,13794),(22,13795),(22,13796);
/*!40000 ALTER TABLE `gradas_has_localidades` ENABLE KEYS */;
UNLOCK TABLES;

--
-- Table structure for table `localidades`
--

DROP TABLE IF EXISTS `localidades`;
/*!40101 SET @saved_cs_client     = @@character_set_client */;
/*!40101 SET character_set_client = utf8 */;
CREATE TABLE `localidades` (
  `ID_localidad` int(11) NOT NULL AUTO_INCREMENT,
  `Estado` int(11) NOT NULL COMMENT 'Reservado:0\n    Libre:1\n    Pre-Reservado:2\n    Deteriorado:3',
  `FK_ID_gradas` int(11) NOT NULL,
  PRIMARY KEY (`ID_localidad`)
) ENGINE=InnoDB AUTO_INCREMENT=16384 DEFAULT CHARSET=latin1;
/*!40101 SET character_set_client = @saved_cs_client */;

--
-- Dumping data for table `localidades`
--

LOCK TABLES `localidades` WRITE;
/*!40000 ALTER TABLE `localidades` DISABLE KEYS */;
INSERT INTO `localidades` VALUES (1,1,1),(2,1,1),(3,1,1),(4,1,1),(5,1,1),(6,1,1),(7,1,1),(8,1,1),(9,1,1),(10,1,1),(11,1,1),(12,1,1),(13,1,1),(14,1,1),(15,1,1),(16,1,1),(17,1,1),(18,1,1),(19,1,1),(20,1,1),(21,1,1),(22,1,1),(23,1,1),(24,1,1),(25,1,1),(26,1,1),(27,1,1),(28,1,1),(29,1,1),(30,1,1),(31,1,1),(32,1,1),(33,1,1),(34,1,1),(35,1,1),(36,1,1),(37,1,1),(38,1,1),(39,1,1),(40,1,1),(41,1,1),(42,1,1),(43,1,1),(44,1,1),(45,1,1),(46,1,1),(47,1,1),(48,1,1),(49,1,1),(50,1,1),(51,1,1),(52,1,1),(53,1,1),(54,1,1),(55,1,1),(56,1,1),(57,1,1),(58,1,1),(59,1,1),(60,1,1),(61,1,1),(62,1,1),(63,1,1),(64,1,1),(65,1,1),(66,1,1),(67,1,1),(68,1,1),(69,1,1),(70,1,1),(71,1,1),(72,1,1),(73,1,1),(74,1,1),(75,1,1),(76,1,1),(77,1,1),(78,1,1),(79,1,1),(80,1,1),(81,1,1),(82,1,1),(83,1,1),(84,1,1),(85,1,1),(86,1,1),(87,1,1),(88,1,1),(89,1,1),(90,1,1),(91,1,1),(92,1,1),(93,1,1),(94,1,1),(95,1,1),(96,1,1),(97,1,1),(98,1,1),(99,1,1),(100,1,1),(101,1,2),(102,1,2),(103,1,2),(104,1,2),(105,1,2),(106,1,2),(107,1,2),(108,1,2),(109,1,2),(110,1,2),(111,1,2),(112,1,2),(113,1,2),(114,1,2),(115,1,2),(116,1,2),(117,1,2),(118,1,2),(119,1,2),(120,1,2),(121,1,2),(122,1,2),(123,1,2),(124,1,2),(125,1,2),(126,1,2),(127,1,2),(128,1,2),(129,1,2),(130,1,2),(131,1,2),(132,1,2),(133,1,2),(134,1,2),(135,1,2),(136,1,2),(137,1,2),(138,1,2),(139,1,2),(140,1,2),(141,1,2),(142,1,2),(143,1,2),(144,1,2),(145,1,2),(146,1,2),(147,1,2),(148,1,2),(149,1,2),(150,1,2),(151,1,2),(152,1,2),(153,1,2),(154,1,2),(155,1,2),(156,1,2),(157,1,2),(158,1,2),(159,1,2),(160,1,2),(161,1,2),(162,1,2),(163,1,2),(164,1,2),(165,1,2),(166,1,2),(167,1,2),(168,1,2),(169,1,2),(170,1,2),(171,1,2),(172,1,2),(173,1,2),(174,1,2),(175,1,2),(176,1,2),(177,1,2),(178,1,2),(179,1,2),(180,1,2),(181,1,2),(182,1,2),(183,1,2),(184,1,2),(185,1,2),(186,1,2),(187,1,2),(188,1,2),(189,1,2),(190,1,2),(191,1,2),(192,1,2),(193,1,2),(194,1,2),(195,1,2),(196,1,2),(197,1,2),(198,1,2),(199,1,2),(200,1,2),(201,1,3),(202,1,3),(203,1,3),(204,1,3),(205,1,3),(206,1,3),(207,1,3),(208,1,3),(209,1,3),(210,1,3),(211,1,3),(212,1,3),(213,1,3),(214,1,3),(215,1,3),(216,1,3),(217,1,3),(218,1,3),(219,1,3),(220,1,3),(221,1,3),(222,1,3),(223,1,3),(224,1,3),(225,1,3),(226,1,3),(227,1,3),(228,1,3),(229,1,3),(230,1,3),(231,1,3),(232,1,3),(233,1,3),(234,1,3),(235,1,3),(236,1,3),(237,1,3),(238,1,3),(239,1,3),(240,1,3),(241,1,3),(242,1,3),(243,1,3),(244,1,3),(245,1,3),(246,1,3),(247,1,3),(248,1,3),(249,1,3),(250,1,3),(251,1,4),(252,1,4),(253,1,4),(254,1,4),(255,1,4),(256,1,4),(257,1,4),(258,1,4),(259,1,4),(260,1,4),(261,1,4),(262,1,4),(263,1,4),(264,1,4),(265,1,4),(266,1,4),(267,1,4),(268,1,4),(269,1,4),(270,1,4),(271,1,4),(272,1,4),(273,1,4),(274,1,4),(275,1,4),(276,1,4),(277,1,4),(278,1,4),(279,1,4),(280,1,4),(281,1,4),(282,1,4),(283,1,4),(284,1,4),(285,1,4),(286,1,4),(287,1,4),(288,1,4),(289,1,4),(290,1,4),(291,1,4),(292,1,4),(293,1,4),(294,1,4),(295,1,4),(296,1,4),(297,1,4),(298,1,4),(299,1,4),(300,1,4),(301,1,4),(302,1,4),(303,1,4),(304,1,4),(305,1,4),(306,1,4),(307,1,4),(308,1,4),(309,1,4),(310,1,4),(311,1,4),(312,1,4),(313,1,4),(314,1,4),(315,1,4),(316,1,4),(317,1,4),(318,1,4),(319,1,4),(320,1,4),(321,1,4),(322,1,4),(323,1,4),(324,1,4),(325,1,4),(326,1,5),(327,1,5),(328,1,5),(329,1,5),(330,1,5),(331,1,5),(332,1,5),(333,1,5),(334,1,5),(335,1,5),(336,1,5),(337,1,5),(338,1,5),(339,1,5),(340,1,5),(341,1,5),(342,1,5),(343,1,5),(344,1,5),(345,1,5),(346,1,5),(347,1,5),(348,1,5),(349,1,5),(350,1,5),(351,1,5),(352,1,5),(353,1,5),(354,1,5),(355,1,5),(356,1,5),(357,1,5),(358,1,5),(359,1,5),(360,1,5),(361,1,5),(362,1,5),(363,1,5),(364,1,5),(365,1,5),(366,1,5),(367,1,5),(368,1,5),(369,1,5),(370,1,5),(371,1,5),(372,1,5),(373,1,5),(374,1,5),(375,1,5),(376,1,5),(377,1,5),(378,1,5),(379,1,5),(380,1,5),(381,1,5),(382,1,5),(383,1,5),(384,1,5),(385,1,5),(386,1,5),(387,1,5),(388,1,5),(389,1,5),(390,1,5),(391,1,5),(392,1,5),(393,1,5),(394,1,5),(395,1,5),(396,1,5),(397,1,5),(398,1,5),(399,1,5),(400,1,5),(401,1,5),(402,1,5),(403,1,5),(404,1,5),(405,1,5),(406,1,5),(407,1,5),(408,1,5),(409,1,5),(410,1,5),(411,1,5),(412,1,5),(413,1,5),(414,1,5),(415,1,5),(416,1,5),(417,1,5),(418,1,5),(419,1,5),(420,1,5),(421,1,5),(422,1,5),(423,1,5),(424,1,5),(425,1,5),(426,1,5),(427,1,5),(428,1,5),(429,1,5),(430,1,5),(431,1,5),(432,1,5),(433,1,5),(434,1,5),(435,1,5),(436,1,5),(437,1,5),(438,1,5),(439,1,5),(440,1,5),(441,1,5),(442,1,5),(443,1,5),(444,1,5),(445,1,5),(446,1,5),(447,1,5),(448,1,5),(449,1,5),(450,1,5),(451,1,5),(452,1,5),(453,1,5),(454,1,5),(455,1,5),(456,1,5),(457,1,5),(458,1,5),(459,1,5),(460,1,5),(461,1,5),(462,1,5),(463,1,5),(464,1,5),(465,1,5),(466,1,5),(467,1,5),(468,1,5),(469,1,5),(470,1,5),(471,1,5),(472,1,5),(473,1,5),(474,1,5),(475,1,5),(476,1,5),(477,1,5),(478,1,5),(479,1,5),(480,1,5),(481,1,5),(482,1,5),(483,1,5),(484,1,5),(485,1,5),(486,1,5),(487,1,5),(488,1,5),(489,1,5),(490,1,5),(491,1,5),(492,1,5),(493,1,5),(494,1,5),(495,1,5),(496,1,5),(497,1,5),(498,1,5),(499,1,5),(500,1,5),(501,1,5),(502,1,5),(503,1,5),(504,1,5),(505,1,5),(506,1,5),(507,1,5),(508,1,5),(509,1,5),(510,1,5),(511,1,5),(512,1,5),(513,1,5),(514,1,5),(515,1,5),(516,1,5),(517,1,5),(518,1,5),(519,1,5),(520,1,5),(521,1,5),(522,1,5),(523,1,5),(524,1,5),(525,1,5),(526,1,5),(527,1,5),(528,1,5),(529,1,5),(530,1,5),(531,1,5),(532,1,5),(533,1,5),(534,1,5),(535,1,5),(536,1,5),(537,1,5),(538,1,5),(539,1,5),(540,1,5),(541,1,5),(542,1,5),(543,1,5),(544,1,5),(545,1,5),(546,1,5),(547,1,5),(548,1,5),(549,1,5),(550,1,5),(551,1,6),(552,1,6),(553,1,6),(554,1,6),(555,1,6),(556,1,6),(557,1,6),(558,1,6),(559,1,6),(560,1,6),(561,1,6),(562,1,6),(563,1,6),(564,1,6),(565,1,6),(566,1,6),(567,1,6),(568,1,6),(569,1,6),(570,1,6),(571,1,6),(572,1,6),(573,1,6),(574,1,6),(575,1,6),(576,1,6),(577,1,6),(578,1,6),(579,1,6),(580,1,6),(581,1,6),(582,1,6),(583,1,6),(584,1,6),(585,1,6),(586,1,6),(587,1,6),(588,1,6),(589,1,6),(590,1,6),(591,1,6),(592,1,6),(593,1,6),(594,1,6),(595,1,6),(596,1,6),(597,1,6),(598,1,6),(599,1,6),(600,1,6),(601,1,6),(602,1,6),(603,1,6),(604,1,6),(605,1,6),(606,1,6),(607,1,6),(608,1,6),(609,1,6),(610,1,6),(611,1,6),(612,1,6),(613,1,6),(614,1,6),(615,1,6),(616,1,6),(617,1,6),(618,1,6),(619,1,6),(620,1,6),(621,1,6),(622,1,6),(623,1,6),(624,1,6),(625,1,6),(626,1,6),(627,1,6),(628,1,6),(629,1,6),(630,1,6),(631,1,6),(632,1,6),(633,1,6),(634,1,6),(635,1,6),(636,1,6),(637,1,6),(638,1,6),(639,1,6),(640,1,6),(641,1,6),(642,1,6),(643,1,6),(644,1,6),(645,1,6),(646,1,6),(647,1,6),(648,1,6),(649,1,6),(650,1,6),(651,1,6),(652,1,6),(653,1,6),(654,1,6),(655,1,6),(656,1,6),(657,1,6),(658,1,6),(659,1,6),(660,1,6),(661,1,6),(662,1,6),(663,1,6),(664,1,6),(665,1,6),(666,1,6),(667,1,6),(668,1,6),(669,1,6),(670,1,6),(671,1,6),(672,1,6),(673,1,6),(674,1,6),(675,1,6),(676,1,6),(677,1,6),(678,1,6),(679,1,6),(680,1,6),(681,1,6),(682,1,6),(683,1,6),(684,1,6),(685,1,6),(686,1,6),(687,1,6),(688,1,6),(689,1,6),(690,1,6),(691,1,6),(692,1,6),(693,1,6),(694,1,6),(695,1,6),(696,1,6),(697,1,6),(698,1,6),(699,1,6),(700,1,6),(701,1,6),(702,1,6),(703,1,6),(704,1,6),(705,1,6),(706,1,6),(707,1,6),(708,1,6),(709,1,6),(710,1,6),(711,1,6),(712,1,6),(713,1,6),(714,1,6),(715,1,6),(716,1,6),(717,1,6),(718,1,6),(719,1,6),(720,1,6),(721,1,6),(722,1,6),(723,1,6),(724,1,6),(725,1,6),(726,1,6),(727,1,6),(728,1,6),(729,1,6),(730,1,6),(731,1,6),(732,1,6),(733,1,6),(734,1,6),(735,1,6),(736,1,6),(737,1,6),(738,1,6),(739,1,6),(740,1,6),(741,1,6),(742,1,6),(743,1,6),(744,1,6),(745,1,6),(746,1,6),(747,1,6),(748,1,6),(749,1,6),(750,1,6),(751,1,6),(752,1,6),(753,1,6),(754,1,6),(755,1,6),(756,1,6),(757,1,6),(758,1,6),(759,1,6),(760,1,6),(761,1,6),(762,1,6),(763,1,6),(764,1,6),(765,1,6),(766,1,6),(767,1,6),(768,1,6),(769,1,6),(770,1,6),(771,1,6),(772,1,6),(773,1,6),(774,1,6),(775,1,6),(776,1,6),(777,1,6),(778,1,6),(779,1,6),(780,1,6),(781,1,6),(782,1,6),(783,1,6),(784,1,6),(785,1,6),(786,1,6),(787,1,6),(788,1,6),(789,1,6),(790,1,6),(791,1,6),(792,1,6),(793,1,6),(794,1,6),(795,1,6),(796,1,6),(797,1,6),(798,1,6),(799,1,6),(800,1,6),(801,1,6),(802,1,6),(803,1,6),(804,1,6),(805,1,6),(806,1,6),(807,1,6),(808,1,6),(809,1,6),(810,1,6),(811,1,6),(812,1,6),(813,1,6),(814,1,6),(815,1,6),(816,1,6),(817,1,6),(818,1,6),(819,1,6),(820,1,6),(821,1,6),(822,1,6),(823,1,6),(824,1,6),(825,1,6),(826,1,6),(827,1,6),(828,1,6),(829,1,6),(830,1,6),(831,1,6),(832,1,6),(833,1,6),(834,1,6),(835,1,6),(836,1,6),(837,1,6),(838,1,6),(839,1,6),(840,1,6),(841,1,6),(842,1,6),(843,1,6),(844,1,6),(845,1,6),(846,1,6),(847,1,6),(848,1,6),(849,1,6),(850,1,6),(851,1,6),(852,1,6),(853,1,6),(854,1,6),(855,1,6),(856,1,6),(857,1,6),(858,1,6),(859,1,6),(860,1,6),(861,1,6),(862,1,6),(863,1,6),(864,1,6),(865,1,6),(866,1,6),(867,1,6),(868,1,6),(869,1,6),(870,1,6),(871,1,6),(872,1,6),(873,1,6),(874,1,6),(875,1,6),(876,1,6),(877,1,6),(878,1,6),(879,1,6),(880,1,6),(881,1,6),(882,1,6),(883,1,6),(884,1,6),(885,1,6),(886,1,6),(887,1,6),(888,1,6),(889,1,6),(890,1,6),(891,1,6),(892,1,6),(893,1,6),(894,1,6),(895,1,6),(896,1,6),(897,1,6),(898,1,6),(899,1,6),(900,1,6),(901,1,6),(902,1,6),(903,1,6),(904,1,6),(905,1,6),(906,1,6),(907,1,6),(908,1,6),(909,1,6),(910,1,6),(911,1,6),(912,1,6),(913,1,6),(914,1,6),(915,1,6),(916,1,6),(917,1,6),(918,1,6),(919,1,6),(920,1,6),(921,1,6),(922,1,6),(923,1,6),(924,1,6),(925,1,6),(926,1,6),(927,1,6),(928,1,6),(929,1,6),(930,1,6),(931,1,6),(932,1,6),(933,1,6),(934,1,6),(935,1,6),(936,1,6),(937,1,6),(938,1,6),(939,1,6),(940,1,6),(941,1,6),(942,1,6),(943,1,6),(944,1,6),(945,1,6),(946,1,6),(947,1,6),(948,1,6),(949,1,6),(950,1,6),(951,1,6),(952,1,6),(953,1,6),(954,1,6),(955,1,6),(956,1,6),(957,1,6),(958,1,6),(959,1,6),(960,1,6),(961,1,6),(962,1,6),(963,1,6),(964,1,6),(965,1,6),(966,1,6),(967,1,6),(968,1,6),(969,1,6),(970,1,6),(971,1,6),(972,1,6),(973,1,6),(974,1,6),(975,1,6),(976,1,6),(977,1,6),(978,1,6),(979,1,6),(980,1,6),(981,1,6),(982,1,6),(983,1,6),(984,1,6),(985,1,6),(986,1,6),(987,1,6),(988,1,6),(989,1,6),(990,1,6),(991,1,6),(992,1,6),(993,1,6),(994,1,6),(995,1,6),(996,1,6),(997,1,6),(998,1,6),(999,1,6),(1000,1,6),(1001,1,6),(1002,1,6),(1003,1,6),(1004,1,6),(1005,1,6),(1006,1,6),(1007,1,6),(1008,1,6),(1009,1,6),(1010,1,6),(1011,1,6),(1012,1,6),(1013,1,6),(1014,1,6),(1015,1,6),(1016,1,6),(1017,1,6),(1018,1,6),(1019,1,6),(1020,1,6),(1021,1,6),(1022,1,6),(1023,1,6),(1024,1,6),(1025,1,6),(1026,1,6),(1027,1,6),(1028,1,6),(1029,1,6),(1030,1,6),(1031,1,6),(1032,1,6),(1033,1,6),(1034,1,6),(1035,1,6),(1036,1,6),(1037,1,6),(1038,1,6),(1039,1,6),(1040,1,6),(1041,1,6),(1042,1,6),(1043,1,6),(1044,1,6),(1045,1,6),(1046,1,6),(1047,1,6),(1048,1,6),(1049,1,6),(1050,1,6),(1051,1,6),(1052,1,6),(1053,1,6),(1054,1,6),(1055,1,6),(1056,1,6),(1057,1,6),(1058,1,6),(1059,1,6),(1060,1,6),(1061,1,6),(1062,1,6),(1063,1,6),(1064,1,6),(1065,1,6),(1066,1,6),(1067,1,6),(1068,1,6),(1069,1,6),(1070,1,6),(1071,1,6),(1072,1,6),(1073,1,6),(1074,1,6),(1075,1,6),(1076,1,6),(1077,1,6),(1078,1,6),(1079,1,6),(1080,1,6),(1081,1,6),(1082,1,6),(1083,1,6),(1084,1,6),(1085,1,6),(1086,1,6),(1087,1,6),(1088,1,6),(1089,1,6),(1090,1,6),(1091,1,6),(1092,1,6),(1093,1,6),(1094,1,6),(1095,1,6),(1096,1,6),(1097,1,6),(1098,1,6),(1099,1,6),(1100,1,6),(1101,1,6),(1102,1,6),(1103,1,6),(1104,1,6),(1105,1,6),(1106,1,6),(1107,1,6),(1108,1,6),(1109,1,6),(1110,1,6),(1111,1,6),(1112,1,6),(1113,1,6),(1114,1,6),(1115,1,6),(1116,1,6),(1117,1,6),(1118,1,6),(1119,1,6),(1120,1,6),(1121,1,6),(1122,1,6),(1123,1,6),(1124,1,6),(1125,1,6),(1126,1,6),(1127,1,6),(1128,1,6),(1129,1,6),(1130,1,6),(1131,1,6),(1132,1,6),(1133,1,6),(1134,1,6),(1135,1,6),(1136,1,6),(1137,1,6),(1138,1,6),(1139,1,6),(1140,1,6),(1141,1,6),(1142,1,6),(1143,1,6),(1144,1,6),(1145,1,6),(1146,1,6),(1147,1,6),(1148,1,6),(1149,1,6),(1150,1,6),(1151,1,6),(1152,1,6),(1153,1,6),(1154,1,6),(1155,1,6),(1156,1,6),(1157,1,6),(1158,1,6),(1159,1,6),(1160,1,6),(1161,1,6),(1162,1,6),(1163,1,6),(1164,1,6),(1165,1,6),(1166,1,6),(1167,1,6),(1168,1,6),(1169,1,6),(1170,1,6),(1171,1,6),(1172,1,6),(1173,1,6),(1174,1,6),(1175,1,6),(1176,1,6),(1177,1,6),(1178,1,6),(1179,1,6),(1180,1,6),(1181,1,6),(1182,1,6),(1183,1,6),(1184,1,6),(1185,1,6),(1186,1,6),(1187,1,6),(1188,1,6),(1189,1,6),(1190,1,6),(1191,1,6),(1192,1,6),(1193,1,6),(1194,1,6),(1195,1,6),(1196,1,6),(1197,1,6),(1198,1,6),(1199,1,6),(1200,1,6),(1201,1,6),(1202,1,6),(1203,1,6),(1204,1,6),(1205,1,6),(1206,1,6),(1207,1,6),(1208,1,6),(1209,1,6),(1210,1,6),(1211,1,6),(1212,1,6),(1213,1,6),(1214,1,6),(1215,1,6),(1216,1,6),(1217,1,6),(1218,1,6),(1219,1,6),(1220,1,6),(1221,1,6),(1222,1,6),(1223,1,6),(1224,1,6),(1225,1,6),(1226,1,6),(1227,1,6),(1228,1,6),(1229,1,6),(1230,1,6),(1231,1,6),(1232,1,6),(1233,1,6),(1234,1,6),(1235,1,6),(1236,1,6),(1237,1,6),(1238,1,6),(1239,1,6),(1240,1,6),(1241,1,6),(1242,1,6),(1243,1,6),(1244,1,6),(1245,1,6),(1246,1,6),(1247,1,6),(1248,1,6),(1249,1,6),(1250,1,6),(1251,1,6),(1252,1,6),(1253,1,6),(1254,1,6),(1255,1,6),(1256,1,6),(1257,1,6),(1258,1,6),(1259,1,6),(1260,1,6),(1261,1,6),(1262,1,6),(1263,1,6),(1264,1,6),(1265,1,6),(1266,1,6),(1267,1,6),(1268,1,6),(1269,1,6),(1270,1,6),(1271,1,6),(1272,1,6),(1273,1,6),(1274,1,6),(1275,1,6),(1276,1,6),(1277,1,6),(1278,1,6),(1279,1,6),(1280,1,6),(1281,1,6),(1282,1,6),(1283,1,6),(1284,1,6),(1285,1,6),(1286,1,6),(1287,1,6),(1288,1,6),(1289,1,6),(1290,1,6),(1291,1,6),(1292,1,6),(1293,1,6),(1294,1,6),(1295,1,6),(1296,1,6),(1297,1,6),(1298,1,6),(1299,1,6),(1300,1,6),(1301,1,6),(1302,1,6),(1303,1,6),(1304,1,6),(1305,1,6),(1306,1,6),(1307,1,6),(1308,1,6),(1309,1,6),(1310,1,6),(1311,1,6),(1312,1,6),(1313,1,6),(1314,1,6),(1315,1,6),(1316,1,6),(1317,1,6),(1318,1,6),(1319,1,6),(1320,1,6),(1321,1,6),(1322,1,6),(1323,1,6),(1324,1,6),(1325,1,6),(1326,1,6),(1327,1,6),(1328,1,6),(1329,1,6),(1330,1,6),(1331,1,6),(1332,1,6),(1333,1,6),(1334,1,6),(1335,1,6),(1336,1,6),(1337,1,6),(1338,1,6),(1339,1,6),(1340,1,6),(1341,1,6),(1342,1,6),(1343,1,6),(1344,1,6),(1345,1,6),(1346,1,6),(1347,1,6),(1348,1,6),(1349,1,6),(1350,1,6),(1351,1,6),(1352,1,6),(1353,1,6),(1354,1,6),(1355,1,6),(1356,1,6),(1357,1,6),(1358,1,6),(1359,1,6),(1360,1,6),(1361,1,6),(1362,1,6),(1363,1,6),(1364,1,6),(1365,1,6),(1366,1,6),(1367,1,6),(1368,1,6),(1369,1,6),(1370,1,6),(1371,1,6),(1372,1,6),(1373,1,6),(1374,1,6),(1375,1,6),(1376,1,6),(1377,1,6),(1378,1,6),(1379,1,6),(1380,1,6),(1381,1,6),(1382,1,6),(1383,1,6),(1384,1,6),(1385,1,6),(1386,1,6),(1387,1,6),(1388,1,6),(1389,1,6),(1390,1,6),(1391,1,6),(1392,1,6),(1393,1,6),(1394,1,6),(1395,1,6),(1396,1,6),(1397,1,6),(1398,1,6),(1399,1,6),(1400,1,6),(1401,1,6),(1402,1,6),(1403,1,6),(1404,1,6),(1405,1,6),(1406,1,6),(1407,1,6),(1408,1,6),(1409,1,6),(1410,1,6),(1411,1,6),(1412,1,6),(1413,1,6),(1414,1,6),(1415,1,6),(1416,1,6),(1417,1,6),(1418,1,6),(1419,1,6),(1420,1,6),(1421,1,6),(1422,1,6),(1423,1,6),(1424,1,6),(1425,1,6),(1426,1,6),(1427,1,6),(1428,1,6),(1429,1,6),(1430,1,6),(1431,1,6),(1432,1,6),(1433,1,6),(1434,1,6),(1435,1,6),(1436,1,6),(1437,1,6),(1438,1,6),(1439,1,6),(1440,1,6),(1441,1,6),(1442,1,6),(1443,1,6),(1444,1,6),(1445,1,6),(1446,1,6),(1447,1,6),(1448,1,6),(1449,1,6),(1450,1,6),(1451,1,6),(1452,1,6),(1453,1,6),(1454,1,6),(1455,1,6),(1456,1,6),(1457,1,6),(1458,1,6),(1459,1,6),(1460,1,6),(1461,1,6),(1462,1,6),(1463,1,6),(1464,1,6),(1465,1,6),(1466,1,6),(1467,1,6),(1468,1,6),(1469,1,6),(1470,1,6),(1471,1,6),(1472,1,6),(1473,1,6),(1474,1,6),(1475,1,6),(1476,1,6),(1477,1,6),(1478,1,6),(1479,1,6),(1480,1,6),(1481,1,6),(1482,1,6),(1483,1,6),(1484,1,6),(1485,1,6),(1486,1,6),(1487,1,6),(1488,1,6),(1489,1,6),(1490,1,6),(1491,1,6),(1492,1,6),(1493,1,6),(1494,1,6),(1495,1,6),(1496,1,6),(1497,1,6),(1498,1,6),(1499,1,6),(1500,1,6),(1501,1,7),(1502,1,7),(1503,1,7),(1504,1,7),(1505,1,7),(1506,1,7),(1507,1,7),(1508,1,7),(1509,1,7),(1510,1,7),(1511,1,7),(1512,1,7),(1513,1,7),(1514,1,7),(1515,1,7),(1516,1,7),(1517,1,7),(1518,1,7),(1519,1,7),(1520,1,7),(1521,1,7),(1522,1,7),(1523,1,7),(1524,1,7),(1525,1,7),(1526,1,7),(1527,1,7),(1528,1,7),(1529,1,7),(1530,1,7),(1531,1,7),(1532,1,7),(1533,1,7),(1534,1,7),(1535,1,7),(1536,1,7),(1537,1,7),(1538,1,7),(1539,1,7),(1540,1,7),(1541,1,7),(1542,1,7),(1543,1,7),(1544,1,7),(1545,1,7),(1546,1,7),(1547,1,7),(1548,1,7),(1549,1,7),(1550,1,7),(1551,1,7),(1552,1,7),(1553,1,7),(1554,1,7),(1555,1,7),(1556,1,7),(1557,1,7),(1558,1,7),(1559,1,7),(1560,1,7),(1561,1,7),(1562,1,7),(1563,1,7),(1564,1,7),(1565,1,7),(1566,1,7),(1567,1,7),(1568,1,7),(1569,1,7),(1570,1,7),(1571,1,7),(1572,1,7),(1573,1,7),(1574,1,7),(1575,1,7),(1576,1,7),(1577,1,7),(1578,1,7),(1579,1,7),(1580,1,7),(1581,1,7),(1582,1,7),(1583,1,7),(1584,1,7),(1585,1,7),(1586,1,7),(1587,1,7),(1588,1,7),(1589,1,7),(1590,1,7),(1591,1,7),(1592,1,7),(1593,1,7),(1594,1,7),(1595,1,7),(1596,1,7),(1597,1,7),(1598,1,7),(1599,1,7),(1600,1,7),(1601,1,7),(1602,1,7),(1603,1,7),(1604,1,7),(1605,1,7),(1606,1,7),(1607,1,7),(1608,1,7),(1609,1,7),(1610,1,7),(1611,1,7),(1612,1,7),(1613,1,7),(1614,1,7),(1615,1,7),(1616,1,7),(1617,1,7),(1618,1,7),(1619,1,7),(1620,1,7),(1621,1,7),(1622,1,7),(1623,1,7),(1624,1,7),(1625,1,7),(1626,1,7),(1627,1,7),(1628,1,7),(1629,1,7),(1630,1,7),(1631,1,7),(1632,1,7),(1633,1,7),(1634,1,7),(1635,1,7),(1636,1,7),(1637,1,7),(1638,1,7),(1639,1,7),(1640,1,7),(1641,1,7),(1642,1,7),(1643,1,7),(1644,1,7),(1645,1,7),(1646,1,7),(1647,1,7),(1648,1,7),(1649,1,7),(1650,1,7),(1651,1,7),(1652,1,7),(1653,1,7),(1654,1,7),(1655,1,7),(1656,1,7),(1657,1,7),(1658,1,7),(1659,1,7),(1660,1,7),(1661,1,7),(1662,1,7),(1663,1,7),(1664,1,7),(1665,1,7),(1666,1,7),(1667,1,7),(1668,1,7),(1669,1,7),(1670,1,7),(1671,1,7),(1672,1,7),(1673,1,7),(1674,1,7),(1675,1,7),(1676,1,7),(1677,1,7),(1678,1,7),(1679,1,7),(1680,1,7),(1681,1,7),(1682,1,7),(1683,1,7),(1684,1,7),(1685,1,7),(1686,1,7),(1687,1,7),(1688,1,7),(1689,1,7),(1690,1,7),(1691,1,7),(1692,1,7),(1693,1,7),(1694,1,7),(1695,1,7),(1696,1,7),(1697,1,7),(1698,1,7),(1699,1,7),(1700,1,7),(1701,1,7),(1702,1,7),(1703,1,7),(1704,1,7),(1705,1,7),(1706,1,7),(1707,1,7),(1708,1,7),(1709,1,7),(1710,1,7),(1711,1,7),(1712,1,7),(1713,1,7),(1714,1,7),(1715,1,7),(1716,1,7),(1717,1,7),(1718,1,7),(1719,1,7),(1720,1,7),(1721,1,7),(1722,1,7),(1723,1,7),(1724,1,7),(1725,1,7),(1726,1,7),(1727,1,7),(1728,1,7),(1729,1,7),(1730,1,7),(1731,1,7),(1732,1,7),(1733,1,7),(1734,1,7),(1735,1,7),(1736,1,7),(1737,1,7),(1738,1,7),(1739,1,7),(1740,1,7),(1741,1,7),(1742,1,7),(1743,1,7),(1744,1,7),(1745,1,7),(1746,1,7),(1747,1,7),(1748,1,7),(1749,1,7),(1750,1,7),(1751,1,7),(1752,1,7),(1753,1,7),(1754,1,7),(1755,1,7),(1756,1,7),(1757,1,7),(1758,1,7),(1759,1,7),(1760,1,7),(1761,1,7),(1762,1,7),(1763,1,7),(1764,1,7),(1765,1,7),(1766,1,7),(1767,1,7),(1768,1,7),(1769,1,7),(1770,1,7),(1771,1,7),(1772,1,7),(1773,1,7),(1774,1,7),(1775,1,7),(1776,1,7),(1777,1,7),(1778,1,7),(1779,1,7),(1780,1,7),(1781,1,7),(1782,1,7),(1783,1,7),(1784,1,7),(1785,1,7),(1786,1,7),(1787,1,7),(1788,1,7),(1789,1,7),(1790,1,7),(1791,1,7),(1792,1,7),(1793,1,7),(1794,1,7),(1795,1,7),(1796,1,7),(1797,1,7),(1798,1,7),(1799,1,7),(1800,1,7),(1801,1,7),(1802,1,7),(1803,1,7),(1804,1,7),(1805,1,7),(1806,1,7),(1807,1,7),(1808,1,7),(1809,1,7),(1810,1,7),(1811,1,7),(1812,1,7),(1813,1,7),(1814,1,7),(1815,1,7),(1816,1,7),(1817,1,7),(1818,1,7),(1819,1,7),(1820,1,7),(1821,1,7),(1822,1,7),(1823,1,7),(1824,1,7),(1825,1,7),(1826,1,7),(1827,1,7),(1828,1,7),(1829,1,7),(1830,1,7),(1831,1,7),(1832,1,7),(1833,1,7),(1834,1,7),(1835,1,7),(1836,1,7),(1837,1,7),(1838,1,7),(1839,1,7),(1840,1,7),(1841,1,7),(1842,1,7),(1843,1,7),(1844,1,7),(1845,1,7),(1846,1,7),(1847,1,7),(1848,1,7),(1849,1,7),(1850,1,7),(1851,1,7),(1852,1,7),(1853,1,7),(1854,1,7),(1855,1,7),(1856,1,7),(1857,1,7),(1858,1,7),(1859,1,7),(1860,1,7),(1861,1,7),(1862,1,7),(1863,1,7),(1864,1,7),(1865,1,7),(1866,1,7),(1867,1,7),(1868,1,7),(1869,1,7),(1870,1,7),(1871,1,7),(1872,1,7),(1873,1,7),(1874,1,7),(1875,1,7),(1876,1,7),(1877,1,7),(1878,1,7),(1879,1,7),(1880,1,7),(1881,1,7),(1882,1,7),(1883,1,7),(1884,1,7),(1885,1,7),(1886,1,7),(1887,1,7),(1888,1,7),(1889,1,7),(1890,1,7),(1891,1,7),(1892,1,7),(1893,1,7),(1894,1,7),(1895,1,7),(1896,1,7),(1897,1,7),(1898,1,7),(1899,1,7),(1900,1,7),(1901,1,7),(1902,1,7),(1903,1,7),(1904,1,7),(1905,1,7),(1906,1,7),(1907,1,7),(1908,1,7),(1909,1,7),(1910,1,7),(1911,1,7),(1912,1,7),(1913,1,7),(1914,1,7),(1915,1,7),(1916,1,7),(1917,1,7),(1918,1,7),(1919,1,7),(1920,1,7),(1921,1,7),(1922,1,7),(1923,1,7),(1924,1,7),(1925,1,7),(1926,1,7),(1927,1,7),(1928,1,7),(1929,1,7),(1930,1,7),(1931,1,7),(1932,1,7),(1933,1,7),(1934,1,7),(1935,1,7),(1936,1,7),(1937,1,7),(1938,1,7),(1939,1,7),(1940,1,7),(1941,1,7),(1942,1,7),(1943,1,7),(1944,1,7),(1945,1,7),(1946,1,7),(1947,1,7),(1948,1,7),(1949,1,7),(1950,1,7),(1951,1,7),(1952,1,7),(1953,1,7),(1954,1,7),(1955,1,7),(1956,1,7),(1957,1,7),(1958,1,7),(1959,1,7),(1960,1,7),(1961,1,7),(1962,1,7),(1963,1,7),(1964,1,7),(1965,1,7),(1966,1,7),(1967,1,7),(1968,1,7),(1969,1,7),(1970,1,7),(1971,1,7),(1972,1,7),(1973,1,7),(1974,1,7),(1975,1,7),(1976,1,7),(1977,1,7),(1978,1,7),(1979,1,7),(1980,1,7),(1981,1,7),(1982,1,7),(1983,1,7),(1984,1,7),(1985,1,7),(1986,1,7),(1987,1,7),(1988,1,7),(1989,1,7),(1990,1,7),(1991,1,7),(1992,1,7),(1993,1,7),(1994,1,7),(1995,1,7),(1996,1,7),(1997,1,7),(1998,1,7),(1999,1,7),(2000,1,7),(2001,1,8),(2002,1,8),(2003,1,8),(2004,1,8),(2005,1,8),(2006,1,8),(2007,1,8),(2008,1,8),(2009,1,8),(2010,1,8),(2011,1,8),(2012,1,8),(2013,1,8),(2014,1,8),(2015,1,8),(2016,1,8),(2017,1,8),(2018,1,8),(2019,1,8),(2020,1,8),(2021,1,8),(2022,1,8),(2023,1,8),(2024,1,8),(2025,1,8),(2026,1,8),(2027,1,8),(2028,1,8),(2029,1,8),(2030,1,8),(2031,1,8),(2032,1,8),(2033,1,8),(2034,1,8),(2035,1,8),(2036,1,8),(2037,1,8),(2038,1,8),(2039,1,8),(2040,1,8),(2041,1,8),(2042,1,8),(2043,1,8),(2044,1,8),(2045,1,8),(2046,1,8),(2047,1,8),(2048,1,8),(2049,1,8),(2050,1,8),(2051,1,8),(2052,1,8),(2053,1,8),(2054,1,8),(2055,1,8),(2056,1,8),(2057,1,8),(2058,1,8),(2059,1,8),(2060,1,8),(2061,1,8),(2062,1,8),(2063,1,8),(2064,1,8),(2065,1,8),(2066,1,8),(2067,1,8),(2068,1,8),(2069,1,8),(2070,1,8),(2071,1,8),(2072,1,8),(2073,1,8),(2074,1,8),(2075,1,8),(2076,1,8),(2077,1,8),(2078,1,8),(2079,1,8),(2080,1,8),(2081,1,8),(2082,1,8),(2083,1,8),(2084,1,8),(2085,1,8),(2086,1,8),(2087,1,8),(2088,1,8),(2089,1,8),(2090,1,8),(2091,1,8),(2092,1,8),(2093,1,8),(2094,1,8),(2095,1,8),(2096,1,8),(2097,1,8),(2098,1,8),(2099,1,8),(2100,1,8),(2101,1,8),(2102,1,8),(2103,1,8),(2104,1,8),(2105,1,8),(2106,1,8),(2107,1,8),(2108,1,8),(2109,1,8),(2110,1,8),(2111,1,8),(2112,1,8),(2113,1,8),(2114,1,8),(2115,1,8),(2116,1,8),(2117,1,8),(2118,1,8),(2119,1,8),(2120,1,8),(2121,1,8),(2122,1,8),(2123,1,8),(2124,1,8),(2125,1,8),(2126,1,8),(2127,1,8),(2128,1,8),(2129,1,8),(2130,1,8),(2131,1,8),(2132,1,8),(2133,1,8),(2134,1,8),(2135,1,8),(2136,1,8),(2137,1,8),(2138,1,8),(2139,1,8),(2140,1,8),(2141,1,8),(2142,1,8),(2143,1,8),(2144,1,8),(2145,1,8),(2146,1,8),(2147,1,8),(2148,1,8),(2149,1,8),(2150,1,8),(2151,1,8),(2152,1,8),(2153,1,8),(2154,1,8),(2155,1,8),(2156,1,8),(2157,1,8),(2158,1,8),(2159,1,8),(2160,1,8),(2161,1,8),(2162,1,8),(2163,1,8),(2164,1,8),(2165,1,8),(2166,1,8),(2167,1,8),(2168,1,8),(2169,1,8),(2170,1,8),(2171,1,8),(2172,1,8),(2173,1,8),(2174,1,8),(2175,1,8),(2176,1,8),(2177,1,8),(2178,1,8),(2179,1,8),(2180,1,8),(2181,1,8),(2182,1,8),(2183,1,8),(2184,1,8),(2185,1,8),(2186,1,8),(2187,1,8),(2188,1,8),(2189,1,8),(2190,1,8),(2191,1,8),(2192,1,8),(2193,1,8),(2194,1,8),(2195,1,8),(2196,1,8),(2197,1,8),(2198,1,8),(2199,1,8),(2200,1,8),(2201,1,9),(2202,1,9),(2203,1,9),(2204,1,9),(2205,1,9),(2206,1,9),(2207,1,9),(2208,1,9),(2209,1,9),(2210,1,9),(2211,1,9),(2212,1,9),(2213,1,9),(2214,1,9),(2215,1,9),(2216,1,9),(2217,1,9),(2218,1,9),(2219,1,9),(2220,1,9),(2221,1,9),(2222,1,9),(2223,1,9),(2224,1,9),(2225,1,9),(2226,1,9),(2227,1,9),(2228,1,9),(2229,1,9),(2230,1,9),(2231,1,9),(2232,1,9),(2233,1,9),(2234,1,9),(2235,1,9),(2236,1,9),(2237,1,9),(2238,1,9),(2239,1,9),(2240,1,9),(2241,1,9),(2242,1,9),(2243,1,9),(2244,1,9),(2245,1,9),(2246,1,9),(2247,1,9),(2248,1,9),(2249,1,9),(2250,1,9),(2251,1,9),(2252,1,9),(2253,1,9),(2254,1,9),(2255,1,9),(2256,1,9),(2257,1,9),(2258,1,9),(2259,1,9),(2260,1,9),(2261,1,9),(2262,1,9),(2263,1,9),(2264,1,9),(2265,1,9),(2266,1,9),(2267,1,9),(2268,1,9),(2269,1,9),(2270,1,9),(2271,1,9),(2272,1,9),(2273,1,9),(2274,1,9),(2275,1,9),(2276,1,9),(2277,1,9),(2278,1,9),(2279,1,9),(2280,1,9),(2281,1,9),(2282,1,9),(2283,1,9),(2284,1,9),(2285,1,9),(2286,1,9),(2287,1,9),(2288,1,9),(2289,1,9),(2290,1,9),(2291,1,9),(2292,1,9),(2293,1,9),(2294,1,9),(2295,1,9),(2296,1,9),(2297,1,9),(2298,1,9),(2299,1,9),(2300,1,9),(2301,1,9),(2302,1,9),(2303,1,9),(2304,1,9),(2305,1,9),(2306,1,9),(2307,1,9),(2308,1,9),(2309,1,9),(2310,1,9),(2311,1,9),(2312,1,9),(2313,1,9),(2314,1,9),(2315,1,9),(2316,1,9),(2317,1,9),(2318,1,9),(2319,1,9),(2320,1,9),(2321,1,9),(2322,1,9),(2323,1,9),(2324,1,9),(2325,1,9),(2326,1,9),(2327,1,9),(2328,1,9),(2329,1,9),(2330,1,9),(2331,1,9),(2332,1,9),(2333,1,9),(2334,1,9),(2335,1,9),(2336,1,9),(2337,1,9),(2338,1,9),(2339,1,9),(2340,1,9),(2341,1,9),(2342,1,9),(2343,1,9),(2344,1,9),(2345,1,9),(2346,1,9),(2347,1,9),(2348,1,9),(2349,1,9),(2350,1,9),(2351,1,9),(2352,1,9),(2353,1,9),(2354,1,9),(2355,1,9),(2356,1,9),(2357,1,9),(2358,1,9),(2359,1,9),(2360,1,9),(2361,1,9),(2362,1,9),(2363,1,9),(2364,1,9),(2365,1,9),(2366,1,9),(2367,1,9),(2368,1,9),(2369,1,9),(2370,1,9),(2371,1,9),(2372,1,9),(2373,1,9),(2374,1,9),(2375,1,9),(2376,1,9),(2377,1,9),(2378,1,9),(2379,1,9),(2380,1,9),(2381,1,9),(2382,1,9),(2383,1,9),(2384,1,9),(2385,1,9),(2386,1,9),(2387,1,9),(2388,1,9),(2389,1,9),(2390,1,9),(2391,1,9),(2392,1,9),(2393,1,9),(2394,1,9),(2395,1,9),(2396,1,9),(2397,1,9),(2398,1,9),(2399,1,9),(2400,1,9),(2401,1,9),(2402,1,9),(2403,1,9),(2404,1,9),(2405,1,9),(2406,1,9),(2407,1,9),(2408,1,9),(2409,1,9),(2410,1,9),(2411,1,9),(2412,1,9),(2413,1,9),(2414,1,9),(2415,1,9),(2416,1,9),(2417,1,9),(2418,1,9),(2419,1,9),(2420,1,9),(2421,1,9),(2422,1,9),(2423,1,9),(2424,1,9),(2425,1,9),(2426,1,10),(2427,1,10),(2428,1,10),(2429,1,10),(2430,1,10),(2431,1,10),(2432,1,10),(2433,1,10),(2434,1,10),(2435,1,10),(2436,1,10),(2437,1,10),(2438,1,10),(2439,1,10),(2440,1,10),(2441,1,10),(2442,1,10),(2443,1,10),(2444,1,10),(2445,1,10),(2446,1,10),(2447,1,10),(2448,1,10),(2449,1,10),(2450,1,10),(2451,1,10),(2452,1,10),(2453,1,10),(2454,1,10),(2455,1,10),(2456,1,10),(2457,1,10),(2458,1,10),(2459,1,10),(2460,1,10),(2461,1,10),(2462,1,10),(2463,1,10),(2464,1,10),(2465,1,10),(2466,1,10),(2467,1,10),(2468,1,10),(2469,1,10),(2470,1,10),(2471,1,10),(2472,1,10),(2473,1,10),(2474,1,10),(2475,1,10),(2476,1,10),(2477,1,10),(2478,1,10),(2479,1,10),(2480,1,10),(2481,1,10),(2482,1,10),(2483,1,10),(2484,1,10),(2485,1,10),(2486,1,10),(2487,1,10),(2488,1,10),(2489,1,10),(2490,1,10),(2491,1,10),(2492,1,10),(2493,1,10),(2494,1,10),(2495,1,10),(2496,1,10),(2497,1,10),(2498,1,10),(2499,1,10),(2500,1,10),(2501,1,10),(2502,1,10),(2503,1,10),(2504,1,10),(2505,1,10),(2506,1,10),(2507,1,10),(2508,1,10),(2509,1,10),(2510,1,10),(2511,1,10),(2512,1,10),(2513,1,10),(2514,1,10),(2515,1,10),(2516,1,10),(2517,1,10),(2518,1,10),(2519,1,10),(2520,1,10),(2521,1,10),(2522,1,10),(2523,1,10),(2524,1,10),(2525,1,10),(2526,1,10),(2527,1,10),(2528,1,10),(2529,1,10),(2530,1,10),(2531,1,10),(2532,1,10),(2533,1,10),(2534,1,10),(2535,1,10),(2536,1,10),(2537,1,10),(2538,1,10),(2539,1,10),(2540,1,10),(2541,1,10),(2542,1,10),(2543,1,10),(2544,1,10),(2545,1,10),(2546,1,10),(2547,1,10),(2548,1,10),(2549,1,10),(2550,1,10),(2551,1,10),(2552,1,10),(2553,1,10),(2554,1,10),(2555,1,10),(2556,1,10),(2557,1,10),(2558,1,10),(2559,1,10),(2560,1,10),(2561,1,10),(2562,1,10),(2563,1,10),(2564,1,10),(2565,1,10),(2566,1,10),(2567,1,10),(2568,1,10),(2569,1,10),(2570,1,10),(2571,1,10),(2572,1,10),(2573,1,10),(2574,1,10),(2575,1,10),(2576,1,10),(2577,1,10),(2578,1,10),(2579,1,10),(2580,1,10),(2581,1,10),(2582,1,10),(2583,1,10),(2584,1,10),(2585,1,10),(2586,1,10),(2587,1,10),(2588,1,10),(2589,1,10),(2590,1,10),(2591,1,10),(2592,1,10),(2593,1,10),(2594,1,10),(2595,1,10),(2596,1,10),(2597,1,10),(2598,1,10),(2599,1,10),(2600,1,10),(2601,1,10),(2602,1,10),(2603,1,10),(2604,1,10),(2605,1,10),(2606,1,10),(2607,1,10),(2608,1,10),(2609,1,10),(2610,1,10),(2611,1,10),(2612,1,10),(2613,1,10),(2614,1,10),(2615,1,10),(2616,1,10),(2617,1,10),(2618,1,10),(2619,1,10),(2620,1,10),(2621,1,10),(2622,1,10),(2623,1,10),(2624,1,10),(2625,1,10),(2626,1,10),(2627,1,10),(2628,1,10),(2629,1,10),(2630,1,10),(2631,1,10),(2632,1,10),(2633,1,10),(2634,1,10),(2635,1,10),(2636,1,10),(2637,1,10),(2638,1,10),(2639,1,10),(2640,1,10),(2641,1,10),(2642,1,10),(2643,1,10),(2644,1,10),(2645,1,10),(2646,1,10),(2647,1,10),(2648,1,10),(2649,1,10),(2650,1,10),(2651,1,10),(2652,1,10),(2653,1,10),(2654,1,10),(2655,1,10),(2656,1,10),(2657,1,10),(2658,1,10),(2659,1,10),(2660,1,10),(2661,1,10),(2662,1,10),(2663,1,10),(2664,1,10),(2665,1,10),(2666,1,10),(2667,1,10),(2668,1,10),(2669,1,10),(2670,1,10),(2671,1,10),(2672,1,10),(2673,1,10),(2674,1,10),(2675,1,10),(2676,1,10),(2677,1,10),(2678,1,10),(2679,1,10),(2680,1,10),(2681,1,10),(2682,1,10),(2683,1,10),(2684,1,10),(2685,1,10),(2686,1,10),(2687,1,10),(2688,1,10),(2689,1,10),(2690,1,10),(2691,1,10),(2692,1,10),(2693,1,10),(2694,1,10),(2695,1,10),(2696,1,10),(2697,1,10),(2698,1,10),(2699,1,10),(2700,1,10),(2701,1,10),(2702,1,10),(2703,1,10),(2704,1,10),(2705,1,10),(2706,1,10),(2707,1,10),(2708,1,10),(2709,1,10),(2710,1,10),(2711,1,10),(2712,1,10),(2713,1,10),(2714,1,10),(2715,1,10),(2716,1,10),(2717,1,10),(2718,1,10),(2719,1,10),(2720,1,10),(2721,1,10),(2722,1,10),(2723,1,10),(2724,1,10),(2725,1,10),(2726,1,10),(2727,1,10),(2728,1,10),(2729,1,10),(2730,1,10),(2731,1,11),(2732,1,11),(2733,1,11),(2734,1,11),(2735,1,11),(2736,1,11),(2737,1,11),(2738,1,11),(2739,1,11),(2740,1,11),(2741,1,11),(2742,1,11),(2743,1,11),(2744,1,11),(2745,1,11),(2746,1,11),(2747,1,11),(2748,1,11),(2749,1,11),(2750,1,11),(2751,1,11),(2752,1,11),(2753,1,11),(2754,1,11),(2755,1,11),(2756,1,11),(2757,1,11),(2758,1,11),(2759,1,11),(2760,1,11),(2761,1,11),(2762,1,11),(2763,1,11),(2764,1,11),(2765,1,11),(2766,1,11),(2767,1,11),(2768,1,11),(2769,1,11),(2770,1,11),(2771,1,11),(2772,1,11),(2773,1,11),(2774,1,11),(2775,1,11),(2776,1,11),(2777,1,11),(2778,1,11),(2779,1,11),(2780,1,11),(2781,1,11),(2782,1,11),(2783,1,11),(2784,1,11),(2785,1,11),(2786,1,11),(2787,1,11),(2788,1,11),(2789,1,11),(2790,1,11),(2791,1,11),(2792,1,11),(2793,1,11),(2794,1,11),(2795,1,11),(2796,1,11),(2797,1,11),(2798,1,11),(2799,1,11),(2800,1,11),(2801,1,11),(2802,1,11),(2803,1,11),(2804,1,11),(2805,1,11),(2806,1,11),(2807,1,11),(2808,1,11),(2809,1,11),(2810,1,11),(2811,1,11),(2812,1,11),(2813,1,11),(2814,1,11),(2815,1,11),(2816,1,11),(2817,1,11),(2818,1,11),(2819,1,11),(2820,1,11),(2821,1,11),(2822,1,11),(2823,1,11),(2824,1,11),(2825,1,11),(2826,1,11),(2827,1,11),(2828,1,11),(2829,1,11),(2830,1,11),(2831,1,11),(2832,1,11),(2833,1,11),(2834,1,11),(2835,1,11),(2836,1,11),(2837,1,11),(2838,1,11),(2839,1,11),(2840,1,11),(2841,1,11),(2842,1,11),(2843,1,11),(2844,1,11),(2845,1,11),(2846,1,11),(2847,1,11),(2848,1,11),(2849,1,11),(2850,1,11),(2851,1,11),(2852,1,11),(2853,1,11),(2854,1,11),(2855,1,11),(2856,1,11),(2857,1,11),(2858,1,11),(2859,1,11),(2860,1,11),(2861,1,11),(2862,1,11),(2863,1,11),(2864,1,11),(2865,1,11),(2866,1,11),(2867,1,11),(2868,1,11),(2869,1,11),(2870,1,11),(2871,1,11),(2872,1,11),(2873,1,11),(2874,1,11),(2875,1,11),(2876,1,11),(2877,1,11),(2878,1,11),(2879,1,11),(2880,1,11),(2881,1,11),(2882,1,11),(2883,1,11),(2884,1,11),(2885,1,11),(2886,1,11),(2887,1,11),(2888,1,11),(2889,1,11),(2890,1,11),(2891,1,11),(2892,1,11),(2893,1,11),(2894,1,11),(2895,1,11),(2896,1,11),(2897,1,11),(2898,1,11),(2899,1,11),(2900,1,11),(2901,1,11),(2902,1,11),(2903,1,11),(2904,1,11),(2905,1,11),(2906,1,11),(2907,1,11),(2908,1,11),(2909,1,11),(2910,1,11),(2911,1,11),(2912,1,11),(2913,1,11),(2914,1,11),(2915,1,11),(2916,1,11),(2917,1,11),(2918,1,11),(2919,1,11),(2920,1,11),(2921,1,11),(2922,1,11),(2923,1,11),(2924,1,11),(2925,1,11),(2926,1,11),(2927,1,11),(2928,1,11),(2929,1,11),(2930,1,11),(2931,1,11),(2932,1,11),(2933,1,11),(2934,1,11),(2935,1,11),(2936,1,11),(2937,1,11),(2938,1,11),(2939,1,11),(2940,1,11),(2941,1,11),(2942,1,11),(2943,1,11),(2944,1,11),(2945,1,11),(2946,1,11),(2947,1,11),(2948,1,11),(2949,1,11),(2950,1,11),(2951,1,11),(2952,1,11),(2953,1,11),(2954,1,11),(2955,1,11),(2956,1,11),(2957,1,11),(2958,1,11),(2959,1,11),(2960,1,11),(2961,1,11),(2962,1,11),(2963,1,11),(2964,1,11),(2965,1,11),(2966,1,11),(2967,1,11),(2968,1,11),(2969,1,11),(2970,1,11),(2971,1,11),(2972,1,11),(2973,1,11),(2974,1,11),(2975,1,11),(2976,1,11),(2977,1,11),(2978,1,11),(2979,1,11),(2980,1,11),(2981,1,11),(2982,1,11),(2983,1,11),(2984,1,11),(2985,1,11),(2986,1,11),(2987,1,11),(2988,1,11),(2989,1,11),(2990,1,11),(2991,1,11),(2992,1,11),(2993,1,11),(2994,1,11),(2995,1,11),(2996,1,11),(2997,1,11),(2998,1,11),(2999,1,11),(3000,1,11),(3001,1,11),(3002,1,11),(3003,1,11),(3004,1,11),(3005,1,11),(3006,1,11),(3007,1,11),(3008,1,11),(3009,1,11),(3010,1,11),(3011,1,11),(3012,1,11),(3013,1,11),(3014,1,11),(3015,1,11),(3016,1,11),(3017,1,11),(3018,1,11),(3019,1,11),(3020,1,11),(3021,1,11),(3022,1,11),(3023,1,11),(3024,1,11),(3025,1,11),(3026,1,11),(3027,1,11),(3028,1,11),(3029,1,11),(3030,1,11),(3031,1,11),(3032,1,11),(3033,1,11),(3034,1,11),(3035,1,11),(3036,1,11),(3037,1,11),(3038,1,11),(3039,1,11),(3040,1,11),(3041,1,11),(3042,1,11),(3043,1,11),(3044,1,11),(3045,1,11),(3046,1,11),(3047,1,11),(3048,1,11),(3049,1,11),(3050,1,11),(3051,1,11),(3052,1,11),(3053,1,11),(3054,1,11),(3055,1,11),(3056,1,11),(3057,1,11),(3058,1,11),(3059,1,11),(3060,1,11),(3061,1,11),(3062,1,11),(3063,1,11),(3064,1,11),(3065,1,11),(3066,1,11),(3067,1,11),(3068,1,11),(3069,1,11),(3070,1,11),(3071,1,11),(3072,1,11),(3073,1,11),(3074,1,11),(3075,1,11),(3076,1,11),(3077,1,11),(3078,1,11),(3079,1,11),(3080,1,11),(3081,1,11),(3082,1,11),(3083,1,11),(3084,1,11),(3085,1,11),(3086,1,11),(3087,1,11),(3088,1,11),(3089,1,11),(3090,1,11),(3091,1,11),(3092,1,11),(3093,1,11),(3094,1,11),(3095,1,11),(3096,1,11),(3097,1,11),(3098,1,11),(3099,1,11),(3100,1,11),(3101,1,11),(3102,1,11),(3103,1,11),(3104,1,11),(3105,1,11),(3106,1,11),(3107,1,11),(3108,1,11),(3109,1,11),(3110,1,11),(3111,1,11),(3112,1,11),(3113,1,11),(3114,1,11),(3115,1,11),(3116,1,11),(3117,1,11),(3118,1,11),(3119,1,11),(3120,1,11),(3121,1,11),(3122,1,11),(3123,1,11),(3124,1,11),(3125,1,11),(3126,1,11),(3127,1,11),(3128,1,11),(3129,1,11),(3130,1,11),(3131,1,11),(3132,1,11),(3133,1,11),(3134,1,11),(3135,1,11),(3136,1,11),(3137,1,11),(3138,1,11),(3139,1,11),(3140,1,11),(3141,1,11),(3142,1,11),(3143,1,11),(3144,1,11),(3145,1,11),(3146,1,11),(3147,1,11),(3148,1,11),(3149,1,11),(3150,1,11),(3151,1,11),(3152,1,11),(3153,1,11),(3154,1,11),(3155,1,11),(3156,1,11),(3157,1,11),(3158,1,11),(3159,1,11),(3160,1,11),(3161,1,11),(3162,1,11),(3163,1,11),(3164,1,11),(3165,1,11),(3166,1,11),(3167,1,11),(3168,1,11),(3169,1,11),(3170,1,11),(3171,1,11),(3172,1,11),(3173,1,11),(3174,1,11),(3175,1,11),(3176,1,11),(3177,1,11),(3178,1,11),(3179,1,11),(3180,1,11),(3181,1,11),(3182,1,11),(3183,1,11),(3184,1,11),(3185,1,11),(3186,1,11),(3187,1,11),(3188,1,11),(3189,1,11),(3190,1,11),(3191,1,11),(3192,1,11),(3193,1,11),(3194,1,11),(3195,1,11),(3196,1,11),(3197,1,11),(3198,1,11),(3199,1,11),(3200,1,11),(3201,1,11),(3202,1,11),(3203,1,11),(3204,1,11),(3205,1,11),(3206,1,11),(3207,1,11),(3208,1,11),(3209,1,11),(3210,1,11),(3211,1,11),(3212,1,11),(3213,1,11),(3214,1,11),(3215,1,11),(3216,1,11),(3217,1,11),(3218,1,11),(3219,1,11),(3220,1,11),(3221,1,11),(3222,1,11),(3223,1,11),(3224,1,11),(3225,1,11),(3226,1,11),(3227,1,11),(3228,1,11),(3229,1,11),(3230,1,11),(3231,1,11),(3232,1,11),(3233,1,11),(3234,1,11),(3235,1,11),(3236,1,11),(3237,1,11),(3238,1,11),(3239,1,11),(3240,1,11),(3241,1,11),(3242,1,11),(3243,1,11),(3244,1,11),(3245,1,11),(3246,1,11),(3247,1,11),(3248,1,11),(3249,1,11),(3250,1,11),(3251,1,11),(3252,1,11),(3253,1,11),(3254,1,11),(3255,1,11),(3256,1,11),(3257,1,11),(3258,1,11),(3259,1,11),(3260,1,11),(3261,1,11),(3262,1,11),(3263,1,11),(3264,1,11),(3265,1,11),(3266,1,11),(3267,1,11),(3268,1,11),(3269,1,11),(3270,1,11),(3271,1,11),(3272,1,11),(3273,1,11),(3274,1,11),(3275,1,11),(3276,1,11),(3277,1,11),(3278,1,11),(3279,1,11),(3280,1,11),(3281,1,11),(3282,1,11),(3283,1,11),(3284,1,11),(3285,1,11),(3286,1,11),(3287,1,11),(3288,1,11),(3289,1,11),(3290,1,11),(3291,1,11),(3292,1,11),(3293,1,11),(3294,1,11),(3295,1,11),(3296,1,11),(3297,1,11),(3298,1,11),(3299,1,11),(3300,1,11),(3301,1,11),(3302,1,11),(3303,1,11),(3304,1,11),(3305,1,11),(3306,1,11),(3307,1,11),(3308,1,11),(3309,1,11),(3310,1,11),(3311,1,11),(3312,1,11),(3313,1,11),(3314,1,11),(3315,1,11),(3316,1,11),(3317,1,11),(3318,1,11),(3319,1,11),(3320,1,11),(3321,1,11),(3322,1,11),(3323,1,11),(3324,1,11),(3325,1,11),(3326,1,11),(3327,1,11),(3328,1,11),(3329,1,11),(3330,1,11),(3331,1,11),(3332,1,11),(3333,1,11),(3334,1,11),(3335,1,11),(3336,1,11),(3337,1,11),(3338,1,11),(3339,1,11),(3340,1,11),(3341,1,11),(3342,1,11),(3343,1,11),(3344,1,11),(3345,1,11),(3346,1,11),(3347,1,11),(3348,1,11),(3349,1,11),(3350,1,11),(3351,1,11),(3352,1,11),(3353,1,11),(3354,1,11),(3355,1,11),(3356,1,11),(3357,1,11),(3358,1,11),(3359,1,11),(3360,1,11),(3361,1,11),(3362,1,11),(3363,1,11),(3364,1,11),(3365,1,12),(3366,1,12),(3367,1,12),(3368,1,12),(3369,1,12),(3370,1,12),(3371,1,12),(3372,1,12),(3373,1,12),(3374,1,12),(3375,1,12),(3376,1,12),(3377,1,12),(3378,1,12),(3379,1,12),(3380,1,12),(3381,1,12),(3382,1,12),(3383,1,12),(3384,1,12),(3385,1,12),(3386,1,12),(3387,1,12),(3388,1,12),(3389,1,12),(3390,1,12),(3391,1,12),(3392,1,12),(3393,1,12),(3394,1,12),(3395,1,12),(3396,1,12),(3397,1,12),(3398,1,12),(3399,1,12),(3400,1,12),(3401,1,12),(3402,1,12),(3403,1,12),(3404,1,12),(3405,1,12),(3406,1,12),(3407,1,12),(3408,1,12),(3409,1,12),(3410,1,12),(3411,1,12),(3412,1,12),(3413,1,12),(3414,1,12),(3415,1,12),(3416,1,12),(3417,1,12),(3418,1,12),(3419,1,12),(3420,1,12),(3421,1,12),(3422,1,12),(3423,1,12),(3424,1,12),(3425,1,12),(3426,1,12),(3427,1,12),(3428,1,12),(3429,1,12),(3430,1,12),(3431,1,12),(3432,1,12),(3433,1,12),(3434,1,12),(3435,1,12),(3436,1,12),(3437,1,12),(3438,1,12),(3439,1,12),(3440,1,12),(3441,1,12),(3442,1,12),(3443,1,12),(3444,1,12),(3445,1,12),(3446,1,12),(3447,1,12),(3448,1,12),(3449,1,12),(3450,1,12),(3451,1,12),(3452,1,12),(3453,1,12),(3454,1,12),(3455,1,12),(3456,1,12),(3457,1,12),(3458,1,12),(3459,1,12),(3460,1,12),(3461,1,12),(3462,1,12),(3463,1,12),(3464,1,12),(3465,1,12),(3466,1,12),(3467,1,12),(3468,1,12),(3469,1,12),(3470,1,12),(3471,1,12),(3472,1,12),(3473,1,12),(3474,1,12),(3475,1,12),(3476,1,12),(3477,1,12),(3478,1,12),(3479,1,12),(3480,1,12),(3481,1,12),(3482,1,12),(3483,1,12),(3484,1,12),(3485,1,12),(3486,1,12),(3487,1,12),(3488,1,12),(3489,1,12),(3490,1,12),(3491,1,12),(3492,1,12),(3493,1,12),(3494,1,12),(3495,1,12),(3496,1,12),(3497,1,12),(3498,1,12),(3499,1,12),(3500,1,12),(3501,1,12),(3502,1,12),(3503,1,12),(3504,1,12),(3505,1,12),(3506,1,12),(3507,1,12),(3508,1,12),(3509,1,12),(3510,1,12),(3511,1,12),(3512,1,12),(3513,1,12),(3514,1,12),(3515,1,12),(3516,1,12),(3517,1,12),(3518,1,12),(3519,1,12),(3520,1,12),(3521,1,12),(3522,1,12),(3523,1,12),(3524,1,12),(3525,1,12),(3526,1,12),(3527,1,12),(3528,1,12),(3529,1,12),(3530,1,12),(3531,1,12),(3532,1,12),(3533,1,12),(3534,1,12),(3535,1,12),(3536,1,12),(3537,1,12),(3538,1,12),(3539,1,12),(3540,1,12),(3541,1,12),(3542,1,12),(3543,1,12),(3544,1,12),(3545,1,12),(3546,1,12),(3547,1,12),(3548,1,12),(3549,1,12),(3550,1,12),(3551,1,12),(3552,1,12),(3553,1,12),(3554,1,12),(3555,1,12),(3556,1,12),(3557,1,12),(3558,1,12),(3559,1,12),(3560,1,12),(3561,1,12),(3562,1,12),(3563,1,12),(3564,1,12),(3565,1,12),(3566,1,12),(3567,1,12),(3568,1,12),(3569,1,12),(3570,1,12),(3571,1,12),(3572,1,12),(3573,1,12),(3574,1,12),(3575,1,12),(3576,1,12),(3577,1,12),(3578,1,12),(3579,1,12),(3580,1,12),(3581,1,12),(3582,1,12),(3583,1,12),(3584,1,12),(3585,1,12),(3586,1,12),(3587,1,12),(3588,1,12),(3589,1,12),(3590,1,12),(3591,1,12),(3592,1,12),(3593,1,12),(3594,1,12),(3595,1,12),(3596,1,12),(3597,1,12),(3598,1,12),(3599,1,12),(3600,1,12),(3601,1,12),(3602,1,12),(3603,1,12),(3604,1,12),(3605,1,12),(3606,1,12),(3607,1,12),(3608,1,12),(3609,1,12),(3610,1,12),(3611,1,12),(3612,1,12),(3613,1,12),(3614,1,12),(3615,1,12),(3616,1,12),(3617,1,12),(3618,1,12),(3619,1,12),(3620,1,12),(3621,1,12),(3622,1,12),(3623,1,12),(3624,1,12),(3625,1,12),(3626,1,12),(3627,1,12),(3628,1,12),(3629,1,12),(3630,1,12),(3631,1,12),(3632,1,12),(3633,1,12),(3634,1,12),(3635,1,12),(3636,1,12),(3637,1,12),(3638,1,12),(3639,1,12),(3640,1,12),(3641,1,12),(3642,1,12),(3643,1,12),(3644,1,12),(3645,1,12),(3646,1,12),(3647,1,12),(3648,1,12),(3649,1,12),(3650,1,12),(3651,1,12),(3652,1,12),(3653,1,12),(3654,1,12),(3655,1,12),(3656,1,12),(3657,1,12),(3658,1,12),(3659,1,12),(3660,1,12),(3661,1,12),(3662,1,12),(3663,1,12),(3664,1,12),(3665,1,12),(3666,1,12),(3667,1,12),(3668,1,12),(3669,1,12),(3670,1,12),(3671,1,12),(3672,1,12),(3673,1,12),(3674,1,12),(3675,1,12),(3676,1,12),(3677,1,12),(3678,1,12),(3679,1,12),(3680,1,12),(3681,1,12),(3682,1,12),(3683,1,12),(3684,1,12),(3685,1,12),(3686,1,12),(3687,1,12),(3688,1,12),(3689,1,12),(3690,1,12),(3691,1,12),(3692,1,12),(3693,1,12),(3694,1,12),(3695,1,12),(3696,1,12),(3697,1,12),(3698,1,12),(3699,1,12),(3700,1,12),(3701,1,12),(3702,1,12),(3703,1,12),(3704,1,12),(3705,1,12),(3706,1,12),(3707,1,12),(3708,1,12),(3709,1,12),(3710,1,12),(3711,1,12),(3712,1,12),(3713,1,12),(3714,1,12),(3715,1,12),(3716,1,12),(3717,1,12),(3718,1,12),(3719,1,12),(3720,1,12),(3721,1,12),(3722,1,12),(3723,1,12),(3724,1,12),(3725,1,12),(3726,1,12),(3727,1,12),(3728,1,12),(3729,1,12),(3730,1,12),(3731,1,12),(3732,1,12),(3733,1,12),(3734,1,12),(3735,1,12),(3736,1,12),(3737,1,12),(3738,1,12),(3739,1,12),(3740,1,12),(3741,1,12),(3742,1,12),(3743,1,12),(3744,1,12),(3745,1,12),(3746,1,12),(3747,1,12),(3748,1,12),(3749,1,12),(3750,1,12),(3751,1,12),(3752,1,12),(3753,1,12),(3754,1,12),(3755,1,12),(3756,1,12),(3757,1,12),(3758,1,12),(3759,1,12),(3760,1,12),(3761,1,12),(3762,1,12),(3763,1,12),(3764,1,12),(3765,1,12),(3766,1,12),(3767,1,12),(3768,1,12),(3769,1,12),(3770,1,12),(3771,1,12),(3772,1,12),(3773,1,12),(3774,1,12),(3775,1,12),(3776,1,12),(3777,1,12),(3778,1,12),(3779,1,12),(3780,1,12),(3781,1,12),(3782,1,12),(3783,1,12),(3784,1,12),(3785,1,12),(3786,1,12),(3787,1,12),(3788,1,12),(3789,1,12),(3790,1,12),(3791,1,12),(3792,1,12),(3793,1,12),(3794,1,12),(3795,1,12),(3796,1,12),(3797,1,12),(3798,1,12),(3799,1,12),(3800,1,12),(3801,1,12),(3802,1,12),(3803,1,12),(3804,1,12),(3805,1,12),(3806,1,12),(3807,1,12),(3808,1,12),(3809,1,12),(3810,1,12),(3811,1,12),(3812,1,12),(3813,1,12),(3814,1,12),(3815,1,12),(3816,1,12),(3817,1,12),(3818,1,12),(3819,1,12),(3820,1,12),(3821,1,12),(3822,1,12),(3823,1,12),(3824,1,12),(3825,1,12),(3826,1,12),(3827,1,12),(3828,1,12),(3829,1,12),(3830,1,12),(3831,1,12),(3832,1,12),(3833,1,12),(3834,1,12),(3835,1,12),(3836,1,12),(3837,1,12),(3838,1,12),(3839,1,12),(3840,1,12),(3841,1,12),(3842,1,12),(3843,1,12),(3844,1,12),(3845,1,12),(3846,1,12),(3847,1,12),(3848,1,12),(3849,1,12),(3850,1,12),(3851,1,12),(3852,1,12),(3853,1,12),(3854,1,12),(3855,1,12),(3856,1,12),(3857,1,12),(3858,1,12),(3859,1,12),(3860,1,12),(3861,1,12),(3862,1,12),(3863,1,12),(3864,1,12),(3865,1,12),(3866,1,12),(3867,1,12),(3868,1,12),(3869,1,12),(3870,1,12),(3871,1,12),(3872,1,12),(3873,1,12),(3874,1,12),(3875,1,12),(3876,1,12),(3877,1,12),(3878,1,12),(3879,1,12),(3880,1,12),(3881,1,12),(3882,1,12),(3883,1,12),(3884,1,12),(3885,1,12),(3886,1,12),(3887,1,12),(3888,1,12),(3889,1,12),(3890,1,12),(3891,1,12),(3892,1,12),(3893,1,12),(3894,1,12),(3895,1,12),(3896,1,12),(3897,1,12),(3898,1,12),(3899,1,12),(3900,1,12),(3901,1,12),(3902,1,12),(3903,1,12),(3904,1,12),(3905,1,12),(3906,1,12),(3907,1,12),(3908,1,12),(3909,1,12),(3910,1,12),(3911,1,12),(3912,1,12),(3913,1,12),(3914,1,12),(3915,1,12),(3916,1,12),(3917,1,12),(3918,1,12),(3919,1,12),(3920,1,12),(3921,1,12),(3922,1,12),(3923,1,12),(3924,1,12),(3925,1,12),(3926,1,12),(3927,1,12),(3928,1,13),(3929,1,13),(3930,1,13),(3931,1,13),(3932,1,13),(3933,1,13),(3934,1,13),(3935,1,13),(3936,1,13),(3937,1,13),(3938,1,13),(3939,1,13),(3940,1,13),(3941,1,13),(3942,1,13),(3943,1,13),(3944,1,13),(3945,1,13),(3946,1,13),(3947,1,13),(3948,1,13),(3949,1,13),(3950,1,13),(3951,1,13),(3952,1,13),(3953,1,13),(3954,1,13),(3955,1,13),(3956,1,13),(3957,1,13),(3958,1,13),(3959,1,13),(3960,1,13),(3961,1,13),(3962,1,13),(3963,1,13),(3964,1,13),(3965,1,13),(3966,1,13),(3967,1,13),(3968,1,13),(3969,1,13),(3970,1,13),(3971,1,13),(3972,1,13),(3973,1,13),(3974,1,13),(3975,1,13),(3976,1,13),(3977,1,13),(3978,1,13),(3979,1,13),(3980,1,13),(3981,1,13),(3982,1,13),(3983,1,13),(3984,1,13),(3985,1,13),(3986,1,13),(3987,1,13),(3988,1,13),(3989,1,13),(3990,1,13),(3991,1,13),(3992,1,13),(3993,1,13),(3994,1,13),(3995,1,13),(3996,1,13),(3997,1,13),(3998,1,13),(3999,1,13),(4000,1,13),(4001,1,13),(4002,1,13),(4003,1,13),(4004,1,13),(4005,1,13),(4006,1,13),(4007,1,13),(4008,1,13),(4009,1,13),(4010,1,13),(4011,1,13),(4012,1,13),(4013,1,13),(4014,1,13),(4015,1,13),(4016,1,13),(4017,1,13),(4018,1,13),(4019,1,13),(4020,1,13),(4021,1,13),(4022,1,13),(4023,1,13),(4024,1,13),(4025,1,13),(4026,1,13),(4027,1,13),(4028,1,13),(4029,1,13),(4030,1,13),(4031,1,13),(4032,1,13),(4033,1,13),(4034,1,13),(4035,1,13),(4036,1,13),(4037,1,13),(4038,1,13),(4039,1,13),(4040,1,13),(4041,1,13),(4042,1,13),(4043,1,13),(4044,1,13),(4045,1,13),(4046,1,13),(4047,1,13),(4048,1,13),(4049,1,13),(4050,1,13),(4051,1,13),(4052,1,13),(4053,1,13),(4054,1,13),(4055,1,13),(4056,1,13),(4057,1,13),(4058,1,13),(4059,1,13),(4060,1,13),(4061,1,13),(4062,1,13),(4063,1,13),(4064,1,13),(4065,1,13),(4066,1,13),(4067,1,13),(4068,1,13),(4069,1,13),(4070,1,13),(4071,1,13),(4072,1,13),(4073,1,13),(4074,1,13),(4075,1,13),(4076,1,13),(4077,1,13),(4078,1,13),(4079,1,13),(4080,1,13),(4081,1,13),(4082,1,13),(4083,1,13),(4084,1,13),(4085,1,13),(4086,1,13),(4087,1,13),(4088,1,13),(4089,1,13),(4090,1,13),(4091,1,13),(4092,1,13),(4093,1,13),(4094,1,13),(4095,1,13),(4096,1,13),(4097,1,13),(4098,1,13),(4099,1,13),(4100,1,13),(4101,1,13),(4102,1,13),(4103,1,13),(4104,1,13),(4105,1,13),(4106,1,13),(4107,1,13),(4108,1,13),(4109,1,13),(4110,1,13),(4111,1,13),(4112,1,13),(4113,1,13),(4114,1,13),(4115,1,13),(4116,1,13),(4117,1,13),(4118,1,13),(4119,1,13),(4120,1,13),(4121,1,13),(4122,1,13),(4123,1,13),(4124,1,13),(4125,1,13),(4126,1,13),(4127,1,13),(4128,1,13),(4129,1,13),(4130,1,13),(4131,1,13),(4132,1,13),(4133,1,13),(4134,1,13),(4135,1,13),(4136,1,13),(4137,1,13),(4138,1,13),(4139,1,13),(4140,1,13),(4141,1,13),(4142,1,13),(4143,1,13),(4144,1,13),(4145,1,13),(4146,1,13),(4147,1,13),(4148,1,13),(4149,1,13),(4150,1,13),(4151,1,13),(4152,1,13),(4153,1,13),(4154,1,13),(4155,1,13),(4156,1,13),(4157,1,13),(4158,1,13),(4159,1,13),(4160,1,13),(4161,1,13),(4162,1,13),(4163,1,13),(4164,1,13),(4165,1,13),(4166,1,13),(4167,1,13),(4168,1,13),(4169,1,13),(4170,1,13),(4171,1,13),(4172,1,13),(4173,1,13),(4174,1,13),(4175,1,13),(4176,1,13),(4177,1,13),(4178,1,13),(4179,1,13),(4180,1,13),(4181,1,13),(4182,1,13),(4183,1,13),(4184,1,13),(4185,1,13),(4186,1,13),(4187,1,13),(4188,1,13),(4189,1,13),(4190,1,13),(4191,1,13),(4192,1,13),(4193,1,13),(4194,1,13),(4195,1,13),(4196,1,13),(4197,1,13),(4198,1,13),(4199,1,13),(4200,1,13),(4201,1,13),(4202,1,13),(4203,1,13),(4204,1,13),(4205,1,13),(4206,1,13),(4207,1,13),(4208,1,13),(4209,1,13),(4210,1,13),(4211,1,13),(4212,1,13),(4213,1,13),(4214,1,13),(4215,1,13),(4216,1,13),(4217,1,13),(4218,1,13),(4219,1,13),(4220,1,13),(4221,1,13),(4222,1,13),(4223,1,13),(4224,1,13),(4225,1,13),(4226,1,13),(4227,1,13),(4228,1,13),(4229,1,13),(4230,1,13),(4231,1,13),(4232,1,13),(4233,1,13),(4234,1,13),(4235,1,13),(4236,1,13),(4237,1,13),(4238,1,13),(4239,1,13),(4240,1,13),(4241,1,13),(4242,1,13),(4243,1,13),(4244,1,13),(4245,1,13),(4246,1,13),(4247,1,13),(4248,1,13),(4249,1,13),(4250,1,13),(4251,1,13),(4252,1,13),(4253,1,13),(4254,1,13),(4255,1,13),(4256,1,13),(4257,1,13),(4258,1,13),(4259,1,13),(4260,1,13),(4261,1,13),(4262,1,13),(4263,1,13),(4264,1,13),(4265,1,13),(4266,1,13),(4267,1,13),(4268,1,13),(4269,1,13),(4270,1,13),(4271,1,13),(4272,1,13),(4273,1,13),(4274,1,13),(4275,1,13),(4276,1,13),(4277,1,13),(4278,1,13),(4279,1,13),(4280,1,13),(4281,1,13),(4282,1,13),(4283,1,13),(4284,1,13),(4285,1,13),(4286,1,13),(4287,1,13),(4288,1,13),(4289,1,13),(4290,1,13),(4291,1,13),(4292,1,13),(4293,1,13),(4294,1,13),(4295,1,13),(4296,1,13),(4297,1,13),(4298,1,13),(4299,1,13),(4300,1,13),(4301,1,13),(4302,1,13),(4303,1,13),(4304,1,13),(4305,1,13),(4306,1,13),(4307,1,13),(4308,1,13),(4309,1,13),(4310,1,13),(4311,1,13),(4312,1,13),(4313,1,13),(4314,1,13),(4315,1,13),(4316,1,13),(4317,1,13),(4318,1,13),(4319,1,13),(4320,1,13),(4321,1,13),(4322,1,13),(4323,1,13),(4324,1,13),(4325,1,13),(4326,1,13),(4327,1,13),(4328,1,13),(4329,1,13),(4330,1,13),(4331,1,13),(4332,1,13),(4333,1,13),(4334,1,13),(4335,1,13),(4336,1,13),(4337,1,13),(4338,1,13),(4339,1,13),(4340,1,13),(4341,1,13),(4342,1,13),(4343,1,13),(4344,1,13),(4345,1,13),(4346,1,13),(4347,1,13),(4348,1,13),(4349,1,13),(4350,1,13),(4351,1,13),(4352,1,13),(4353,1,13),(4354,1,13),(4355,1,13),(4356,1,13),(4357,1,13),(4358,1,13),(4359,1,13),(4360,1,13),(4361,1,13),(4362,1,13),(4363,1,13),(4364,1,13),(4365,1,13),(4366,1,13),(4367,1,13),(4368,1,13),(4369,1,13),(4370,1,13),(4371,1,13),(4372,1,13),(4373,1,13),(4374,1,13),(4375,1,13),(4376,1,13),(4377,1,13),(4378,1,13),(4379,1,13),(4380,1,13),(4381,1,13),(4382,1,13),(4383,1,13),(4384,1,13),(4385,1,13),(4386,1,13),(4387,1,13),(4388,1,13),(4389,1,13),(4390,1,13),(4391,1,13),(4392,1,13),(4393,1,13),(4394,1,13),(4395,1,13),(4396,1,13),(4397,1,13),(4398,1,13),(4399,1,13),(4400,1,13),(4401,1,13),(4402,1,13),(4403,1,13),(4404,1,13),(4405,1,13),(4406,1,13),(4407,1,13),(4408,1,13),(4409,1,13),(4410,1,13),(4411,1,13),(4412,1,13),(4413,1,13),(4414,1,13),(4415,1,13),(4416,1,13),(4417,1,13),(4418,1,13),(4419,1,13),(4420,1,13),(4421,1,13),(4422,1,13),(4423,1,13),(4424,1,13),(4425,1,13),(4426,1,13),(4427,1,13),(4428,1,13),(4429,1,13),(4430,1,13),(4431,1,13),(4432,1,13),(4433,1,13),(4434,1,13),(4435,1,13),(4436,1,13),(4437,1,13),(4438,1,13),(4439,1,13),(4440,1,13),(4441,1,13),(4442,1,13),(4443,1,13),(4444,1,13),(4445,1,13),(4446,1,13),(4447,1,13),(4448,1,13),(4449,1,13),(4450,1,13),(4451,1,13),(4452,1,13),(4453,1,13),(4454,1,13),(4455,1,13),(4456,1,13),(4457,1,13),(4458,1,13),(4459,1,13),(4460,1,13),(4461,1,13),(4462,1,13),(4463,1,13),(4464,1,13),(4465,1,13),(4466,1,13),(4467,1,13),(4468,1,13),(4469,1,13),(4470,1,13),(4471,1,13),(4472,1,13),(4473,1,13),(4474,1,13),(4475,1,13),(4476,1,13),(4477,1,13),(4478,1,13),(4479,1,13),(4480,1,13),(4481,1,13),(4482,1,13),(4483,1,13),(4484,1,13),(4485,1,13),(4486,1,13),(4487,1,13),(4488,1,13),(4489,1,13),(4490,1,13),(4491,1,13),(4492,1,13),(4493,1,13),(4494,1,13),(4495,1,13),(4496,1,13),(4497,1,13),(4498,1,13),(4499,1,13),(4500,1,13),(4501,1,13),(4502,1,13),(4503,1,13),(4504,1,13),(4505,1,13),(4506,1,13),(4507,1,13),(4508,1,13),(4509,1,13),(4510,1,13),(4511,1,13),(4512,1,13),(4513,1,13),(4514,1,13),(4515,1,13),(4516,1,13),(4517,1,13),(4518,1,13),(4519,1,13),(4520,1,13),(4521,1,13),(4522,1,13),(4523,1,13),(4524,1,13),(4525,1,13),(4526,1,13),(4527,1,13),(4528,1,13),(4529,1,13),(4530,1,14),(4531,1,14),(4532,1,14),(4533,1,14),(4534,1,14),(4535,1,14),(4536,1,14),(4537,1,14),(4538,1,14),(4539,1,14),(4540,1,14),(4541,1,14),(4542,1,14),(4543,1,14),(4544,1,14),(4545,1,14),(4546,1,14),(4547,1,14),(4548,1,14),(4549,1,14),(4550,1,14),(4551,1,14),(4552,1,14),(4553,1,14),(4554,1,14),(4555,1,14),(4556,1,14),(4557,1,14),(4558,1,14),(4559,1,14),(4560,1,14),(4561,1,14),(4562,1,14),(4563,1,14),(4564,1,14),(4565,1,14),(4566,1,14),(4567,1,14),(4568,1,14),(4569,1,14),(4570,1,14),(4571,1,14),(4572,1,14),(4573,1,14),(4574,1,14),(4575,1,14),(4576,1,14),(4577,1,14),(4578,1,14),(4579,1,14),(4580,1,14),(4581,1,14),(4582,1,14),(4583,1,14),(4584,1,14),(4585,1,14),(4586,1,14),(4587,1,14),(4588,1,14),(4589,1,14),(4590,1,14),(4591,1,14),(4592,1,14),(4593,1,14),(4594,1,14),(4595,1,14),(4596,1,14),(4597,1,14),(4598,1,14),(4599,1,14),(4600,1,14),(4601,1,14),(4602,1,14),(4603,1,14),(4604,1,14),(4605,1,14),(4606,1,14),(4607,1,14),(4608,1,14),(4609,1,14),(4610,1,14),(4611,1,14),(4612,1,14),(4613,1,14),(4614,1,14),(4615,1,14),(4616,1,14),(4617,1,14),(4618,1,14),(4619,1,14),(4620,1,14),(4621,1,14),(4622,1,14),(4623,1,14),(4624,1,14),(4625,1,14),(4626,1,14),(4627,1,14),(4628,1,14),(4629,1,14),(4630,1,14),(4631,1,14),(4632,1,14),(4633,1,14),(4634,1,14),(4635,1,14),(4636,1,14),(4637,1,14),(4638,1,14),(4639,1,14),(4640,1,14),(4641,1,14),(4642,1,14),(4643,1,14),(4644,1,14),(4645,1,14),(4646,1,14),(4647,1,14),(4648,1,14),(4649,1,14),(4650,1,14),(4651,1,14),(4652,1,14),(4653,1,14),(4654,1,14),(4655,1,14),(4656,1,14),(4657,1,14),(4658,1,14),(4659,1,14),(4660,1,14),(4661,1,14),(4662,1,14),(4663,1,14),(4664,1,14),(4665,1,14),(4666,1,14),(4667,1,14),(4668,1,14),(4669,1,14),(4670,1,14),(4671,1,14),(4672,1,14),(4673,1,14),(4674,1,14),(4675,1,14),(4676,1,14),(4677,1,14),(4678,1,14),(4679,1,14),(4680,1,14),(4681,1,14),(4682,1,14),(4683,1,14),(4684,1,14),(4685,1,14),(4686,1,14),(4687,1,14),(4688,1,14),(4689,1,14),(4690,1,14),(4691,1,14),(4692,1,14),(4693,1,14),(4694,1,14),(4695,1,14),(4696,1,14),(4697,1,14),(4698,1,14),(4699,1,14),(4700,1,14),(4701,1,14),(4702,1,14),(4703,1,14),(4704,1,14),(4705,1,14),(4706,1,14),(4707,1,14),(4708,1,14),(4709,1,14),(4710,1,14),(4711,1,14),(4712,1,14),(4713,1,14),(4714,1,14),(4715,1,14),(4716,1,14),(4717,1,14),(4718,1,14),(4719,1,14),(4720,1,14),(4721,1,14),(4722,1,14),(4723,1,14),(4724,1,14),(4725,1,14),(4726,1,14),(4727,1,14),(4728,1,14),(4729,1,14),(4730,1,14),(4731,1,14),(4732,1,14),(4733,1,14),(4734,1,14),(4735,1,14),(4736,1,14),(4737,1,14),(4738,1,14),(4739,1,14),(4740,1,14),(4741,1,14),(4742,1,14),(4743,1,14),(4744,1,14),(4745,1,14),(4746,1,14),(4747,1,14),(4748,1,14),(4749,1,14),(4750,1,14),(4751,1,14),(4752,1,14),(4753,1,14),(4754,1,14),(4755,1,14),(4756,1,14),(4757,1,14),(4758,1,14),(4759,1,14),(4760,1,14),(4761,1,14),(4762,1,14),(4763,1,14),(4764,1,14),(4765,1,14),(4766,1,14),(4767,1,14),(4768,1,14),(4769,1,14),(4770,1,14),(4771,1,14),(4772,1,14),(4773,1,14),(4774,1,14),(4775,1,14),(4776,1,14),(4777,1,14),(4778,1,14),(4779,1,14),(4780,1,14),(4781,1,14),(4782,1,14),(4783,1,14),(4784,1,14),(4785,1,14),(4786,1,14),(4787,1,14),(4788,1,14),(4789,1,14),(4790,1,14),(4791,1,14),(4792,1,14),(4793,1,14),(4794,1,14),(4795,1,14),(4796,1,14),(4797,1,14),(4798,1,14),(4799,1,14),(4800,1,14),(4801,1,14),(4802,1,14),(4803,1,14),(4804,1,14),(4805,1,14),(4806,1,14),(4807,1,14),(4808,1,14),(4809,1,14),(4810,1,14),(4811,1,14),(4812,1,14),(4813,1,14),(4814,1,14),(4815,1,14),(4816,1,14),(4817,1,14),(4818,1,14),(4819,1,14),(4820,1,14),(4821,1,14),(4822,1,14),(4823,1,14),(4824,1,14),(4825,1,14),(4826,1,14),(4827,1,14),(4828,1,14),(4829,1,14),(4830,1,14),(4831,1,14),(4832,1,14),(4833,1,14),(4834,1,14),(4835,1,14),(4836,1,14),(4837,1,14),(4838,1,14),(4839,1,14),(4840,1,14),(4841,1,14),(4842,1,14),(4843,1,14),(4844,1,14),(4845,1,14),(4846,1,14),(4847,1,14),(4848,1,14),(4849,1,14),(4850,1,14),(4851,1,14),(4852,1,14),(4853,1,14),(4854,1,14),(4855,1,14),(4856,1,14),(4857,1,14),(4858,1,14),(4859,1,14),(4860,1,14),(4861,1,14),(4862,1,14),(4863,1,14),(4864,1,14),(4865,1,14),(4866,1,14),(4867,1,14),(4868,1,14),(4869,1,14),(4870,1,14),(4871,1,14),(4872,1,14),(4873,1,14),(4874,1,14),(4875,1,14),(4876,1,14),(4877,1,14),(4878,1,14),(4879,1,14),(4880,1,14),(4881,1,14),(4882,1,14),(4883,1,14),(4884,1,14),(4885,1,14),(4886,1,14),(4887,1,14),(4888,1,14),(4889,1,14),(4890,1,14),(4891,1,14),(4892,1,14),(4893,1,14),(4894,1,14),(4895,1,14),(4896,1,14),(4897,1,14),(4898,1,14),(4899,1,14),(4900,1,14),(4901,1,14),(4902,1,14),(4903,1,14),(4904,1,14),(4905,1,14),(4906,1,14),(4907,1,14),(4908,1,14),(4909,1,14),(4910,1,14),(4911,1,14),(4912,1,14),(4913,1,14),(4914,1,14),(4915,1,14),(4916,1,14),(4917,1,14),(4918,1,14),(4919,1,14),(4920,1,14),(4921,1,14),(4922,1,14),(4923,1,14),(4924,1,14),(4925,1,14),(4926,1,14),(4927,1,14),(4928,1,14),(4929,1,14),(4930,1,14),(4931,1,14),(4932,1,14),(4933,1,14),(4934,1,14),(4935,1,14),(4936,1,14),(4937,1,14),(4938,1,14),(4939,1,14),(4940,1,14),(4941,1,14),(4942,1,14),(4943,1,14),(4944,1,14),(4945,1,14),(4946,1,14),(4947,1,14),(4948,1,14),(4949,1,14),(4950,1,14),(4951,1,14),(4952,1,14),(4953,1,14),(4954,1,14),(4955,1,14),(4956,1,14),(4957,1,14),(4958,1,14),(4959,1,14),(4960,1,14),(4961,1,14),(4962,1,14),(4963,1,14),(4964,1,14),(4965,1,14),(4966,1,14),(4967,1,14),(4968,1,14),(4969,1,14),(4970,1,14),(4971,1,14),(4972,1,14),(4973,1,14),(4974,1,14),(4975,1,14),(4976,1,14),(4977,1,14),(4978,1,14),(4979,1,14),(4980,1,14),(4981,1,14),(4982,1,14),(4983,1,14),(4984,1,14),(4985,1,14),(4986,1,14),(4987,1,14),(4988,1,14),(4989,1,14),(4990,1,14),(4991,1,14),(4992,1,14),(4993,1,14),(4994,1,14),(4995,1,14),(4996,1,14),(4997,1,14),(4998,1,14),(4999,1,14),(5000,1,14),(5001,1,14),(5002,1,14),(5003,1,14),(5004,1,14),(5005,1,14),(5006,1,14),(5007,1,14),(5008,1,14),(5009,1,14),(5010,1,14),(5011,1,14),(5012,1,14),(5013,1,14),(5014,1,14),(5015,1,14),(5016,1,14),(5017,1,14),(5018,1,14),(5019,1,14),(5020,1,14),(5021,1,14),(5022,1,14),(5023,1,14),(5024,1,14),(5025,1,14),(5026,1,14),(5027,1,14),(5028,1,14),(5029,1,14),(5030,1,14),(5031,1,14),(5032,1,14),(5033,1,14),(5034,1,14),(5035,1,14),(5036,1,14),(5037,1,14),(5038,1,14),(5039,1,14),(5040,1,14),(5041,1,14),(5042,1,14),(5043,1,14),(5044,1,14),(5045,1,14),(5046,1,14),(5047,1,14),(5048,1,14),(5049,1,14),(5050,1,14),(5051,1,14),(5052,1,14),(5053,1,14),(5054,1,14),(5055,1,14),(5056,1,14),(5057,1,14),(5058,1,14),(5059,1,14),(5060,1,14),(5061,1,14),(5062,1,14),(5063,1,14),(5064,1,14),(5065,1,14),(5066,1,14),(5067,1,14),(5068,1,14),(5069,1,14),(5070,1,14),(5071,1,14),(5072,1,14),(5073,1,14),(5074,1,14),(5075,1,14),(5076,1,14),(5077,1,14),(5078,1,14),(5079,1,14),(5080,1,14),(5081,1,14),(5082,1,14),(5083,1,14),(5084,1,14),(5085,1,14),(5086,1,14),(5087,1,14),(5088,1,14),(5089,1,14),(5090,1,14),(5091,1,14),(5092,1,14),(5093,1,14),(5094,1,15),(5095,1,15),(5096,1,15),(5097,1,15),(5098,1,15),(5099,1,15),(5100,1,15),(5101,1,15),(5102,1,15),(5103,1,15),(5104,1,15),(5105,1,15),(5106,1,15),(5107,1,15),(5108,1,15),(5109,1,15),(5110,1,15),(5111,1,15),(5112,1,15),(5113,1,15),(5114,1,15),(5115,1,15),(5116,1,15),(5117,1,15),(5118,1,15),(5119,1,15),(5120,1,15),(5121,1,15),(5122,1,15),(5123,1,15),(5124,1,15),(5125,1,15),(5126,1,15),(5127,1,15),(5128,1,15),(5129,1,15),(5130,1,15),(5131,1,15),(5132,1,15),(5133,1,15),(5134,1,15),(5135,1,15),(5136,1,15),(5137,1,15),(5138,1,15),(5139,1,15),(5140,1,15),(5141,1,15),(5142,1,15),(5143,1,15),(5144,1,15),(5145,1,15),(5146,1,15),(5147,1,15),(5148,1,15),(5149,1,15),(5150,1,15),(5151,1,15),(5152,1,15),(5153,1,15),(5154,1,15),(5155,1,15),(5156,1,15),(5157,1,15),(5158,1,15),(5159,1,15),(5160,1,15),(5161,1,15),(5162,1,15),(5163,1,15),(5164,1,15),(5165,1,15),(5166,1,15),(5167,1,15),(5168,1,15),(5169,1,15),(5170,1,15),(5171,1,15),(5172,1,15),(5173,1,15),(5174,1,15),(5175,1,15),(5176,1,15),(5177,1,15),(5178,1,15),(5179,1,15),(5180,1,15),(5181,1,15),(5182,1,15),(5183,1,15),(5184,1,15),(5185,1,15),(5186,1,15),(5187,1,15),(5188,1,15),(5189,1,15),(5190,1,15),(5191,1,15),(5192,1,15),(5193,1,15),(5194,1,15),(5195,1,15),(5196,1,15),(5197,1,15),(5198,1,15),(5199,1,15),(5200,1,15),(5201,1,15),(5202,1,15),(5203,1,15),(5204,1,15),(5205,1,15),(5206,1,15),(5207,1,15),(5208,1,15),(5209,1,15),(5210,1,15),(5211,1,15),(5212,1,15),(5213,1,15),(5214,1,15),(5215,1,15),(5216,1,15),(5217,1,15),(5218,1,15),(5219,1,15),(5220,1,15),(5221,1,15),(5222,1,15),(5223,1,15),(5224,1,15),(5225,1,15),(5226,1,15),(5227,1,15),(5228,1,15),(5229,1,15),(5230,1,15),(5231,1,15),(5232,1,15),(5233,1,15),(5234,1,15),(5235,1,15),(5236,1,15),(5237,1,15),(5238,1,15),(5239,1,15),(5240,1,15),(5241,1,15),(5242,1,15),(5243,1,15),(5244,1,15),(5245,1,15),(5246,1,15),(5247,1,15),(5248,1,15),(5249,1,15),(5250,1,15),(5251,1,15),(5252,1,15),(5253,1,15),(5254,1,15),(5255,1,15),(5256,1,15),(5257,1,15),(5258,1,15),(5259,1,15),(5260,1,15),(5261,1,15),(5262,1,15),(5263,1,15),(5264,1,15),(5265,1,15),(5266,1,15),(5267,1,15),(5268,1,15),(5269,1,15),(5270,1,15),(5271,1,15),(5272,1,15),(5273,1,15),(5274,1,15),(5275,1,15),(5276,1,15),(5277,1,15),(5278,1,15),(5279,1,15),(5280,1,15),(5281,1,15),(5282,1,15),(5283,1,15),(5284,1,15),(5285,1,15),(5286,1,15),(5287,1,15),(5288,1,15),(5289,1,15),(5290,1,15),(5291,1,15),(5292,1,15),(5293,1,15),(5294,1,15),(5295,1,15),(5296,1,15),(5297,1,15),(5298,1,15),(5299,1,15),(5300,1,15),(5301,1,15),(5302,1,15),(5303,1,15),(5304,1,15),(5305,1,15),(5306,1,15),(5307,1,15),(5308,1,15),(5309,1,15),(5310,1,15),(5311,1,15),(5312,1,15),(5313,1,15),(5314,1,15),(5315,1,15),(5316,1,15),(5317,1,15),(5318,1,15),(5319,1,15),(5320,1,15),(5321,1,15),(5322,1,15),(5323,1,15),(5324,1,15),(5325,1,15),(5326,1,15),(5327,1,15),(5328,1,15),(5329,1,15),(5330,1,15),(5331,1,15),(5332,1,15),(5333,1,15),(5334,1,15),(5335,1,15),(5336,1,15),(5337,1,15),(5338,1,15),(5339,1,15),(5340,1,15),(5341,1,15),(5342,1,15),(5343,1,15),(5344,1,15),(5345,1,15),(5346,1,15),(5347,1,15),(5348,1,15),(5349,1,15),(5350,1,15),(5351,1,15),(5352,1,15),(5353,1,15),(5354,1,15),(5355,1,15),(5356,1,15),(5357,1,15),(5358,1,15),(5359,1,15),(5360,1,15),(5361,1,15),(5362,1,15),(5363,1,15),(5364,1,15),(5365,1,15),(5366,1,15),(5367,1,15),(5368,1,15),(5369,1,15),(5370,1,15),(5371,1,15),(5372,1,15),(5373,1,15),(5374,1,15),(5375,1,15),(5376,1,15),(5377,1,15),(5378,1,15),(5379,1,15),(5380,1,15),(5381,1,15),(5382,1,15),(5383,1,15),(5384,1,15),(5385,1,15),(5386,1,15),(5387,1,15),(5388,1,15),(5389,1,15),(5390,1,15),(5391,1,15),(5392,1,15),(5393,1,15),(5394,1,15),(5395,1,15),(5396,1,15),(5397,1,15),(5398,1,15),(5399,1,15),(5400,1,15),(5401,1,15),(5402,1,15),(5403,1,15),(5404,1,15),(5405,1,15),(5406,1,15),(5407,1,15),(5408,1,15),(5409,1,15),(5410,1,15),(5411,1,15),(5412,1,15),(5413,1,15),(5414,1,15),(5415,1,15),(5416,1,15),(5417,1,15),(5418,1,15),(5419,1,15),(5420,1,15),(5421,1,15),(5422,1,15),(5423,1,15),(5424,1,15),(5425,1,15),(5426,1,15),(5427,1,15),(5428,1,15),(5429,1,15),(5430,1,15),(5431,1,15),(5432,1,15),(5433,1,15),(5434,1,15),(5435,1,15),(5436,1,15),(5437,1,15),(5438,1,15),(5439,1,15),(5440,1,15),(5441,1,15),(5442,1,15),(5443,1,15),(5444,1,15),(5445,1,15),(5446,1,15),(5447,1,15),(5448,1,15),(5449,1,15),(5450,1,15),(5451,1,15),(5452,1,15),(5453,1,15),(5454,1,15),(5455,1,15),(5456,1,15),(5457,1,15),(5458,1,15),(5459,1,15),(5460,1,15),(5461,1,15),(5462,1,15),(5463,1,15),(5464,1,15),(5465,1,15),(5466,1,15),(5467,1,15),(5468,1,15),(5469,1,15),(5470,1,15),(5471,1,15),(5472,1,15),(5473,1,15),(5474,1,15),(5475,1,15),(5476,1,15),(5477,1,15),(5478,1,15),(5479,1,15),(5480,1,15),(5481,1,15),(5482,1,15),(5483,1,15),(5484,1,15),(5485,1,15),(5486,1,15),(5487,1,15),(5488,1,15),(5489,1,15),(5490,1,15),(5491,1,15),(5492,1,15),(5493,1,15),(5494,1,15),(5495,1,15),(5496,1,15),(5497,1,15),(5498,1,15),(5499,1,15),(5500,1,15),(5501,1,15),(5502,1,15),(5503,1,15),(5504,1,15),(5505,1,15),(5506,1,15),(5507,1,15),(5508,1,15),(5509,1,15),(5510,1,15),(5511,1,15),(5512,1,15),(5513,1,15),(5514,1,15),(5515,1,15),(5516,1,15),(5517,1,15),(5518,1,15),(5519,1,15),(5520,1,15),(5521,1,15),(5522,1,15),(5523,1,15),(5524,1,15),(5525,1,15),(5526,1,15),(5527,1,15),(5528,1,15),(5529,1,15),(5530,1,15),(5531,1,15),(5532,1,15),(5533,1,15),(5534,1,15),(5535,1,15),(5536,1,15),(5537,1,15),(5538,1,15),(5539,1,15),(5540,1,15),(5541,1,15),(5542,1,15),(5543,1,15),(5544,1,15),(5545,1,15),(5546,1,15),(5547,1,15),(5548,1,15),(5549,1,15),(5550,1,15),(5551,1,15),(5552,1,15),(5553,1,15),(5554,1,15),(5555,1,15),(5556,1,15),(5557,1,15),(5558,1,15),(5559,1,15),(5560,1,15),(5561,1,15),(5562,1,15),(5563,1,15),(5564,1,15),(5565,1,15),(5566,1,15),(5567,1,15),(5568,1,15),(5569,1,15),(5570,1,15),(5571,1,15),(5572,1,15),(5573,1,15),(5574,1,15),(5575,1,15),(5576,1,15),(5577,1,15),(5578,1,15),(5579,1,15),(5580,1,15),(5581,1,15),(5582,1,15),(5583,1,15),(5584,1,15),(5585,1,15),(5586,1,15),(5587,1,15),(5588,1,15),(5589,1,15),(5590,1,15),(5591,1,15),(5592,1,15),(5593,1,15),(5594,1,15),(5595,1,15),(5596,1,15),(5597,1,15),(5598,1,15),(5599,1,15),(5600,1,15),(5601,1,15),(5602,1,15),(5603,1,15),(5604,1,15),(5605,1,15),(5606,1,15),(5607,1,15),(5608,1,15),(5609,1,15),(5610,1,15),(5611,1,15),(5612,1,15),(5613,1,15),(5614,1,15),(5615,1,15),(5616,1,15),(5617,1,15),(5618,1,15),(5619,1,15),(5620,1,15),(5621,1,15),(5622,1,15),(5623,1,15),(5624,1,15),(5625,1,15),(5626,1,15),(5627,1,15),(5628,1,15),(5629,1,15),(5630,1,15),(5631,1,15),(5632,1,15),(5633,1,15),(5634,1,15),(5635,1,15),(5636,1,15),(5637,1,15),(5638,1,15),(5639,1,15),(5640,1,15),(5641,1,15),(5642,1,15),(5643,1,15),(5644,1,15),(5645,1,15),(5646,1,15),(5647,1,15),(5648,1,15),(5649,1,15),(5650,1,15),(5651,1,15),(5652,1,15),(5653,1,15),(5654,1,15),(5655,1,15),(5656,1,15),(5657,1,15),(5658,1,15),(5659,1,15),(5660,1,15),(5661,1,15),(5662,1,15),(5663,1,15),(5664,1,15),(5665,1,15),(5666,1,15),(5667,1,15),(5668,1,15),(5669,1,15),(5670,1,15),(5671,1,15),(5672,1,15),(5673,1,15),(5674,1,15),(5675,1,15),(5676,1,15),(5677,1,15),(5678,1,15),(5679,1,15),(5680,1,15),(5681,1,15),(5682,1,15),(5683,1,15),(5684,1,15),(5685,1,15),(5686,1,15),(5687,1,15),(5688,1,15),(5689,1,15),(5690,1,15),(5691,1,15),(5692,1,15),(5693,1,15),(5694,1,15),(5695,1,15),(5696,1,15),(5697,1,15),(5698,1,15),(5699,1,15),(5700,1,15),(5701,1,15),(5702,1,15),(5703,1,15),(5704,1,15),(5705,1,15),(5706,1,15),(5707,1,15),(5708,1,15),(5709,1,15),(5710,1,15),(5711,1,15),(5712,1,15),(5713,1,15),(5714,1,15),(5715,1,15),(5716,1,15),(5717,1,15),(5718,1,15),(5719,1,15),(5720,1,15),(5721,1,15),(5722,1,15),(5723,1,15),(5724,1,15),(5725,1,15),(5726,1,15),(5727,1,15),(5728,1,15),(5729,1,15),(5730,1,15),(5731,1,15),(5732,1,15),(5733,1,15),(5734,1,15),(5735,1,15),(5736,1,15),(5737,1,15),(5738,1,15),(5739,1,15),(5740,1,15),(5741,1,15),(5742,1,15),(5743,1,15),(5744,1,15),(5745,1,15),(5746,1,15),(5747,1,15),(5748,1,15),(5749,1,15),(5750,1,15),(5751,1,15),(5752,1,15),(5753,1,15),(5754,1,15),(5755,1,15),(5756,1,15),(5757,1,15),(5758,1,15),(5759,1,15),(5760,1,15),(5761,1,15),(5762,1,15),(5763,1,15),(5764,1,15),(5765,1,15),(5766,1,15),(5767,1,15),(5768,1,15),(5769,1,15),(5770,1,15),(5771,1,15),(5772,1,15),(5773,1,15),(5774,1,15),(5775,1,15),(5776,1,15),(5777,1,15),(5778,1,15),(5779,1,15),(5780,1,15),(5781,1,15),(5782,1,15),(5783,1,15),(5784,1,15),(5785,1,15),(5786,1,15),(5787,1,15),(5788,1,15),(5789,1,15),(5790,1,15),(5791,1,15),(5792,1,15),(5793,1,15),(5794,1,15),(5795,1,15),(5796,1,15),(5797,1,15),(5798,1,15),(5799,1,15),(5800,1,15),(5801,1,15),(5802,1,15),(5803,1,15),(5804,1,15),(5805,1,15),(5806,1,15),(5807,1,15),(5808,1,15),(5809,1,15),(5810,1,15),(5811,1,15),(5812,1,15),(5813,1,15),(5814,1,15),(5815,1,15),(5816,1,15),(5817,1,15),(5818,1,15),(5819,1,15),(5820,1,15),(5821,1,15),(5822,1,15),(5823,1,15),(5824,1,15),(5825,1,15),(5826,1,15),(5827,1,15),(5828,1,15),(5829,1,15),(5830,1,15),(5831,1,15),(5832,1,15),(5833,1,15),(5834,1,15),(5835,1,15),(5836,1,15),(5837,1,15),(5838,1,15),(5839,1,15),(5840,1,15),(5841,1,15),(5842,1,15),(5843,1,15),(5844,1,15),(5845,1,15),(5846,1,15),(5847,1,15),(5848,1,15),(5849,1,15),(5850,1,15),(5851,1,15),(5852,1,15),(5853,1,15),(5854,1,15),(5855,1,15),(5856,1,15),(5857,1,15),(5858,1,15),(5859,1,15),(5860,1,15),(5861,1,15),(5862,1,15),(5863,1,15),(5864,1,15),(5865,1,15),(5866,1,15),(5867,1,15),(5868,1,15),(5869,1,15),(5870,1,15),(5871,1,15),(5872,1,15),(5873,1,15),(5874,1,15),(5875,1,15),(5876,1,15),(5877,1,15),(5878,1,15),(5879,1,15),(5880,1,15),(5881,1,15),(5882,1,15),(5883,1,15),(5884,1,15),(5885,1,15),(5886,1,15),(5887,1,15),(5888,1,15),(5889,1,15),(5890,1,15),(5891,1,15),(5892,1,15),(5893,1,15),(5894,1,15),(5895,1,15),(5896,1,15),(5897,1,15),(5898,1,15),(5899,1,15),(5900,1,15),(5901,1,15),(5902,1,15),(5903,1,15),(5904,1,15),(5905,1,15),(5906,1,15),(5907,1,15),(5908,1,16),(5909,1,16),(5910,1,16),(5911,1,16),(5912,1,16),(5913,1,16),(5914,1,16),(5915,1,16),(5916,1,16),(5917,1,16),(5918,1,16),(5919,1,16),(5920,1,16),(5921,1,16),(5922,1,16),(5923,1,16),(5924,1,16),(5925,1,16),(5926,1,16),(5927,1,16),(5928,1,16),(5929,1,16),(5930,1,16),(5931,1,16),(5932,1,16),(5933,1,16),(5934,1,16),(5935,1,16),(5936,1,16),(5937,1,16),(5938,1,16),(5939,1,16),(5940,1,16),(5941,1,16),(5942,1,16),(5943,1,16),(5944,1,16),(5945,1,16),(5946,1,16),(5947,1,16),(5948,1,16),(5949,1,16),(5950,1,16),(5951,1,16),(5952,1,16),(5953,1,16),(5954,1,16),(5955,1,16),(5956,1,16),(5957,1,16),(5958,1,16),(5959,1,16),(5960,1,16),(5961,1,16),(5962,1,16),(5963,1,16),(5964,1,16),(5965,1,16),(5966,1,16),(5967,1,16),(5968,1,16),(5969,1,16),(5970,1,16),(5971,1,16),(5972,1,16),(5973,1,16),(5974,1,16),(5975,1,16),(5976,1,16),(5977,1,16),(5978,1,16),(5979,1,16),(5980,1,16),(5981,1,16),(5982,1,16),(5983,1,16),(5984,1,16),(5985,1,16),(5986,1,16),(5987,1,16),(5988,1,16),(5989,1,16),(5990,1,16),(5991,1,16),(5992,1,16),(5993,1,16),(5994,1,16),(5995,1,16),(5996,1,16),(5997,1,16),(5998,1,16),(5999,1,16),(6000,1,16),(6001,1,16),(6002,1,16),(6003,1,16),(6004,1,16),(6005,1,16),(6006,1,16),(6007,1,16),(6008,1,16),(6009,1,16),(6010,1,16),(6011,1,16),(6012,1,16),(6013,1,16),(6014,1,16),(6015,1,16),(6016,1,16),(6017,1,16),(6018,1,16),(6019,1,16),(6020,1,16),(6021,1,16),(6022,1,16),(6023,1,16),(6024,1,16),(6025,1,16),(6026,1,16),(6027,1,16),(6028,1,16),(6029,1,16),(6030,1,16),(6031,1,16),(6032,1,16),(6033,1,16),(6034,1,16),(6035,1,16),(6036,1,16),(6037,1,16),(6038,1,16),(6039,1,16),(6040,1,16),(6041,1,16),(6042,1,16),(6043,1,16),(6044,1,16),(6045,1,16),(6046,1,16),(6047,1,16),(6048,1,16),(6049,1,16),(6050,1,16),(6051,1,16),(6052,1,16),(6053,1,16),(6054,1,16),(6055,1,16),(6056,1,16),(6057,1,16),(6058,1,16),(6059,1,16),(6060,1,16),(6061,1,16),(6062,1,16),(6063,1,16),(6064,1,16),(6065,1,16),(6066,1,16),(6067,1,16),(6068,1,16),(6069,1,16),(6070,1,16),(6071,1,16),(6072,1,16),(6073,1,16),(6074,1,16),(6075,1,16),(6076,1,16),(6077,1,16),(6078,1,16),(6079,1,16),(6080,1,16),(6081,1,16),(6082,1,16),(6083,1,16),(6084,1,16),(6085,1,16),(6086,1,16),(6087,1,16),(6088,1,16),(6089,1,16),(6090,1,16),(6091,1,16),(6092,1,16),(6093,1,16),(6094,1,16),(6095,1,16),(6096,1,16),(6097,1,16),(6098,1,16),(6099,1,16),(6100,1,16),(6101,1,16),(6102,1,16),(6103,1,16),(6104,1,16),(6105,1,16),(6106,1,16),(6107,1,16),(6108,1,16),(6109,1,16),(6110,1,16),(6111,1,16),(6112,1,16),(6113,1,16),(6114,1,16),(6115,1,16),(6116,1,16),(6117,1,16),(6118,1,16),(6119,1,16),(6120,1,16),(6121,1,16),(6122,1,16),(6123,1,16),(6124,1,16),(6125,1,16),(6126,1,16),(6127,1,16),(6128,1,16),(6129,1,16),(6130,1,16),(6131,1,16),(6132,1,16),(6133,1,16),(6134,1,16),(6135,1,16),(6136,1,16),(6137,1,16),(6138,1,16),(6139,1,16),(6140,1,16),(6141,1,16),(6142,1,16),(6143,1,16),(6144,1,16),(6145,1,16),(6146,1,16),(6147,1,16),(6148,1,16),(6149,1,16),(6150,1,16),(6151,1,16),(6152,1,16),(6153,1,16),(6154,1,16),(6155,1,16),(6156,1,16),(6157,1,16),(6158,1,16),(6159,1,16),(6160,1,16),(6161,1,16),(6162,1,16),(6163,1,16),(6164,1,16),(6165,1,16),(6166,1,16),(6167,1,16),(6168,1,16),(6169,1,16),(6170,1,16),(6171,1,16),(6172,1,16),(6173,1,16),(6174,1,16),(6175,1,16),(6176,1,16),(6177,1,16),(6178,1,16),(6179,1,16),(6180,1,16),(6181,1,16),(6182,1,16),(6183,1,16),(6184,1,16),(6185,1,16),(6186,1,16),(6187,1,16),(6188,1,16),(6189,1,16),(6190,1,16),(6191,1,16),(6192,1,16),(6193,1,16),(6194,1,16),(6195,1,16),(6196,1,16),(6197,1,16),(6198,1,16),(6199,1,16),(6200,1,16),(6201,1,16),(6202,1,16),(6203,1,16),(6204,1,16),(6205,1,16),(6206,1,16),(6207,1,16),(6208,1,16),(6209,1,16),(6210,1,16),(6211,1,16),(6212,1,16),(6213,1,16),(6214,1,16),(6215,1,16),(6216,1,16),(6217,1,16),(6218,1,16),(6219,1,16),(6220,1,16),(6221,1,16),(6222,1,16),(6223,1,16),(6224,1,16),(6225,1,16),(6226,1,16),(6227,1,16),(6228,1,16),(6229,1,16),(6230,1,16),(6231,1,16),(6232,1,16),(6233,1,16),(6234,1,16),(6235,1,16),(6236,1,16),(6237,1,16),(6238,1,16),(6239,1,16),(6240,1,16),(6241,1,16),(6242,1,16),(6243,1,16),(6244,1,16),(6245,1,16),(6246,1,16),(6247,1,16),(6248,1,16),(6249,1,16),(6250,1,16),(6251,1,16),(6252,1,16),(6253,1,16),(6254,1,16),(6255,1,16),(6256,1,16),(6257,1,16),(6258,1,16),(6259,1,16),(6260,1,16),(6261,1,16),(6262,1,16),(6263,1,16),(6264,1,16),(6265,1,16),(6266,1,16),(6267,1,16),(6268,1,16),(6269,1,16),(6270,1,16),(6271,1,16),(6272,1,16),(6273,1,16),(6274,1,16),(6275,1,16),(6276,1,16),(6277,1,16),(6278,1,16),(6279,1,16),(6280,1,16),(6281,1,16),(6282,1,16),(6283,1,16),(6284,1,16),(6285,1,16),(6286,1,16),(6287,1,16),(6288,1,16),(6289,1,16),(6290,1,16),(6291,1,16),(6292,1,16),(6293,1,16),(6294,1,16),(6295,1,16),(6296,1,16),(6297,1,16),(6298,1,16),(6299,1,16),(6300,1,16),(6301,1,16),(6302,1,16),(6303,1,16),(6304,1,16),(6305,1,16),(6306,1,16),(6307,1,16),(6308,1,16),(6309,1,16),(6310,1,16),(6311,1,16),(6312,1,16),(6313,1,16),(6314,1,16),(6315,1,16),(6316,1,16),(6317,1,16),(6318,1,16),(6319,1,16),(6320,1,16),(6321,1,16),(6322,1,16),(6323,1,16),(6324,1,16),(6325,1,16),(6326,1,16),(6327,1,16),(6328,1,16),(6329,1,16),(6330,1,16),(6331,1,16),(6332,1,16),(6333,1,16),(6334,1,16),(6335,1,16),(6336,1,16),(6337,1,16),(6338,1,16),(6339,1,16),(6340,1,16),(6341,1,16),(6342,1,16),(6343,1,16),(6344,1,16),(6345,1,16),(6346,1,16),(6347,1,16),(6348,1,16),(6349,1,16),(6350,1,16),(6351,1,16),(6352,1,16),(6353,1,16),(6354,1,16),(6355,1,16),(6356,1,16),(6357,1,16),(6358,1,16),(6359,1,16),(6360,1,16),(6361,1,16),(6362,1,16),(6363,1,16),(6364,1,16),(6365,1,16),(6366,1,16),(6367,1,16),(6368,1,16),(6369,1,16),(6370,1,16),(6371,1,16),(6372,1,16),(6373,1,16),(6374,1,16),(6375,1,16),(6376,1,16),(6377,1,16),(6378,1,16),(6379,1,16),(6380,1,16),(6381,1,16),(6382,1,16),(6383,1,16),(6384,1,16),(6385,1,16),(6386,1,16),(6387,1,16),(6388,1,16),(6389,1,16),(6390,1,16),(6391,1,16),(6392,1,16),(6393,1,16),(6394,1,16),(6395,1,16),(6396,1,16),(6397,1,16),(6398,1,16),(6399,1,16),(6400,1,16),(6401,1,16),(6402,1,16),(6403,1,16),(6404,1,16),(6405,1,16),(6406,1,16),(6407,1,16),(6408,1,16),(6409,1,16),(6410,1,16),(6411,1,16),(6412,1,16),(6413,1,16),(6414,1,16),(6415,1,16),(6416,1,16),(6417,1,16),(6418,1,16),(6419,1,16),(6420,1,16),(6421,1,16),(6422,1,16),(6423,1,16),(6424,1,16),(6425,1,16),(6426,1,16),(6427,1,16),(6428,1,16),(6429,1,16),(6430,1,16),(6431,1,16),(6432,1,16),(6433,1,16),(6434,1,16),(6435,1,16),(6436,1,16),(6437,1,16),(6438,1,16),(6439,1,16),(6440,1,16),(6441,1,16),(6442,1,16),(6443,1,16),(6444,1,16),(6445,1,16),(6446,1,16),(6447,1,16),(6448,1,16),(6449,1,16),(6450,1,16),(6451,1,16),(6452,1,16),(6453,1,16),(6454,1,16),(6455,1,16),(6456,1,16),(6457,1,16),(6458,1,16),(6459,1,16),(6460,1,16),(6461,1,16),(6462,1,16),(6463,1,16),(6464,1,16),(6465,1,16),(6466,1,16),(6467,1,16),(6468,1,16),(6469,1,16),(6470,1,16),(6471,1,16),(6472,1,16),(6473,1,16),(6474,1,16),(6475,1,16),(6476,1,16),(6477,1,16),(6478,1,16),(6479,1,16),(6480,1,16),(6481,1,16),(6482,1,16),(6483,1,16),(6484,1,16),(6485,1,16),(6486,1,16),(6487,1,16),(6488,1,16),(6489,1,16),(6490,1,16),(6491,1,16),(6492,1,16),(6493,1,16),(6494,1,16),(6495,1,16),(6496,1,16),(6497,1,16),(6498,1,16),(6499,1,16),(6500,1,16),(6501,1,16),(6502,1,16),(6503,1,16),(6504,1,16),(6505,1,16),(6506,1,16),(6507,1,16),(6508,1,16),(6509,1,16),(6510,1,16),(6511,1,16),(6512,1,16),(6513,1,16),(6514,1,16),(6515,1,16),(6516,1,16),(6517,1,16),(6518,1,16),(6519,1,16),(6520,1,16),(6521,1,16),(6522,1,16),(6523,1,16),(6524,1,16),(6525,1,16),(6526,1,16),(6527,1,16),(6528,1,16),(6529,1,16),(6530,1,16),(6531,1,16),(6532,1,16),(6533,1,16),(6534,1,16),(6535,1,16),(6536,1,16),(6537,1,16),(6538,1,16),(6539,1,16),(6540,1,16),(6541,1,16),(6542,1,16),(6543,1,16),(6544,1,16),(6545,1,16),(6546,1,16),(6547,1,16),(6548,1,16),(6549,1,16),(6550,1,16),(6551,1,16),(6552,1,16),(6553,1,16),(6554,1,16),(6555,1,16),(6556,1,16),(6557,1,16),(6558,1,16),(6559,1,16),(6560,1,16),(6561,1,16),(6562,1,16),(6563,1,16),(6564,1,16),(6565,1,16),(6566,1,16),(6567,1,16),(6568,1,16),(6569,1,16),(6570,1,16),(6571,1,16),(6572,1,16),(6573,1,16),(6574,1,16),(6575,1,16),(6576,1,16),(6577,1,16),(6578,1,16),(6579,1,16),(6580,1,16),(6581,1,16),(6582,1,16),(6583,1,16),(6584,1,16),(6585,1,16),(6586,1,16),(6587,1,16),(6588,1,16),(6589,1,16),(6590,1,16),(6591,1,16),(6592,1,16),(6593,1,16),(6594,1,16),(6595,1,16),(6596,1,16),(6597,1,16),(6598,1,16),(6599,1,16),(6600,1,16),(6601,1,16),(6602,1,16),(6603,1,16),(6604,1,16),(6605,1,16),(6606,1,16),(6607,1,16),(6608,1,16),(6609,1,16),(6610,1,16),(6611,1,16),(6612,1,16),(6613,1,16),(6614,1,16),(6615,1,16),(6616,1,16),(6617,1,16),(6618,1,16),(6619,1,16),(6620,1,16),(6621,1,16),(6622,1,16),(6623,1,16),(6624,1,16),(6625,1,16),(6626,1,16),(6627,1,16),(6628,1,16),(6629,1,16),(6630,1,16),(6631,1,16),(6632,1,16),(6633,1,16),(6634,1,16),(6635,1,17),(6636,1,17),(6637,1,17),(6638,1,17),(6639,1,17),(6640,1,17),(6641,1,17),(6642,1,17),(6643,1,17),(6644,1,17),(6645,1,17),(6646,1,17),(6647,1,17),(6648,1,17),(6649,1,17),(6650,1,17),(6651,1,17),(6652,1,17),(6653,1,17),(6654,1,17),(6655,1,17),(6656,1,17),(6657,1,17),(6658,1,17),(6659,1,17),(6660,1,17),(6661,1,17),(6662,1,17),(6663,1,17),(6664,1,17),(6665,1,17),(6666,1,17),(6667,1,17),(6668,1,17),(6669,1,17),(6670,1,17),(6671,1,17),(6672,1,17),(6673,1,17),(6674,1,17),(6675,1,17),(6676,1,17),(6677,1,17),(6678,1,17),(6679,1,17),(6680,1,17),(6681,1,17),(6682,1,17),(6683,1,17),(6684,1,17),(6685,1,17),(6686,1,17),(6687,1,17),(6688,1,17),(6689,1,17),(6690,1,17),(6691,1,17),(6692,1,17),(6693,1,17),(6694,1,17),(6695,1,17),(6696,1,17),(6697,1,17),(6698,1,17),(6699,1,17),(6700,1,17),(6701,1,17),(6702,1,17),(6703,1,17),(6704,1,17),(6705,1,17),(6706,1,17),(6707,1,17),(6708,1,17),(6709,1,17),(6710,1,17),(6711,1,17),(6712,1,17),(6713,1,17),(6714,1,17),(6715,1,17),(6716,1,17),(6717,1,17),(6718,1,17),(6719,1,17),(6720,1,17),(6721,1,17),(6722,1,17),(6723,1,17),(6724,1,17),(6725,1,17),(6726,1,17),(6727,1,17),(6728,1,17),(6729,1,17),(6730,1,17),(6731,1,17),(6732,1,17),(6733,1,17),(6734,1,17),(6735,1,17),(6736,1,17),(6737,1,17),(6738,1,17),(6739,1,17),(6740,1,17),(6741,1,17),(6742,1,17),(6743,1,17),(6744,1,17),(6745,1,17),(6746,1,17),(6747,1,17),(6748,1,17),(6749,1,17),(6750,1,17),(6751,1,17),(6752,1,17),(6753,1,17),(6754,1,17),(6755,1,17),(6756,1,17),(6757,1,17),(6758,1,17),(6759,1,17),(6760,1,17),(6761,1,17),(6762,1,17),(6763,1,17),(6764,1,17),(6765,1,17),(6766,1,17),(6767,1,17),(6768,1,17),(6769,1,17),(6770,1,17),(6771,1,17),(6772,1,17),(6773,1,17),(6774,1,17),(6775,1,17),(6776,1,17),(6777,1,17),(6778,1,17),(6779,1,17),(6780,1,17),(6781,1,17),(6782,1,17),(6783,1,17),(6784,1,17),(6785,1,17),(6786,1,17),(6787,1,17),(6788,1,17),(6789,1,17),(6790,1,17),(6791,1,17),(6792,1,17),(6793,1,17),(6794,1,17),(6795,1,17),(6796,1,17),(6797,1,17),(6798,1,17),(6799,1,17),(6800,1,17),(6801,1,17),(6802,1,17),(6803,1,17),(6804,1,17),(6805,1,17),(6806,1,17),(6807,1,17),(6808,1,17),(6809,1,17),(6810,1,17),(6811,1,17),(6812,1,17),(6813,1,17),(6814,1,17),(6815,1,17),(6816,1,17),(6817,1,17),(6818,1,17),(6819,1,17),(6820,1,17),(6821,1,17),(6822,1,17),(6823,1,17),(6824,1,17),(6825,1,17),(6826,1,17),(6827,1,17),(6828,1,17),(6829,1,17),(6830,1,17),(6831,1,17),(6832,1,17),(6833,1,17),(6834,1,17),(6835,1,17),(6836,1,17),(6837,1,17),(6838,1,17),(6839,1,17),(6840,1,17),(6841,1,17),(6842,1,17),(6843,1,17),(6844,1,17),(6845,1,17),(6846,1,17),(6847,1,17),(6848,1,17),(6849,1,17),(6850,1,17),(6851,1,17),(6852,1,17),(6853,1,17),(6854,1,17),(6855,1,17),(6856,1,17),(6857,1,17),(6858,1,17),(6859,1,17),(6860,1,17),(6861,1,17),(6862,1,17),(6863,1,17),(6864,1,17),(6865,1,17),(6866,1,17),(6867,1,17),(6868,1,17),(6869,1,17),(6870,1,17),(6871,1,17),(6872,1,17),(6873,1,17),(6874,1,17),(6875,1,17),(6876,1,17),(6877,1,17),(6878,1,17),(6879,1,17),(6880,1,17),(6881,1,17),(6882,1,17),(6883,1,17),(6884,1,17),(6885,1,17),(6886,1,17),(6887,1,17),(6888,1,17),(6889,1,17),(6890,1,17),(6891,1,17),(6892,1,17),(6893,1,17),(6894,1,17),(6895,1,17),(6896,1,17),(6897,1,17),(6898,1,17),(6899,1,17),(6900,1,17),(6901,1,17),(6902,1,17),(6903,1,17),(6904,1,17),(6905,1,17),(6906,1,17),(6907,1,17),(6908,1,17),(6909,1,17),(6910,1,17),(6911,1,17),(6912,1,17),(6913,1,17),(6914,1,17),(6915,1,17),(6916,1,17),(6917,1,17),(6918,1,17),(6919,1,17),(6920,1,17),(6921,1,17),(6922,1,17),(6923,1,17),(6924,1,17),(6925,1,17),(6926,1,17),(6927,1,17),(6928,1,17),(6929,1,17),(6930,1,17),(6931,1,17),(6932,1,17),(6933,1,17),(6934,1,17),(6935,1,17),(6936,1,17),(6937,1,17),(6938,1,17),(6939,1,17),(6940,1,17),(6941,1,17),(6942,1,17),(6943,1,17),(6944,1,17),(6945,1,17),(6946,1,17),(6947,1,17),(6948,1,17),(6949,1,17),(6950,1,17),(6951,1,17),(6952,1,17),(6953,1,17),(6954,1,17),(6955,1,17),(6956,1,17),(6957,1,17),(6958,1,17),(6959,1,17),(6960,1,17),(6961,1,17),(6962,1,17),(6963,1,17),(6964,1,17),(6965,1,17),(6966,1,17),(6967,1,17),(6968,1,17),(6969,1,17),(6970,1,17),(6971,1,17),(6972,1,17),(6973,1,17),(6974,1,17),(6975,1,17),(6976,1,17),(6977,1,17),(6978,1,17),(6979,1,17),(6980,1,17),(6981,1,17),(6982,1,17),(6983,1,17),(6984,1,17),(6985,1,17),(6986,1,17),(6987,1,17),(6988,1,17),(6989,1,17),(6990,1,17),(6991,1,17),(6992,1,17),(6993,1,17),(6994,1,17),(6995,1,17),(6996,1,17),(6997,1,17),(6998,1,17),(6999,1,17),(7000,1,17),(7001,1,17),(7002,1,17),(7003,1,17),(7004,1,17),(7005,1,17),(7006,1,17),(7007,1,17),(7008,1,17),(7009,1,17),(7010,1,17),(7011,1,17),(7012,1,17),(7013,1,17),(7014,1,17),(7015,1,17),(7016,1,17),(7017,1,17),(7018,1,17),(7019,1,17),(7020,1,17),(7021,1,17),(7022,1,17),(7023,1,17),(7024,1,17),(7025,1,17),(7026,1,17),(7027,1,17),(7028,1,17),(7029,1,17),(7030,1,17),(7031,1,17),(7032,1,17),(7033,1,17),(7034,1,17),(7035,1,17),(7036,1,17),(7037,1,17),(7038,1,17),(7039,1,17),(7040,1,17),(7041,1,17),(7042,1,17),(7043,1,17),(7044,1,17),(7045,1,17),(7046,1,17),(7047,1,17),(7048,1,17),(7049,1,17),(7050,1,17),(7051,1,17),(7052,1,17),(7053,1,17),(7054,1,18),(7055,1,18),(7056,1,18),(7057,1,18),(7058,1,18),(7059,1,18),(7060,1,18),(7061,1,18),(7062,1,18),(7063,1,18),(7064,1,18),(7065,1,18),(7066,1,18),(7067,1,18),(7068,1,18),(7069,1,18),(7070,1,18),(7071,1,18),(7072,1,18),(7073,1,18),(7074,1,18),(7075,1,18),(7076,1,18),(7077,1,18),(7078,1,18),(7079,1,18),(7080,1,18),(7081,1,18),(7082,1,18),(7083,1,18),(7084,1,18),(7085,1,18),(7086,1,18),(7087,1,18),(7088,1,18),(7089,1,18),(7090,1,18),(7091,1,18),(7092,1,18),(7093,1,18),(7094,1,18),(7095,1,18),(7096,1,18),(7097,1,18),(7098,1,18),(7099,1,18),(7100,1,18),(7101,1,18),(7102,1,18),(7103,1,18),(7104,1,18),(7105,1,18),(7106,1,18),(7107,1,18),(7108,1,18),(7109,1,18),(7110,1,18),(7111,1,18),(7112,1,18),(7113,1,18),(7114,1,18),(7115,1,18),(7116,1,18),(7117,1,18),(7118,1,18),(7119,1,18),(7120,1,18),(7121,1,18),(7122,1,18),(7123,1,18),(7124,1,18),(7125,1,18),(7126,1,18),(7127,1,18),(7128,1,18),(7129,1,18),(7130,1,18),(7131,1,18),(7132,1,18),(7133,1,18),(7134,1,18),(7135,1,18),(7136,1,18),(7137,1,18),(7138,1,18),(7139,1,18),(7140,1,18),(7141,1,18),(7142,1,18),(7143,1,18),(7144,1,18),(7145,1,18),(7146,1,18),(7147,1,18),(7148,1,18),(7149,1,18),(7150,1,18),(7151,1,18),(7152,1,18),(7153,1,18),(7154,1,18),(7155,1,18),(7156,1,18),(7157,1,18),(7158,1,18),(7159,1,18),(7160,1,18),(7161,1,18),(7162,1,18),(7163,1,18),(7164,1,18),(7165,1,18),(7166,1,18),(7167,1,18),(7168,1,18),(7169,1,18),(7170,1,18),(7171,1,18),(7172,1,18),(7173,1,18),(7174,1,18),(7175,1,18),(7176,1,18),(7177,1,18),(7178,1,18),(7179,1,18),(7180,1,18),(7181,1,18),(7182,1,18),(7183,1,18),(7184,1,18),(7185,1,18),(7186,1,18),(7187,1,18),(7188,1,18),(7189,1,18),(7190,1,18),(7191,1,18),(7192,1,18),(7193,1,18),(7194,1,18),(7195,1,18),(7196,1,18),(7197,1,18),(7198,1,18),(7199,1,18),(7200,1,18),(7201,1,18),(7202,1,18),(7203,1,18),(7204,1,18),(7205,1,18),(7206,1,18),(7207,1,18),(7208,1,18),(7209,1,18),(7210,1,18),(7211,1,18),(7212,1,18),(7213,1,18),(7214,1,18),(7215,1,18),(7216,1,18),(7217,1,18),(7218,1,18),(7219,1,18),(7220,1,18),(7221,1,18),(7222,1,18),(7223,1,18),(7224,1,18),(7225,1,18),(7226,1,18),(7227,1,18),(7228,1,18),(7229,1,18),(7230,1,18),(7231,1,18),(7232,1,18),(7233,1,18),(7234,1,18),(7235,1,18),(7236,1,18),(7237,1,18),(7238,1,18),(7239,1,18),(7240,1,18),(7241,1,18),(7242,1,18),(7243,1,18),(7244,1,18),(7245,1,18),(7246,1,18),(7247,1,18),(7248,1,18),(7249,1,18),(7250,1,18),(7251,1,18),(7252,1,18),(7253,1,18),(7254,1,18),(7255,1,18),(7256,1,18),(7257,1,18),(7258,1,18),(7259,1,18),(7260,1,18),(7261,1,18),(7262,1,18),(7263,1,18),(7264,1,18),(7265,1,18),(7266,1,18),(7267,1,18),(7268,1,18),(7269,1,18),(7270,1,18),(7271,1,18),(7272,1,18),(7273,1,18),(7274,1,18),(7275,1,18),(7276,1,18),(7277,1,18),(7278,1,18),(7279,1,18),(7280,1,18),(7281,1,18),(7282,1,18),(7283,1,18),(7284,1,18),(7285,1,18),(7286,1,18),(7287,1,18),(7288,1,18),(7289,1,18),(7290,1,18),(7291,1,18),(7292,1,18),(7293,1,18),(7294,1,18),(7295,1,18),(7296,1,18),(7297,1,18),(7298,1,18),(7299,1,18),(7300,1,18),(7301,1,18),(7302,1,18),(7303,1,18),(7304,1,18),(7305,1,18),(7306,1,18),(7307,1,18),(7308,1,18),(7309,1,18),(7310,1,18),(7311,1,18),(7312,1,18),(7313,1,18),(7314,1,18),(7315,1,18),(7316,1,18),(7317,1,18),(7318,1,18),(7319,1,18),(7320,1,18),(7321,1,18),(7322,1,18),(7323,1,18),(7324,1,18),(7325,1,18),(7326,1,18),(7327,1,18),(7328,1,18),(7329,1,18),(7330,1,18),(7331,1,18),(7332,1,18),(7333,1,18),(7334,1,18),(7335,1,18),(7336,1,18),(7337,1,18),(7338,1,18),(7339,1,18),(7340,1,18),(7341,1,18),(7342,1,18),(7343,1,18),(7344,1,18),(7345,1,18),(7346,1,18),(7347,1,18),(7348,1,18),(7349,1,18),(7350,1,18),(7351,1,18),(7352,1,18),(7353,1,18),(7354,1,18),(7355,1,18),(7356,1,18),(7357,1,18),(7358,1,18),(7359,1,18),(7360,1,18),(7361,1,18),(7362,1,18),(7363,1,18),(7364,1,18),(7365,1,18),(7366,1,18),(7367,1,18),(7368,1,18),(7369,1,18),(7370,1,18),(7371,1,18),(7372,1,18),(7373,1,18),(7374,1,18),(7375,1,18),(7376,1,18),(7377,1,18),(7378,1,18),(7379,1,18),(7380,1,18),(7381,1,18),(7382,1,18),(7383,1,18),(7384,1,18),(7385,1,18),(7386,1,18),(7387,1,18),(7388,1,18),(7389,1,18),(7390,1,18),(7391,1,18),(7392,1,18),(7393,1,18),(7394,1,18),(7395,1,18),(7396,1,18),(7397,1,18),(7398,1,18),(7399,1,18),(7400,1,18),(7401,1,18),(7402,1,18),(7403,1,18),(7404,1,18),(7405,1,18),(7406,1,18),(7407,1,18),(7408,1,18),(7409,1,18),(7410,1,18),(7411,1,18),(7412,1,18),(7413,1,18),(7414,1,18),(7415,1,18),(7416,1,18),(7417,1,18),(7418,1,18),(7419,1,18),(7420,1,18),(7421,1,18),(7422,1,18),(7423,1,18),(7424,1,18),(7425,1,18),(7426,1,18),(7427,1,18),(7428,1,18),(7429,1,18),(7430,1,18),(7431,1,18),(7432,1,18),(7433,1,18),(7434,1,18),(7435,1,18),(7436,1,18),(7437,1,18),(7438,1,18),(7439,1,18),(7440,1,18),(7441,1,18),(7442,1,18),(7443,1,18),(7444,1,18),(7445,1,18),(7446,1,18),(7447,1,18),(7448,1,18),(7449,1,18),(7450,1,18),(7451,1,18),(7452,1,18),(7453,1,18),(7454,1,18),(7455,1,18),(7456,1,18),(7457,1,18),(7458,1,18),(7459,1,18),(7460,1,18),(7461,1,18),(7462,1,18),(7463,1,18),(7464,1,18),(7465,1,18),(7466,1,18),(7467,1,18),(7468,1,18),(7469,1,18),(7470,1,18),(7471,1,18),(7472,1,18),(7473,1,18),(7474,1,18),(7475,1,18),(7476,1,18),(7477,1,18),(7478,1,18),(7479,1,18),(7480,1,18),(7481,1,18),(7482,1,18),(7483,1,18),(7484,1,18),(7485,1,18),(7486,1,18),(7487,1,18),(7488,1,18),(7489,1,18),(7490,1,18),(7491,1,18),(7492,1,18),(7493,1,18),(7494,1,18),(7495,1,18),(7496,1,18),(7497,1,18),(7498,1,18),(7499,1,18),(7500,1,18),(7501,1,18),(7502,1,18),(7503,1,18),(7504,1,18),(7505,1,18),(7506,1,18),(7507,1,18),(7508,1,18),(7509,1,18),(7510,1,18),(7511,1,18),(7512,1,18),(7513,1,18),(7514,1,18),(7515,1,18),(7516,1,18),(7517,1,18),(7518,1,18),(7519,1,18),(7520,1,18),(7521,1,18),(7522,1,18),(7523,1,18),(7524,1,18),(7525,1,18),(7526,1,18),(7527,1,18),(7528,1,18),(7529,1,18),(7530,1,18),(7531,1,18),(7532,1,18),(7533,1,18),(7534,1,18),(7535,1,18),(7536,1,18),(7537,1,18),(7538,1,18),(7539,1,18),(7540,1,18),(7541,1,18),(7542,1,18),(7543,1,18),(7544,1,18),(7545,1,18),(7546,1,18),(7547,1,18),(7548,1,18),(7549,1,18),(7550,1,18),(7551,1,18),(7552,1,18),(7553,1,18),(7554,1,18),(7555,1,18),(7556,1,18),(7557,1,18),(7558,1,18),(7559,1,18),(7560,1,18),(7561,1,18),(7562,1,18),(7563,1,18),(7564,1,18),(7565,1,18),(7566,1,18),(7567,1,18),(7568,1,18),(7569,1,18),(7570,1,18),(7571,1,18),(7572,1,18),(7573,1,18),(7574,1,18),(7575,1,18),(7576,1,18),(7577,1,18),(7578,1,18),(7579,1,18),(7580,1,18),(7581,1,18),(7582,1,18),(7583,1,18),(7584,1,18),(7585,1,18),(7586,1,18),(7587,1,18),(7588,1,18),(7589,1,18),(7590,1,18),(7591,1,18),(7592,1,18),(7593,1,18),(7594,1,18),(7595,1,18),(7596,1,18),(7597,1,18),(7598,1,18),(7599,1,18),(7600,1,18),(7601,1,18),(7602,1,18),(7603,1,18),(7604,1,18),(7605,1,18),(7606,1,18),(7607,1,18),(7608,1,18),(7609,1,18),(7610,1,18),(7611,1,18),(7612,1,18),(7613,1,18),(7614,1,18),(7615,1,18),(7616,1,18),(7617,1,18),(7618,1,18),(7619,1,18),(7620,1,18),(7621,1,18),(7622,1,18),(7623,1,18),(7624,1,18),(7625,1,18),(7626,1,18),(7627,1,18),(7628,1,18),(7629,1,18),(7630,1,18),(7631,1,18),(7632,1,18),(7633,1,18),(7634,1,18),(7635,1,18),(7636,1,18),(7637,1,18),(7638,1,18),(7639,1,18),(7640,1,18),(7641,1,18),(7642,1,18),(7643,1,18),(7644,1,18),(7645,1,18),(7646,1,18),(7647,1,18),(7648,1,18),(7649,1,18),(7650,1,18),(7651,1,18),(7652,1,18),(7653,1,18),(7654,1,18),(7655,1,18),(7656,1,18),(7657,1,18),(7658,1,18),(7659,1,18),(7660,1,18),(7661,1,18),(7662,1,18),(7663,1,18),(7664,1,18),(7665,1,18),(7666,1,18),(7667,1,18),(7668,1,18),(7669,1,18),(7670,1,18),(7671,1,18),(7672,1,18),(7673,1,18),(7674,1,18),(7675,1,18),(7676,1,18),(7677,1,18),(7678,1,18),(7679,1,18),(7680,1,18),(7681,1,18),(7682,1,18),(7683,1,18),(7684,1,18),(7685,1,18),(7686,1,18),(7687,1,18),(7688,1,18),(7689,1,18),(7690,1,18),(7691,1,18),(7692,1,18),(7693,1,18),(7694,1,18),(7695,1,18),(7696,1,18),(7697,1,18),(7698,1,18),(7699,1,18),(7700,1,18),(7701,1,18),(7702,1,18),(7703,1,18),(7704,1,18),(7705,1,18),(7706,1,18),(7707,1,18),(7708,1,18),(7709,1,18),(7710,1,18),(7711,1,18),(7712,1,18),(7713,1,18),(7714,1,18),(7715,1,18),(7716,1,18),(7717,1,18),(7718,1,18),(7719,1,18),(7720,1,18),(7721,1,18),(7722,1,18),(7723,1,18),(7724,1,18),(7725,1,18),(7726,1,18),(7727,1,18),(7728,1,18),(7729,1,18),(7730,1,18),(7731,1,18),(7732,1,18),(7733,1,18),(7734,1,18),(7735,1,18),(7736,1,18),(7737,1,18),(7738,1,18),(7739,1,18),(7740,1,18),(7741,1,18),(7742,1,18),(7743,1,18),(7744,1,18),(7745,1,18),(7746,1,18),(7747,1,18),(7748,1,18),(7749,1,18),(7750,1,18),(7751,1,18),(7752,1,18),(7753,1,18),(7754,1,18),(7755,1,18),(7756,1,18),(7757,1,18),(7758,1,18),(7759,1,18),(7760,1,18),(7761,1,18),(7762,1,18),(7763,1,18),(7764,1,18),(7765,1,18),(7766,1,18),(7767,1,18),(7768,1,18),(7769,1,18),(7770,1,18),(7771,1,18),(7772,1,18),(7773,1,18),(7774,1,18),(7775,1,18),(7776,1,18),(7777,1,18),(7778,1,18),(7779,1,18),(7780,1,18),(7781,1,18),(7782,1,18),(7783,1,18),(7784,1,18),(7785,1,18),(7786,1,18),(7787,1,18),(7788,1,18),(7789,1,18),(7790,1,18),(7791,1,18),(7792,1,18),(7793,1,18),(7794,1,18),(7795,1,18),(7796,1,18),(7797,1,18),(7798,1,18),(7799,1,18),(7800,1,18),(7801,1,18),(7802,1,18),(7803,1,18),(7804,1,18),(7805,1,18),(7806,1,18),(7807,1,18),(7808,1,18),(7809,1,18),(7810,1,18),(7811,1,18),(7812,1,18),(7813,1,18),(7814,1,18),(7815,1,18),(7816,1,18),(7817,1,18),(7818,1,18),(7819,1,18),(7820,1,18),(7821,1,18),(7822,1,18),(7823,1,18),(7824,1,18),(7825,1,18),(7826,1,18),(7827,1,18),(7828,1,18),(7829,1,18),(7830,1,18),(7831,1,18),(7832,1,18),(7833,1,18),(7834,1,18),(7835,1,18),(7836,1,18),(7837,1,18),(7838,1,18),(7839,1,18),(7840,1,18),(7841,1,18),(7842,1,18),(7843,1,18),(7844,1,18),(7845,1,18),(7846,1,18),(7847,1,18),(7848,1,18),(7849,1,18),(7850,1,18),(7851,1,18),(7852,1,18),(7853,1,18),(7854,1,18),(7855,1,18),(7856,1,18),(7857,1,18),(7858,1,18),(7859,1,18),(7860,1,18),(7861,1,18),(7862,1,18),(7863,1,18),(7864,1,18),(7865,1,18),(7866,1,18),(7867,1,18),(7868,1,18),(7869,1,18),(7870,1,18),(7871,1,18),(7872,1,18),(7873,1,18),(7874,1,18),(7875,1,18),(7876,1,18),(7877,1,18),(7878,1,18),(7879,1,18),(7880,1,18),(7881,1,18),(7882,1,18),(7883,1,18),(7884,1,18),(7885,1,18),(7886,1,18),(7887,1,18),(7888,1,18),(7889,1,18),(7890,1,18),(7891,1,18),(7892,1,18),(7893,1,18),(7894,1,18),(7895,1,18),(7896,1,18),(7897,1,18),(7898,1,18),(7899,1,18),(7900,1,18),(7901,1,18),(7902,1,18),(7903,1,18),(7904,1,18),(7905,1,18),(7906,1,18),(7907,1,18),(7908,1,18),(7909,1,18),(7910,1,18),(7911,1,18),(7912,1,18),(7913,1,18),(7914,1,18),(7915,1,18),(7916,1,18),(7917,1,18),(7918,1,18),(7919,1,18),(7920,1,18),(7921,1,18),(7922,1,18),(7923,1,18),(7924,1,18),(7925,1,18),(7926,1,18),(7927,1,18),(7928,1,18),(7929,1,18),(7930,1,18),(7931,1,18),(7932,1,18),(7933,1,18),(7934,1,18),(7935,1,18),(7936,1,18),(7937,1,18),(7938,1,18),(7939,1,18),(7940,1,18),(7941,1,18),(7942,1,18),(7943,1,18),(7944,1,18),(7945,1,18),(7946,1,18),(7947,1,18),(7948,1,18),(7949,1,18),(7950,1,18),(7951,1,18),(7952,1,18),(7953,1,18),(7954,1,18),(7955,1,18),(7956,1,18),(7957,1,18),(7958,1,18),(7959,1,18),(7960,1,18),(7961,1,18),(7962,1,18),(7963,1,18),(7964,1,18),(7965,1,18),(7966,1,18),(7967,1,18),(7968,1,18),(7969,1,18),(7970,1,18),(7971,1,18),(7972,1,18),(7973,1,18),(7974,1,18),(7975,1,18),(7976,1,18),(7977,1,18),(7978,1,18),(7979,1,18),(7980,1,18),(7981,1,18),(7982,1,18),(7983,1,18),(7984,1,18),(7985,1,18),(7986,1,18),(7987,1,18),(7988,1,18),(7989,1,18),(7990,1,18),(7991,1,19),(7992,1,19),(7993,1,19),(7994,1,19),(7995,1,19),(7996,1,19),(7997,1,19),(7998,1,19),(7999,1,19),(8000,1,19),(8001,1,19),(8002,1,19),(8003,1,19),(8004,1,19),(8005,1,19),(8006,1,19),(8007,1,19),(8008,1,19),(8009,1,19),(8010,1,19),(8011,1,19),(8012,1,19),(8013,1,19),(8014,1,19),(8015,1,19),(8016,1,19),(8017,1,19),(8018,1,19),(8019,1,19),(8020,1,19),(8021,1,19),(8022,1,19),(8023,1,19),(8024,1,19),(8025,1,19),(8026,1,19),(8027,1,19),(8028,1,19),(8029,1,19),(8030,1,19),(8031,1,19),(8032,1,19),(8033,1,19),(8034,1,19),(8035,1,19),(8036,1,19),(8037,1,19),(8038,1,19),(8039,1,19),(8040,1,19),(8041,1,19),(8042,1,19),(8043,1,19),(8044,1,19),(8045,1,19),(8046,1,19),(8047,1,19),(8048,1,19),(8049,1,19),(8050,1,19),(8051,1,19),(8052,1,19),(8053,1,19),(8054,1,19),(8055,1,19),(8056,1,19),(8057,1,19),(8058,1,19),(8059,1,19),(8060,1,19),(8061,1,19),(8062,1,19),(8063,1,19),(8064,1,19),(8065,1,19),(8066,1,19),(8067,1,19),(8068,1,19),(8069,1,19),(8070,1,19),(8071,1,19),(8072,1,19),(8073,1,19),(8074,1,19),(8075,1,19),(8076,1,19),(8077,1,19),(8078,1,19),(8079,1,19),(8080,1,19),(8081,1,19),(8082,1,19),(8083,1,19),(8084,1,19),(8085,1,19),(8086,1,19),(8087,1,19),(8088,1,19),(8089,1,19),(8090,1,19),(8091,1,19),(8092,1,19),(8093,1,19),(8094,1,19),(8095,1,19),(8096,1,19),(8097,1,19),(8098,1,19),(8099,1,19),(8100,1,19),(8101,1,19),(8102,1,19),(8103,1,19),(8104,1,19),(8105,1,19),(8106,1,19),(8107,1,19),(8108,1,19),(8109,1,19),(8110,1,19),(8111,1,19),(8112,1,19),(8113,1,19),(8114,1,19),(8115,1,19),(8116,1,19),(8117,1,19),(8118,1,19),(8119,1,19),(8120,1,19),(8121,1,19),(8122,1,19),(8123,1,19),(8124,1,19),(8125,1,19),(8126,1,19),(8127,1,19),(8128,1,19),(8129,1,19),(8130,1,19),(8131,1,19),(8132,1,19),(8133,1,19),(8134,1,19),(8135,1,19),(8136,1,19),(8137,1,19),(8138,1,19),(8139,1,19),(8140,1,19),(8141,1,19),(8142,1,19),(8143,1,19),(8144,1,19),(8145,1,19),(8146,1,19),(8147,1,19),(8148,1,19),(8149,1,19),(8150,1,19),(8151,1,19),(8152,1,19),(8153,1,19),(8154,1,19),(8155,1,19),(8156,1,19),(8157,1,19),(8158,1,19),(8159,1,19),(8160,1,19),(8161,1,19),(8162,1,19),(8163,1,19),(8164,1,19),(8165,1,19),(8166,1,19),(8167,1,19),(8168,1,19),(8169,1,19),(8170,1,19),(8171,1,19),(8172,1,19),(8173,1,19),(8174,1,19),(8175,1,19),(8176,1,19),(8177,1,19),(8178,1,19),(8179,1,19),(8180,1,19),(8181,1,19),(8182,1,19),(8183,1,19),(8184,1,19),(8185,1,19),(8186,1,19),(8187,1,19),(8188,1,19),(8189,1,19),(8190,1,19),(8191,1,19),(8192,1,19),(8193,1,19),(8194,1,19),(8195,1,19),(8196,1,19),(8197,1,19),(8198,1,19),(8199,1,19),(8200,1,19),(8201,1,19),(8202,1,19),(8203,1,19),(8204,1,19),(8205,1,19),(8206,1,19),(8207,1,19),(8208,1,19),(8209,1,19),(8210,1,19),(8211,1,19),(8212,1,19),(8213,1,19),(8214,1,19),(8215,1,19),(8216,1,19),(8217,1,19),(8218,1,19),(8219,1,19),(8220,1,19),(8221,1,19),(8222,1,19),(8223,1,19),(8224,1,19),(8225,1,19),(8226,1,19),(8227,1,19),(8228,1,19),(8229,1,19),(8230,1,19),(8231,1,19),(8232,1,19),(8233,1,19),(8234,1,19),(8235,1,19),(8236,1,19),(8237,1,19),(8238,1,19),(8239,1,19),(8240,1,19),(8241,1,19),(8242,1,19),(8243,1,19),(8244,1,19),(8245,1,19),(8246,1,19),(8247,1,19),(8248,1,19),(8249,1,19),(8250,1,19),(8251,1,19),(8252,1,19),(8253,1,19),(8254,1,19),(8255,1,19),(8256,1,19),(8257,1,19),(8258,1,19),(8259,1,19),(8260,1,19),(8261,1,19),(8262,1,19),(8263,1,19),(8264,1,19),(8265,1,19),(8266,1,19),(8267,1,19),(8268,1,19),(8269,1,19),(8270,1,19),(8271,1,19),(8272,1,19),(8273,1,19),(8274,1,19),(8275,1,19),(8276,1,19),(8277,1,19),(8278,1,19),(8279,1,19),(8280,1,19),(8281,1,19),(8282,1,19),(8283,1,19),(8284,1,19),(8285,1,19),(8286,1,19),(8287,1,19),(8288,1,19),(8289,1,19),(8290,1,19),(8291,1,19),(8292,1,19),(8293,1,19),(8294,1,19),(8295,1,19),(8296,1,19),(8297,1,19),(8298,1,19),(8299,1,19),(8300,1,19),(8301,1,19),(8302,1,19),(8303,1,19),(8304,1,19),(8305,1,19),(8306,1,19),(8307,1,19),(8308,1,19),(8309,1,19),(8310,1,19),(8311,1,19),(8312,1,19),(8313,1,19),(8314,1,19),(8315,1,19),(8316,1,19),(8317,1,19),(8318,1,19),(8319,1,19),(8320,1,19),(8321,1,19),(8322,1,19),(8323,1,19),(8324,1,19),(8325,1,19),(8326,1,19),(8327,1,19),(8328,1,19),(8329,1,19),(8330,1,19),(8331,1,19),(8332,1,19),(8333,1,19),(8334,1,19),(8335,1,19),(8336,1,19),(8337,1,19),(8338,1,19),(8339,1,19),(8340,1,19),(8341,1,19),(8342,1,19),(8343,1,19),(8344,1,19),(8345,1,19),(8346,1,19),(8347,1,19),(8348,1,19),(8349,1,19),(8350,1,19),(8351,1,19),(8352,1,19),(8353,1,19),(8354,1,19),(8355,1,19),(8356,1,19),(8357,1,19),(8358,1,19),(8359,1,19),(8360,1,19),(8361,1,19),(8362,1,19),(8363,1,19),(8364,1,19),(8365,1,19),(8366,1,19),(8367,1,19),(8368,1,19),(8369,1,19),(8370,1,19),(8371,1,19),(8372,1,19),(8373,1,19),(8374,1,19),(8375,1,19),(8376,1,19),(8377,1,19),(8378,1,19),(8379,1,19),(8380,1,19),(8381,1,19),(8382,1,19),(8383,1,19),(8384,1,19),(8385,1,19),(8386,1,19),(8387,1,19),(8388,1,19),(8389,1,19),(8390,1,19),(8391,1,19),(8392,1,19),(8393,1,19),(8394,1,19),(8395,1,19),(8396,1,19),(8397,1,19),(8398,1,19),(8399,1,19),(8400,1,19),(8401,1,19),(8402,1,19),(8403,1,19),(8404,1,19),(8405,1,19),(8406,1,19),(8407,1,19),(8408,1,19),(8409,1,19),(8410,1,19),(8411,1,19),(8412,1,19),(8413,1,19),(8414,1,19),(8415,1,19),(8416,1,19),(8417,1,19),(8418,1,19),(8419,1,19),(8420,1,19),(8421,1,19),(8422,1,19),(8423,1,19),(8424,1,19),(8425,1,19),(8426,1,19),(8427,1,19),(8428,1,19),(8429,1,19),(8430,1,19),(8431,1,19),(8432,1,19),(8433,1,19),(8434,1,19),(8435,1,19),(8436,1,19),(8437,1,19),(8438,1,19),(8439,1,19),(8440,1,19),(8441,1,19),(8442,1,19),(8443,1,19),(8444,1,19),(8445,1,19),(8446,1,19),(8447,1,19),(8448,1,19),(8449,1,19),(8450,1,19),(8451,1,19),(8452,1,19),(8453,1,19),(8454,1,19),(8455,1,19),(8456,1,19),(8457,1,19),(8458,1,19),(8459,1,19),(8460,1,19),(8461,1,19),(8462,1,19),(8463,1,19),(8464,1,19),(8465,1,19),(8466,1,19),(8467,1,19),(8468,1,19),(8469,1,19),(8470,1,19),(8471,1,19),(8472,1,19),(8473,1,19),(8474,1,19),(8475,1,19),(8476,1,19),(8477,1,19),(8478,1,19),(8479,1,19),(8480,1,19),(8481,1,19),(8482,1,19),(8483,1,19),(8484,1,19),(8485,1,19),(8486,1,19),(8487,1,19),(8488,1,19),(8489,1,19),(8490,1,19),(8491,1,19),(8492,1,19),(8493,1,19),(8494,1,19),(8495,1,19),(8496,1,19),(8497,1,19),(8498,1,19),(8499,1,19),(8500,1,19),(8501,1,19),(8502,1,19),(8503,1,19),(8504,1,19),(8505,1,19),(8506,1,19),(8507,1,19),(8508,1,19),(8509,1,19),(8510,1,19),(8511,1,19),(8512,1,19),(8513,1,19),(8514,1,19),(8515,1,19),(8516,1,19),(8517,1,19),(8518,1,19),(8519,1,19),(8520,1,19),(8521,1,19),(8522,1,19),(8523,1,19),(8524,1,19),(8525,1,19),(8526,1,19),(8527,1,19),(8528,1,19),(8529,1,19),(8530,1,19),(8531,1,19),(8532,1,19),(8533,1,19),(8534,1,19),(8535,1,19),(8536,1,19),(8537,1,19),(8538,1,19),(8539,1,19),(8540,1,19),(8541,1,19),(8542,1,19),(8543,1,19),(8544,1,19),(8545,1,19),(8546,1,19),(8547,1,19),(8548,1,19),(8549,1,19),(8550,1,19),(8551,1,19),(8552,1,19),(8553,1,19),(8554,1,19),(8555,1,19),(8556,1,19),(8557,1,19),(8558,1,19),(8559,1,19),(8560,1,19),(8561,1,19),(8562,1,19),(8563,1,19),(8564,1,19),(8565,1,19),(8566,1,19),(8567,1,19),(8568,1,19),(8569,1,19),(8570,1,19),(8571,1,19),(8572,1,19),(8573,1,19),(8574,1,19),(8575,1,19),(8576,1,19),(8577,1,19),(8578,1,19),(8579,1,19),(8580,1,19),(8581,1,19),(8582,1,19),(8583,1,19),(8584,1,19),(8585,1,19),(8586,1,19),(8587,1,19),(8588,1,19),(8589,1,19),(8590,1,19),(8591,1,19),(8592,1,19),(8593,1,19),(8594,1,19),(8595,1,19),(8596,1,19),(8597,1,19),(8598,1,19),(8599,1,19),(8600,1,19),(8601,1,19),(8602,1,19),(8603,1,19),(8604,1,19),(8605,1,19),(8606,1,19),(8607,1,19),(8608,1,19),(8609,1,19),(8610,1,19),(8611,1,19),(8612,1,19),(8613,1,19),(8614,1,19),(8615,1,19),(8616,1,19),(8617,1,19),(8618,1,19),(8619,1,19),(8620,1,19),(8621,1,19),(8622,1,19),(8623,1,19),(8624,1,19),(8625,1,19),(8626,1,19),(8627,1,19),(8628,1,19),(8629,1,19),(8630,1,19),(8631,1,19),(8632,1,19),(8633,1,19),(8634,1,19),(8635,1,19),(8636,1,19),(8637,1,19),(8638,1,19),(8639,1,19),(8640,1,19),(8641,1,19),(8642,1,19),(8643,1,19),(8644,1,19),(8645,1,19),(8646,1,19),(8647,1,19),(8648,1,19),(8649,1,19),(8650,1,19),(8651,1,19),(8652,1,19),(8653,1,19),(8654,1,19),(8655,1,19),(8656,1,19),(8657,1,19),(8658,1,19),(8659,1,19),(8660,1,19),(8661,1,19),(8662,1,19),(8663,1,19),(8664,1,19),(8665,1,19),(8666,1,19),(8667,1,19),(8668,1,19),(8669,1,19),(8670,1,19),(8671,1,19),(8672,1,19),(8673,1,19),(8674,1,19),(8675,1,19),(8676,1,19),(8677,1,19),(8678,1,19),(8679,1,19),(8680,1,19),(8681,1,19),(8682,1,19),(8683,1,19),(8684,1,19),(8685,1,19),(8686,1,19),(8687,1,19),(8688,1,19),(8689,1,19),(8690,1,19),(8691,1,19),(8692,1,19),(8693,1,19),(8694,1,19),(8695,1,19),(8696,1,19),(8697,1,19),(8698,1,19),(8699,1,19),(8700,1,19),(8701,1,19),(8702,1,19),(8703,1,19),(8704,1,19),(8705,1,19),(8706,1,19),(8707,1,19),(8708,1,19),(8709,1,19),(8710,1,19),(8711,1,19),(8712,1,19),(8713,1,19),(8714,1,19),(8715,1,19),(8716,1,19),(8717,1,19),(8718,1,19),(8719,1,19),(8720,1,19),(8721,1,19),(8722,1,19),(8723,1,19),(8724,1,19),(8725,1,19),(8726,1,19),(8727,1,19),(8728,1,19),(8729,1,19),(8730,1,19),(8731,1,19),(8732,1,19),(8733,1,19),(8734,1,19),(8735,1,19),(8736,1,19),(8737,1,19),(8738,1,19),(8739,1,19),(8740,1,19),(8741,1,19),(8742,1,19),(8743,1,19),(8744,1,19),(8745,1,19),(8746,1,19),(8747,1,19),(8748,1,19),(8749,1,19),(8750,1,19),(8751,1,19),(8752,1,19),(8753,1,19),(8754,1,19),(8755,1,19),(8756,1,19),(8757,1,19),(8758,1,19),(8759,1,19),(8760,1,19),(8761,1,19),(8762,1,19),(8763,1,19),(8764,1,19),(8765,1,19),(8766,1,19),(8767,1,19),(8768,1,19),(8769,1,19),(8770,1,19),(8771,1,19),(8772,1,19),(8773,1,19),(8774,1,19),(8775,1,19),(8776,1,19),(8777,1,19),(8778,1,20),(8779,1,20),(8780,1,20),(8781,1,20),(8782,1,20),(8783,1,20),(8784,1,20),(8785,1,20),(8786,1,20),(8787,1,20),(8788,1,20),(8789,1,20),(8790,1,20),(8791,1,20),(8792,1,20),(8793,1,20),(8794,1,20),(8795,1,20),(8796,1,20),(8797,1,20),(8798,1,20),(8799,1,20),(8800,1,20),(8801,1,20),(8802,1,20),(8803,1,20),(8804,1,20),(8805,1,20),(8806,1,20),(8807,1,20),(8808,1,20),(8809,1,20),(8810,1,20),(8811,1,20),(8812,1,20),(8813,1,20),(8814,1,20),(8815,1,20),(8816,1,20),(8817,1,20),(8818,1,20),(8819,1,20),(8820,1,20),(8821,1,20),(8822,1,20),(8823,1,20),(8824,1,20),(8825,1,20),(8826,1,20),(8827,1,20),(8828,1,20),(8829,1,20),(8830,1,20),(8831,1,20),(8832,1,20),(8833,1,20),(8834,1,20),(8835,1,20),(8836,1,20),(8837,1,20),(8838,1,20),(8839,1,20),(8840,1,20),(8841,1,20),(8842,1,20),(8843,1,20),(8844,1,20),(8845,1,20),(8846,1,20),(8847,1,20),(8848,1,20),(8849,1,20),(8850,1,20),(8851,1,20),(8852,1,20),(8853,1,20),(8854,1,20),(8855,1,20),(8856,1,20),(8857,1,20),(8858,1,20),(8859,1,20),(8860,1,20),(8861,1,20),(8862,1,20),(8863,1,20),(8864,1,20),(8865,1,20),(8866,1,20),(8867,1,20),(8868,1,20),(8869,1,20),(8870,1,20),(8871,1,20),(8872,1,20),(8873,1,20),(8874,1,20),(8875,1,20),(8876,1,20),(8877,1,20),(8878,1,20),(8879,1,20),(8880,1,20),(8881,1,20),(8882,1,20),(8883,1,20),(8884,1,20),(8885,1,20),(8886,1,20),(8887,1,20),(8888,1,20),(8889,1,20),(8890,1,20),(8891,1,20),(8892,1,20),(8893,1,20),(8894,1,20),(8895,1,20),(8896,1,20),(8897,1,20),(8898,1,20),(8899,1,20),(8900,1,20),(8901,1,20),(8902,1,20),(8903,1,20),(8904,1,20),(8905,1,20),(8906,1,20),(8907,1,20),(8908,1,20),(8909,1,20),(8910,1,20),(8911,1,20),(8912,1,20),(8913,1,20),(8914,1,20),(8915,1,20),(8916,1,20),(8917,1,20),(8918,1,20),(8919,1,20),(8920,1,20),(8921,1,20),(8922,1,20),(8923,1,20),(8924,1,20),(8925,1,20),(8926,1,20),(8927,1,20),(8928,1,20),(8929,1,20),(8930,1,20),(8931,1,20),(8932,1,20),(8933,1,20),(8934,1,20),(8935,1,20),(8936,1,20),(8937,1,20),(8938,1,20),(8939,1,20),(8940,1,20),(8941,1,20),(8942,1,20),(8943,1,20),(8944,1,20),(8945,1,20),(8946,1,20),(8947,1,20),(8948,1,20),(8949,1,20),(8950,1,20),(8951,1,20),(8952,1,20),(8953,1,20),(8954,1,20),(8955,1,20),(8956,1,20),(8957,1,20),(8958,1,20),(8959,1,20),(8960,1,20),(8961,1,20),(8962,1,20),(8963,1,20),(8964,1,20),(8965,1,20),(8966,1,20),(8967,1,20),(8968,1,20),(8969,1,20),(8970,1,20),(8971,1,20),(8972,1,20),(8973,1,20),(8974,1,20),(8975,1,20),(8976,1,20),(8977,1,20),(8978,1,20),(8979,1,20),(8980,1,20),(8981,1,20),(8982,1,20),(8983,1,20),(8984,1,20),(8985,1,20),(8986,1,20),(8987,1,20),(8988,1,20),(8989,1,20),(8990,1,20),(8991,1,20),(8992,1,20),(8993,1,20),(8994,1,20),(8995,1,20),(8996,1,20),(8997,1,20),(8998,1,20),(8999,1,20),(9000,1,20),(9001,1,20),(9002,1,20),(9003,1,20),(9004,1,20),(9005,1,20),(9006,1,20),(9007,1,20),(9008,1,20),(9009,1,20),(9010,1,20),(9011,1,20),(9012,1,20),(9013,1,20),(9014,1,20),(9015,1,20),(9016,1,20),(9017,1,20),(9018,1,20),(9019,1,20),(9020,1,20),(9021,1,20),(9022,1,20),(9023,1,20),(9024,1,20),(9025,1,20),(9026,1,20),(9027,1,20),(9028,1,20),(9029,1,20),(9030,1,20),(9031,1,20),(9032,1,20),(9033,1,20),(9034,1,20),(9035,1,20),(9036,1,20),(9037,1,20),(9038,1,20),(9039,1,20),(9040,1,20),(9041,1,20),(9042,1,20),(9043,1,20),(9044,1,20),(9045,1,20),(9046,1,20),(9047,1,20),(9048,1,20),(9049,1,20),(9050,1,20),(9051,1,20),(9052,1,20),(9053,1,20),(9054,1,20),(9055,1,20),(9056,1,20),(9057,1,20),(9058,1,20),(9059,1,20),(9060,1,20),(9061,1,20),(9062,1,20),(9063,1,20),(9064,1,20),(9065,1,20),(9066,1,20),(9067,1,20),(9068,1,20),(9069,1,20),(9070,1,20),(9071,1,20),(9072,1,20),(9073,1,20),(9074,1,20),(9075,1,20),(9076,1,20),(9077,1,20),(9078,1,20),(9079,1,20),(9080,1,20),(9081,1,20),(9082,1,20),(9083,1,20),(9084,1,20),(9085,1,20),(9086,1,20),(9087,1,20),(9088,1,20),(9089,1,20),(9090,1,20),(9091,1,20),(9092,1,20),(9093,1,20),(9094,1,20),(9095,1,20),(9096,1,20),(9097,1,20),(9098,1,20),(9099,1,20),(9100,1,20),(9101,1,20),(9102,1,20),(9103,1,20),(9104,1,20),(9105,1,20),(9106,1,20),(9107,1,20),(9108,1,20),(9109,1,20),(9110,1,20),(9111,1,20),(9112,1,20),(9113,1,20),(9114,1,20),(9115,1,20),(9116,1,20),(9117,1,20),(9118,1,20),(9119,1,20),(9120,1,20),(9121,1,20),(9122,1,20),(9123,1,20),(9124,1,20),(9125,1,20),(9126,1,20),(9127,1,20),(9128,1,20),(9129,1,20),(9130,1,20),(9131,1,20),(9132,1,20),(9133,1,20),(9134,1,20),(9135,1,20),(9136,1,20),(9137,1,20),(9138,1,20),(9139,1,20),(9140,1,20),(9141,1,20),(9142,1,20),(9143,1,20),(9144,1,20),(9145,1,20),(9146,1,20),(9147,1,20),(9148,1,20),(9149,1,20),(9150,1,20),(9151,1,20),(9152,1,20),(9153,1,20),(9154,1,20),(9155,1,20),(9156,1,20),(9157,1,20),(9158,1,20),(9159,1,20),(9160,1,20),(9161,1,20),(9162,1,20),(9163,1,20),(9164,1,20),(9165,1,20),(9166,1,20),(9167,1,20),(9168,1,20),(9169,1,20),(9170,1,20),(9171,1,20),(9172,1,20),(9173,1,20),(9174,1,20),(9175,1,20),(9176,1,20),(9177,1,20),(9178,1,20),(9179,1,20),(9180,1,20),(9181,1,20),(9182,1,20),(9183,1,20),(9184,1,20),(9185,1,20),(9186,1,20),(9187,1,20),(9188,1,20),(9189,1,20),(9190,1,20),(9191,1,20),(9192,1,20),(9193,1,20),(9194,1,20),(9195,1,20),(9196,1,20),(9197,1,20),(9198,1,20),(9199,1,20),(9200,1,20),(9201,1,20),(9202,1,20),(9203,1,20),(9204,1,20),(9205,1,20),(9206,1,20),(9207,1,20),(9208,1,20),(9209,1,20),(9210,1,20),(9211,1,20),(9212,1,20),(9213,1,20),(9214,1,20),(9215,1,20),(9216,1,20),(9217,1,20),(9218,1,20),(9219,1,20),(9220,1,20),(9221,1,20),(9222,1,20),(9223,1,20),(9224,1,20),(9225,1,20),(9226,1,20),(9227,1,20),(9228,1,20),(9229,1,20),(9230,1,20),(9231,1,20),(9232,1,20),(9233,1,20),(9234,1,20),(9235,1,20),(9236,1,20),(9237,1,20),(9238,1,20),(9239,1,20),(9240,1,20),(9241,1,20),(9242,1,20),(9243,1,20),(9244,1,20),(9245,1,20),(9246,1,20),(9247,1,20),(9248,1,20),(9249,1,20),(9250,1,20),(9251,1,20),(9252,1,20),(9253,1,20),(9254,1,20),(9255,1,20),(9256,1,20),(9257,1,20),(9258,1,20),(9259,1,20),(9260,1,20),(9261,1,20),(9262,1,20),(9263,1,20),(9264,1,20),(9265,1,20),(9266,1,20),(9267,1,20),(9268,1,20),(9269,1,20),(9270,1,20),(9271,1,20),(9272,1,20),(9273,1,20),(9274,1,20),(9275,1,20),(9276,1,20),(9277,1,20),(9278,1,20),(9279,1,20),(9280,1,20),(9281,1,20),(9282,1,20),(9283,1,20),(9284,1,20),(9285,1,20),(9286,1,20),(9287,1,20),(9288,1,20),(9289,1,20),(9290,1,20),(9291,1,20),(9292,1,20),(9293,1,20),(9294,1,20),(9295,1,20),(9296,1,20),(9297,1,20),(9298,1,20),(9299,1,20),(9300,1,20),(9301,1,20),(9302,1,20),(9303,1,20),(9304,1,20),(9305,1,20),(9306,1,20),(9307,1,20),(9308,1,20),(9309,1,20),(9310,1,20),(9311,1,20),(9312,1,20),(9313,1,20),(9314,1,20),(9315,1,20),(9316,1,20),(9317,1,20),(9318,1,20),(9319,1,20),(9320,1,20),(9321,1,20),(9322,1,20),(9323,1,20),(9324,1,20),(9325,1,20),(9326,1,20),(9327,1,20),(9328,1,20),(9329,1,20),(9330,1,20),(9331,1,20),(9332,1,20),(9333,1,20),(9334,1,20),(9335,1,20),(9336,1,20),(9337,1,20),(9338,1,20),(9339,1,20),(9340,1,20),(9341,1,20),(9342,1,20),(9343,1,20),(9344,1,20),(9345,1,20),(9346,1,20),(9347,1,20),(9348,1,20),(9349,1,20),(9350,1,20),(9351,1,20),(9352,1,20),(9353,1,20),(9354,1,20),(9355,1,20),(9356,1,20),(9357,1,20),(9358,1,20),(9359,1,20),(9360,1,20),(9361,1,20),(9362,1,20),(9363,1,20),(9364,1,20),(9365,1,20),(9366,1,20),(9367,1,20),(9368,1,20),(9369,1,20),(9370,1,20),(9371,1,20),(9372,1,20),(9373,1,20),(9374,1,20),(9375,1,20),(9376,1,20),(9377,1,20),(9378,1,20),(9379,1,20),(9380,1,20),(9381,1,20),(9382,1,20),(9383,1,20),(9384,1,20),(9385,1,20),(9386,1,20),(9387,1,20),(9388,1,20),(9389,1,20),(9390,1,20),(9391,1,20),(9392,1,20),(9393,1,20),(9394,1,20),(9395,1,20),(9396,1,20),(9397,1,20),(9398,1,20),(9399,1,20),(9400,1,20),(9401,1,20),(9402,1,20),(9403,1,20),(9404,1,20),(9405,1,20),(9406,1,20),(9407,1,20),(9408,1,20),(9409,1,20),(9410,1,20),(9411,1,20),(9412,1,20),(9413,1,20),(9414,1,20),(9415,1,20),(9416,1,20),(9417,1,20),(9418,1,20),(9419,1,20),(9420,1,20),(9421,1,20),(9422,1,20),(9423,1,20),(9424,1,20),(9425,1,20),(9426,1,20),(9427,1,20),(9428,1,20),(9429,1,20),(9430,1,20),(9431,1,20),(9432,1,20),(9433,1,20),(9434,1,20),(9435,1,20),(9436,1,20),(9437,1,20),(9438,1,20),(9439,1,20),(9440,1,20),(9441,1,20),(9442,1,20),(9443,1,20),(9444,1,20),(9445,1,20),(9446,1,20),(9447,1,20),(9448,1,20),(9449,1,20),(9450,1,20),(9451,1,20),(9452,1,20),(9453,1,20),(9454,1,20),(9455,1,20),(9456,1,20),(9457,1,20),(9458,1,20),(9459,1,20),(9460,1,20),(9461,1,20),(9462,1,20),(9463,1,20),(9464,1,20),(9465,1,20),(9466,1,20),(9467,1,20),(9468,1,20),(9469,1,20),(9470,1,20),(9471,1,20),(9472,1,20),(9473,1,20),(9474,1,20),(9475,1,20),(9476,1,20),(9477,1,20),(9478,1,20),(9479,1,20),(9480,1,20),(9481,1,20),(9482,1,20),(9483,1,20),(9484,1,20),(9485,1,20),(9486,1,20),(9487,1,20),(9488,1,20),(9489,1,20),(9490,1,20),(9491,1,20),(9492,1,20),(9493,1,20),(9494,1,20),(9495,1,20),(9496,1,20),(9497,1,20),(9498,1,20),(9499,1,20),(9500,1,20),(9501,1,20),(9502,1,20),(9503,1,20),(9504,1,20),(9505,1,20),(9506,1,20),(9507,1,20),(9508,1,20),(9509,1,20),(9510,1,20),(9511,1,20),(9512,1,20),(9513,1,20),(9514,1,20),(9515,1,20),(9516,1,20),(9517,1,20),(9518,1,20),(9519,1,20),(9520,1,20),(9521,1,20),(9522,1,20),(9523,1,20),(9524,1,20),(9525,1,20),(9526,1,20),(9527,1,20),(9528,1,20),(9529,1,20),(9530,1,20),(9531,1,20),(9532,1,20),(9533,1,20),(9534,1,20),(9535,1,20),(9536,1,20),(9537,1,20),(9538,1,20),(9539,1,20),(9540,1,20),(9541,1,20),(9542,1,20),(9543,1,20),(9544,1,20),(9545,1,20),(9546,1,20),(9547,1,20),(9548,1,20),(9549,1,20),(9550,1,20),(9551,1,20),(9552,1,20),(9553,1,20),(9554,1,20),(9555,1,20),(9556,1,20),(9557,1,20),(9558,1,20),(9559,1,20),(9560,1,20),(9561,1,20),(9562,1,20),(9563,1,20),(9564,1,20),(9565,1,20),(9566,1,20),(9567,1,20),(9568,1,20),(9569,1,20),(9570,1,20),(9571,1,20),(9572,1,20),(9573,1,20),(9574,1,20),(9575,1,20),(9576,1,20),(9577,1,20),(9578,1,20),(9579,1,20),(9580,1,20),(9581,1,20),(9582,1,20),(9583,1,20),(9584,1,20),(9585,1,20),(9586,1,20),(9587,1,20),(9588,1,20),(9589,1,20),(9590,1,20),(9591,1,20),(9592,1,20),(9593,1,20),(9594,1,20),(9595,1,20),(9596,1,20),(9597,1,20),(9598,1,20),(9599,1,20),(9600,1,20),(9601,1,20),(9602,1,20),(9603,1,20),(9604,1,20),(9605,1,20),(9606,1,20),(9607,1,20),(9608,1,20),(9609,1,20),(9610,1,20),(9611,1,20),(9612,1,20),(9613,1,20),(9614,1,20),(9615,1,20),(9616,1,20),(9617,1,20),(9618,1,20),(9619,1,20),(9620,1,20),(9621,1,20),(9622,1,20),(9623,1,20),(9624,1,20),(9625,1,20),(9626,1,20),(9627,1,20),(9628,1,20),(9629,1,20),(9630,1,20),(9631,1,20),(9632,1,20),(9633,1,20),(9634,1,20),(9635,1,20),(9636,1,20),(9637,1,20),(9638,1,20),(9639,1,20),(9640,1,20),(9641,1,20),(9642,1,20),(9643,1,20),(9644,1,20),(9645,1,20),(9646,1,20),(9647,1,20),(9648,1,20),(9649,1,20),(9650,1,20),(9651,1,20),(9652,1,20),(9653,1,20),(9654,1,20),(9655,1,20),(9656,1,20),(9657,1,20),(9658,1,20),(9659,1,20),(9660,1,20),(9661,1,20),(9662,1,20),(9663,1,20),(9664,1,20),(9665,1,20),(9666,1,20),(9667,1,20),(9668,1,20),(9669,1,20),(9670,1,20),(9671,1,20),(9672,1,20),(9673,1,20),(9674,1,20),(9675,1,20),(9676,1,20),(9677,1,20),(9678,1,20),(9679,1,20),(9680,1,20),(9681,1,20),(9682,1,20),(9683,1,20),(9684,1,20),(9685,1,20),(9686,1,20),(9687,1,20),(9688,1,20),(9689,1,20),(9690,1,20),(9691,1,20),(9692,1,20),(9693,1,20),(9694,1,20),(9695,1,20),(9696,1,20),(9697,1,20),(9698,1,20),(9699,1,20),(9700,1,20),(9701,1,20),(9702,1,20),(9703,1,20),(9704,1,20),(9705,1,20),(9706,1,20),(9707,1,20),(9708,1,20),(9709,1,20),(9710,1,20),(9711,1,20),(9712,1,20),(9713,1,20),(9714,1,20),(9715,1,20),(9716,1,20),(9717,1,20),(9718,1,20),(9719,1,20),(9720,1,20),(9721,1,20),(9722,1,20),(9723,1,20),(9724,1,20),(9725,1,20),(9726,1,20),(9727,1,20),(9728,1,20),(9729,1,20),(9730,1,20),(9731,1,20),(9732,1,20),(9733,1,20),(9734,1,20),(9735,1,20),(9736,1,20),(9737,1,20),(9738,1,20),(9739,1,20),(9740,1,20),(9741,1,20),(9742,1,20),(9743,1,20),(9744,1,20),(9745,1,20),(9746,1,20),(9747,1,20),(9748,1,20),(9749,1,20),(9750,1,20),(9751,1,20),(9752,1,20),(9753,1,20),(9754,1,20),(9755,1,20),(9756,1,20),(9757,1,20),(9758,1,20),(9759,1,20),(9760,1,20),(9761,1,20),(9762,1,20),(9763,1,20),(9764,1,20),(9765,1,20),(9766,1,20),(9767,1,20),(9768,1,20),(9769,1,20),(9770,1,20),(9771,1,20),(9772,1,20),(9773,1,20),(9774,1,20),(9775,1,20),(9776,1,20),(9777,1,20),(9778,1,20),(9779,1,20),(9780,1,20),(9781,1,20),(9782,1,20),(9783,1,20),(9784,1,20),(9785,1,20),(9786,1,20),(9787,1,20),(9788,1,20),(9789,1,20),(9790,1,20),(9791,1,20),(9792,1,20),(9793,1,20),(9794,1,20),(9795,1,20),(9796,1,20),(9797,1,20),(9798,1,20),(9799,1,20),(9800,1,20),(9801,1,20),(9802,1,20),(9803,1,20),(9804,1,20),(9805,1,20),(9806,1,20),(9807,1,20),(9808,1,20),(9809,1,20),(9810,1,20),(9811,1,20),(9812,1,20),(9813,1,20),(9814,1,20),(9815,1,20),(9816,1,20),(9817,1,20),(9818,1,20),(9819,1,20),(9820,1,20),(9821,1,20),(9822,1,20),(9823,1,20),(9824,1,20),(9825,1,20),(9826,1,20),(9827,1,20),(9828,1,20),(9829,1,20),(9830,1,20),(9831,1,20),(9832,1,20),(9833,1,20),(9834,1,20),(9835,1,20),(9836,1,20),(9837,1,20),(9838,1,20),(9839,1,20),(9840,1,20),(9841,1,20),(9842,1,20),(9843,1,20),(9844,1,20),(9845,1,20),(9846,1,20),(9847,1,20),(9848,1,20),(9849,1,20),(9850,1,20),(9851,1,20),(9852,1,20),(9853,1,20),(9854,1,20),(9855,1,20),(9856,1,20),(9857,1,20),(9858,1,20),(9859,1,20),(9860,1,20),(9861,1,20),(9862,1,20),(9863,1,20),(9864,1,20),(9865,1,20),(9866,1,20),(9867,1,20),(9868,1,20),(9869,1,20),(9870,1,20),(9871,1,20),(9872,1,20),(9873,1,20),(9874,1,20),(9875,1,20),(9876,1,20),(9877,1,20),(9878,1,20),(9879,1,20),(9880,1,20),(9881,1,20),(9882,1,20),(9883,1,20),(9884,1,20),(9885,1,20),(9886,1,20),(9887,1,20),(9888,1,20),(9889,1,20),(9890,1,20),(9891,1,20),(9892,1,20),(9893,1,20),(9894,1,20),(9895,1,20),(9896,1,20),(9897,1,20),(9898,1,20),(9899,1,20),(9900,1,20),(9901,1,20),(9902,1,20),(9903,1,20),(9904,1,20),(9905,1,20),(9906,1,20),(9907,1,20),(9908,1,20),(9909,1,20),(9910,1,20),(9911,1,20),(9912,1,20),(9913,1,20),(9914,1,20),(9915,1,20),(9916,1,20),(9917,1,20),(9918,1,20),(9919,1,20),(9920,1,20),(9921,1,20),(9922,1,20),(9923,1,20),(9924,1,20),(9925,1,20),(9926,1,20),(9927,1,20),(9928,1,20),(9929,1,20),(9930,1,20),(9931,1,20),(9932,1,20),(9933,1,20),(9934,1,20),(9935,1,20),(9936,1,20),(9937,1,20),(9938,1,20),(9939,1,20),(9940,1,20),(9941,1,20),(9942,1,20),(9943,1,20),(9944,1,20),(9945,1,20),(9946,1,20),(9947,1,20),(9948,1,20),(9949,1,20),(9950,1,20),(9951,1,20),(9952,1,20),(9953,1,20),(9954,1,20),(9955,1,20),(9956,1,20),(9957,1,20),(9958,1,20),(9959,1,20),(9960,1,20),(9961,1,20),(9962,1,20),(9963,1,20),(9964,1,20),(9965,1,20),(9966,1,20),(9967,1,20),(9968,1,20),(9969,1,20),(9970,1,20),(9971,1,20),(9972,1,20),(9973,1,20),(9974,1,20),(9975,1,20),(9976,1,20),(9977,1,20),(9978,1,20),(9979,1,20),(9980,1,20),(9981,1,20),(9982,1,20),(9983,1,20),(9984,1,20),(9985,1,20),(9986,1,20),(9987,1,20),(9988,1,20),(9989,1,20),(9990,1,20),(9991,1,20),(9992,1,20),(9993,1,20),(9994,1,20),(9995,1,20),(9996,1,20),(9997,1,20),(9998,1,20),(9999,1,20),(10000,1,20),(10001,1,20),(10002,1,20),(10003,1,20),(10004,1,20),(10005,1,20),(10006,1,20),(10007,1,20),(10008,1,20),(10009,1,20),(10010,1,20),(10011,1,20),(10012,1,20),(10013,1,20),(10014,1,20),(10015,1,20),(10016,1,20),(10017,1,20),(10018,1,20),(10019,1,20),(10020,1,20),(10021,1,20),(10022,1,20),(10023,1,20),(10024,1,20),(10025,1,20),(10026,1,20),(10027,1,20),(10028,1,20),(10029,1,20),(10030,1,20),(10031,1,20),(10032,1,20),(10033,1,20),(10034,1,20),(10035,1,20),(10036,1,20),(10037,1,20),(10038,1,20),(10039,1,20),(10040,1,20),(10041,1,20),(10042,1,20),(10043,1,20),(10044,1,20),(10045,1,20),(10046,1,20),(10047,1,20),(10048,1,20),(10049,1,20),(10050,1,20),(10051,1,20),(10052,1,20),(10053,1,20),(10054,1,20),(10055,1,20),(10056,1,20),(10057,1,20),(10058,1,20),(10059,1,20),(10060,1,20),(10061,1,20),(10062,1,20),(10063,1,20),(10064,1,20),(10065,1,20),(10066,1,20),(10067,1,20),(10068,1,20),(10069,1,20),(10070,1,20),(10071,1,20),(10072,1,20),(10073,1,20),(10074,1,20),(10075,1,20),(10076,1,20),(10077,1,20),(10078,1,20),(10079,1,20),(10080,1,20),(10081,1,20),(10082,1,20),(10083,1,20),(10084,1,20),(10085,1,20),(10086,1,20),(10087,1,20),(10088,1,20),(10089,1,20),(10090,1,20),(10091,1,20),(10092,1,20),(10093,1,20),(10094,1,20),(10095,1,20),(10096,1,20),(10097,1,20),(10098,1,20),(10099,1,20),(10100,1,20),(10101,1,20),(10102,1,20),(10103,1,20),(10104,1,20),(10105,1,20),(10106,1,20),(10107,1,20),(10108,1,20),(10109,1,20),(10110,1,20),(10111,1,20),(10112,1,20),(10113,1,20),(10114,1,20),(10115,1,20),(10116,1,20),(10117,1,20),(10118,1,20),(10119,1,20),(10120,1,20),(10121,1,20),(10122,1,20),(10123,1,20),(10124,1,20),(10125,1,20),(10126,1,20),(10127,1,20),(10128,1,20),(10129,1,20),(10130,1,20),(10131,1,20),(10132,1,20),(10133,1,20),(10134,1,20),(10135,1,20),(10136,1,20),(10137,1,20),(10138,1,21),(10139,1,21),(10140,1,21),(10141,1,21),(10142,1,21),(10143,1,21),(10144,1,21),(10145,1,21),(10146,1,21),(10147,1,21),(10148,1,21),(10149,1,21),(10150,1,21),(10151,1,21),(10152,1,21),(10153,1,21),(10154,1,21),(10155,1,21),(10156,1,21),(10157,1,21),(10158,1,21),(10159,1,21),(10160,1,21),(10161,1,21),(10162,1,21),(10163,1,21),(10164,1,21),(10165,1,21),(10166,1,21),(10167,1,21),(10168,1,21),(10169,1,21),(10170,1,21),(10171,1,21),(10172,1,21),(10173,1,21),(10174,1,21),(10175,1,21),(10176,1,21),(10177,1,21),(10178,1,21),(10179,1,21),(10180,1,21),(10181,1,21),(10182,1,21),(10183,1,21),(10184,1,21),(10185,1,21),(10186,1,21),(10187,1,21),(10188,1,21),(10189,1,21),(10190,1,21),(10191,1,21),(10192,1,21),(10193,1,21),(10194,1,21),(10195,1,21),(10196,1,21),(10197,1,21),(10198,1,21),(10199,1,21),(10200,1,21),(10201,1,21),(10202,1,21),(10203,1,21),(10204,1,21),(10205,1,21),(10206,1,21),(10207,1,21),(10208,1,21),(10209,1,21),(10210,1,21),(10211,1,21),(10212,1,21),(10213,1,21),(10214,1,21),(10215,1,21),(10216,1,21),(10217,1,21),(10218,1,21),(10219,1,21),(10220,1,21),(10221,1,21),(10222,1,21),(10223,1,21),(10224,1,21),(10225,1,21),(10226,1,21),(10227,1,21),(10228,1,21),(10229,1,21),(10230,1,21),(10231,1,21),(10232,1,21),(10233,1,21),(10234,1,21),(10235,1,21),(10236,1,21),(10237,1,21),(10238,1,21),(10239,1,21),(10240,1,21),(10241,1,21),(10242,1,21),(10243,1,21),(10244,1,21),(10245,1,21),(10246,1,21),(10247,1,21),(10248,1,21),(10249,1,21),(10250,1,21),(10251,1,21),(10252,1,21),(10253,1,21),(10254,1,21),(10255,1,21),(10256,1,21),(10257,1,21),(10258,1,21),(10259,1,21),(10260,1,21),(10261,1,21),(10262,1,21),(10263,1,21),(10264,1,21),(10265,1,21),(10266,1,21),(10267,1,21),(10268,1,21),(10269,1,21),(10270,1,21),(10271,1,21),(10272,1,21),(10273,1,21),(10274,1,21),(10275,1,21),(10276,1,21),(10277,1,21),(10278,1,21),(10279,1,21),(10280,1,21),(10281,1,21),(10282,1,21),(10283,1,21),(10284,1,21),(10285,1,21),(10286,1,21),(10287,1,21),(10288,1,21),(10289,1,21),(10290,1,21),(10291,1,21),(10292,1,21),(10293,1,21),(10294,1,21),(10295,1,21),(10296,1,21),(10297,1,21),(10298,1,21),(10299,1,21),(10300,1,21),(10301,1,21),(10302,1,21),(10303,1,21),(10304,1,21),(10305,1,21),(10306,1,21),(10307,1,21),(10308,1,21),(10309,1,21),(10310,1,21),(10311,1,21),(10312,1,21),(10313,1,21),(10314,1,21),(10315,1,21),(10316,1,21),(10317,1,21),(10318,1,21),(10319,1,21),(10320,1,21),(10321,1,21),(10322,1,21),(10323,1,21),(10324,1,21),(10325,1,21),(10326,1,21),(10327,1,21),(10328,1,21),(10329,1,21),(10330,1,21),(10331,1,21),(10332,1,21),(10333,1,21),(10334,1,21),(10335,1,21),(10336,1,21),(10337,1,21),(10338,1,21),(10339,1,21),(10340,1,21),(10341,1,21),(10342,1,21),(10343,1,21),(10344,1,21),(10345,1,21),(10346,1,21),(10347,1,21),(10348,1,21),(10349,1,21),(10350,1,21),(10351,1,21),(10352,1,21),(10353,1,21),(10354,1,21),(10355,1,21),(10356,1,21),(10357,1,21),(10358,1,21),(10359,1,21),(10360,1,21),(10361,1,21),(10362,1,21),(10363,1,21),(10364,1,21),(10365,1,21),(10366,1,21),(10367,1,21),(10368,1,21),(10369,1,21),(10370,1,21),(10371,1,21),(10372,1,21),(10373,1,21),(10374,1,21),(10375,1,21),(10376,1,21),(10377,1,21),(10378,1,21),(10379,1,21),(10380,1,21),(10381,1,21),(10382,1,21),(10383,1,21),(10384,1,21),(10385,1,21),(10386,1,21),(10387,1,21),(10388,1,21),(10389,1,21),(10390,1,21),(10391,1,21),(10392,1,21),(10393,1,21),(10394,1,21),(10395,1,21),(10396,1,21),(10397,1,21),(10398,1,21),(10399,1,21),(10400,1,21),(10401,1,21),(10402,1,21),(10403,1,21),(10404,1,21),(10405,1,21),(10406,1,21),(10407,1,21),(10408,1,21),(10409,1,21),(10410,1,21),(10411,1,21),(10412,1,21),(10413,1,21),(10414,1,21),(10415,1,21),(10416,1,21),(10417,1,21),(10418,1,21),(10419,1,21),(10420,1,21),(10421,1,21),(10422,1,21),(10423,1,21),(10424,1,21),(10425,1,21),(10426,1,21),(10427,1,21),(10428,1,21),(10429,1,21),(10430,1,21),(10431,1,21),(10432,1,21),(10433,1,21),(10434,1,21),(10435,1,21),(10436,1,21),(10437,1,21),(10438,1,21),(10439,1,21),(10440,1,21),(10441,1,21),(10442,1,21),(10443,1,21),(10444,1,21),(10445,1,21),(10446,1,21),(10447,1,21),(10448,1,21),(10449,1,21),(10450,1,21),(10451,1,21),(10452,1,21),(10453,1,21),(10454,1,21),(10455,1,21),(10456,1,21),(10457,1,21),(10458,1,21),(10459,1,21),(10460,1,21),(10461,1,21),(10462,1,21),(10463,1,21),(10464,1,21),(10465,1,21),(10466,1,21),(10467,1,21),(10468,1,21),(10469,1,21),(10470,1,21),(10471,1,21),(10472,1,21),(10473,1,21),(10474,1,21),(10475,1,21),(10476,1,21),(10477,1,21),(10478,1,21),(10479,1,21),(10480,1,21),(10481,1,21),(10482,1,21),(10483,1,21),(10484,1,21),(10485,1,21),(10486,1,21),(10487,1,21),(10488,1,21),(10489,1,21),(10490,1,21),(10491,1,21),(10492,1,21),(10493,1,21),(10494,1,21),(10495,1,21),(10496,1,21),(10497,1,21),(10498,1,21),(10499,1,21),(10500,1,21),(10501,1,21),(10502,1,21),(10503,1,21),(10504,1,21),(10505,1,21),(10506,1,21),(10507,1,21),(10508,1,21),(10509,1,21),(10510,1,21),(10511,1,21),(10512,1,21),(10513,1,21),(10514,1,21),(10515,1,21),(10516,1,21),(10517,1,21),(10518,1,21),(10519,1,21),(10520,1,21),(10521,1,21),(10522,1,21),(10523,1,21),(10524,1,21),(10525,1,21),(10526,1,21),(10527,1,21),(10528,1,21),(10529,1,21),(10530,1,21),(10531,1,21),(10532,1,21),(10533,1,21),(10534,1,21),(10535,1,21),(10536,1,21),(10537,1,21),(10538,1,21),(10539,1,21),(10540,1,21),(10541,1,21),(10542,1,21),(10543,1,21),(10544,1,21),(10545,1,21),(10546,1,21),(10547,1,21),(10548,1,21),(10549,1,21),(10550,1,21),(10551,1,21),(10552,1,21),(10553,1,21),(10554,1,21),(10555,1,21),(10556,1,21),(10557,1,21),(10558,1,21),(10559,1,21),(10560,1,21),(10561,1,21),(10562,1,21),(10563,1,21),(10564,1,21),(10565,1,21),(10566,1,21),(10567,1,21),(10568,1,21),(10569,1,21),(10570,1,21),(10571,1,21),(10572,1,21),(10573,1,21),(10574,1,21),(10575,1,21),(10576,1,21),(10577,1,21),(10578,1,21),(10579,1,21),(10580,1,21),(10581,1,21),(10582,1,21),(10583,1,21),(10584,1,21),(10585,1,21),(10586,1,21),(10587,1,21),(10588,1,21),(10589,1,21),(10590,1,21),(10591,1,21),(10592,1,21),(10593,1,21),(10594,1,21),(10595,1,21),(10596,1,21),(10597,1,21),(10598,1,21),(10599,1,21),(10600,1,21),(10601,1,21),(10602,1,21),(10603,1,21),(10604,1,21),(10605,1,21),(10606,1,21),(10607,1,21),(10608,1,21),(10609,1,21),(10610,1,21),(10611,1,21),(10612,1,21),(10613,1,21),(10614,1,21),(10615,1,21),(10616,1,21),(10617,1,21),(10618,1,21),(10619,1,21),(10620,1,21),(10621,1,21),(10622,1,21),(10623,1,21),(10624,1,21),(10625,1,21),(10626,1,21),(10627,1,21),(10628,1,21),(10629,1,21),(10630,1,21),(10631,1,21),(10632,1,21),(10633,1,21),(10634,1,21),(10635,1,21),(10636,1,21),(10637,1,21),(10638,1,21),(10639,1,21),(10640,1,21),(10641,1,21),(10642,1,21),(10643,1,21),(10644,1,21),(10645,1,21),(10646,1,21),(10647,1,21),(10648,1,21),(10649,1,21),(10650,1,21),(10651,1,21),(10652,1,21),(10653,1,21),(10654,1,21),(10655,1,21),(10656,1,21),(10657,1,21),(10658,1,21),(10659,1,21),(10660,1,21),(10661,1,21),(10662,1,21),(10663,1,21),(10664,1,21),(10665,1,21),(10666,1,21),(10667,1,21),(10668,1,21),(10669,1,21),(10670,1,21),(10671,1,21),(10672,1,21),(10673,1,21),(10674,1,21),(10675,1,21),(10676,1,21),(10677,1,21),(10678,1,21),(10679,1,21),(10680,1,21),(10681,1,21),(10682,1,21),(10683,1,21),(10684,1,21),(10685,1,21),(10686,1,21),(10687,1,21),(10688,1,21),(10689,1,21),(10690,1,21),(10691,1,21),(10692,1,21),(10693,1,21),(10694,1,21),(10695,1,21),(10696,1,21),(10697,1,21),(10698,1,21),(10699,1,21),(10700,1,21),(10701,1,21),(10702,1,21),(10703,1,21),(10704,1,21),(10705,1,21),(10706,1,21),(10707,1,21),(10708,1,21),(10709,1,21),(10710,1,21),(10711,1,21),(10712,1,21),(10713,1,21),(10714,1,21),(10715,1,21),(10716,1,21),(10717,1,21),(10718,1,21),(10719,1,21),(10720,1,21),(10721,1,21),(10722,1,21),(10723,1,21),(10724,1,21),(10725,1,21),(10726,1,21),(10727,1,21),(10728,1,21),(10729,1,21),(10730,1,21),(10731,1,21),(10732,1,21),(10733,1,21),(10734,1,21),(10735,1,21),(10736,1,21),(10737,1,21),(10738,1,21),(10739,1,21),(10740,1,21),(10741,1,21),(10742,1,21),(10743,1,21),(10744,1,21),(10745,1,21),(10746,1,21),(10747,1,21),(10748,1,21),(10749,1,21),(10750,1,21),(10751,1,21),(10752,1,21),(10753,1,21),(10754,1,21),(10755,1,21),(10756,1,21),(10757,1,21),(10758,1,21),(10759,1,21),(10760,1,21),(10761,1,21),(10762,1,21),(10763,1,21),(10764,1,21),(10765,1,21),(10766,1,21),(10767,1,21),(10768,1,21),(10769,1,21),(10770,1,21),(10771,1,21),(10772,1,21),(10773,1,21),(10774,1,21),(10775,1,21),(10776,1,21),(10777,1,21),(10778,1,21),(10779,1,21),(10780,1,21),(10781,1,21),(10782,1,21),(10783,1,21),(10784,1,21),(10785,1,21),(10786,1,21),(10787,1,21),(10788,1,21),(10789,1,21),(10790,1,21),(10791,1,21),(10792,1,21),(10793,1,21),(10794,1,21),(10795,1,21),(10796,1,21),(10797,1,21),(10798,1,21),(10799,1,21),(10800,1,21),(10801,1,21),(10802,1,21),(10803,1,21),(10804,1,21),(10805,1,21),(10806,1,21),(10807,1,21),(10808,1,21),(10809,1,21),(10810,1,21),(10811,1,21),(10812,1,21),(10813,1,21),(10814,1,21),(10815,1,21),(10816,1,21),(10817,1,21),(10818,1,21),(10819,1,21),(10820,1,21),(10821,1,21),(10822,1,21),(10823,1,21),(10824,1,21),(10825,1,21),(10826,1,21),(10827,1,21),(10828,1,21),(10829,1,21),(10830,1,21),(10831,1,21),(10832,1,21),(10833,1,21),(10834,1,21),(10835,1,21),(10836,1,21),(10837,1,21),(10838,1,21),(10839,1,21),(10840,1,21),(10841,1,21),(10842,1,21),(10843,1,21),(10844,1,21),(10845,1,21),(10846,1,21),(10847,1,21),(10848,1,21),(10849,1,21),(10850,1,21),(10851,1,21),(10852,1,21),(10853,1,21),(10854,1,21),(10855,1,21),(10856,1,21),(10857,1,21),(10858,1,21),(10859,1,21),(10860,1,21),(10861,1,21),(10862,1,21),(10863,1,21),(10864,1,21),(10865,1,21),(10866,1,21),(10867,1,21),(10868,1,21),(10869,1,21),(10870,1,21),(10871,1,21),(10872,1,21),(10873,1,21),(10874,1,21),(10875,1,21),(10876,1,21),(10877,1,21),(10878,1,21),(10879,1,21),(10880,1,21),(10881,1,21),(10882,1,21),(10883,1,21),(10884,1,21),(10885,1,21),(10886,1,21),(10887,1,21),(10888,1,21),(10889,1,21),(10890,1,21),(10891,1,21),(10892,1,21),(10893,1,21),(10894,1,21),(10895,1,21),(10896,1,21),(10897,1,21),(10898,1,21),(10899,1,21),(10900,1,21),(10901,1,21),(10902,1,21),(10903,1,21),(10904,1,21),(10905,1,21),(10906,1,21),(10907,1,21),(10908,1,21),(10909,1,21),(10910,1,21),(10911,1,21),(10912,1,21),(10913,1,21),(10914,1,21),(10915,1,21),(10916,1,21),(10917,1,21),(10918,1,21),(10919,1,21),(10920,1,21),(10921,1,21),(10922,1,21),(10923,1,21),(10924,1,21),(10925,1,21),(10926,1,21),(10927,1,21),(10928,1,21),(10929,1,21),(10930,1,21),(10931,1,21),(10932,1,21),(10933,1,21),(10934,1,21),(10935,1,21),(10936,1,21),(10937,1,21),(10938,1,21),(10939,1,21),(10940,1,21),(10941,1,21),(10942,1,21),(10943,1,21),(10944,1,21),(10945,1,21),(10946,1,21),(10947,1,21),(10948,1,21),(10949,1,21),(10950,1,21),(10951,1,21),(10952,1,21),(10953,1,21),(10954,1,21),(10955,1,21),(10956,1,21),(10957,1,21),(10958,1,21),(10959,1,21),(10960,1,21),(10961,1,21),(10962,1,21),(10963,1,21),(10964,1,21),(10965,1,21),(10966,1,21),(10967,1,21),(10968,1,21),(10969,1,21),(10970,1,21),(10971,1,21),(10972,1,21),(10973,1,21),(10974,1,21),(10975,1,21),(10976,1,21),(10977,1,21),(10978,1,21),(10979,1,21),(10980,1,21),(10981,1,21),(10982,1,21),(10983,1,21),(10984,1,21),(10985,1,21),(10986,1,21),(10987,1,21),(10988,1,21),(10989,1,21),(10990,1,21),(10991,1,21),(10992,1,21),(10993,1,21),(10994,1,21),(10995,1,21),(10996,1,21),(10997,1,21),(10998,1,21),(10999,1,21),(11000,1,21),(11001,1,21),(11002,1,21),(11003,1,21),(11004,1,21),(11005,1,21),(11006,1,21),(11007,1,21),(11008,1,21),(11009,1,21),(11010,1,21),(11011,1,21),(11012,1,21),(11013,1,21),(11014,1,21),(11015,1,21),(11016,1,21),(11017,1,21),(11018,1,21),(11019,1,21),(11020,1,21),(11021,1,21),(11022,1,21),(11023,1,21),(11024,1,21),(11025,1,21),(11026,1,21),(11027,1,21),(11028,1,21),(11029,1,21),(11030,1,21),(11031,1,21),(11032,1,21),(11033,1,21),(11034,1,21),(11035,1,21),(11036,1,21),(11037,1,21),(11038,1,21),(11039,1,21),(11040,1,21),(11041,1,21),(11042,1,21),(11043,1,21),(11044,1,21),(11045,1,21),(11046,1,21),(11047,1,21),(11048,1,21),(11049,1,21),(11050,1,21),(11051,1,21),(11052,1,21),(11053,1,21),(11054,1,21),(11055,1,21),(11056,1,21),(11057,1,21),(11058,1,21),(11059,1,21),(11060,1,21),(11061,1,21),(11062,1,21),(11063,1,21),(11064,1,21),(11065,1,21),(11066,1,21),(11067,1,21),(11068,1,21),(11069,1,21),(11070,1,21),(11071,1,21),(11072,1,21),(11073,1,21),(11074,1,21),(11075,1,21),(11076,1,21),(11077,1,21),(11078,1,21),(11079,1,21),(11080,1,21),(11081,1,21),(11082,1,21),(11083,1,21),(11084,1,21),(11085,1,21),(11086,1,21),(11087,1,21),(11088,1,21),(11089,1,21),(11090,1,21),(11091,1,21),(11092,1,21),(11093,1,21),(11094,1,21),(11095,1,21),(11096,1,21),(11097,1,21),(11098,1,21),(11099,1,21),(11100,1,21),(11101,1,21),(11102,1,21),(11103,1,21),(11104,1,21),(11105,1,21),(11106,1,21),(11107,1,21),(11108,1,21),(11109,1,21),(11110,1,21),(11111,1,21),(11112,1,21),(11113,1,21),(11114,1,21),(11115,1,21),(11116,1,21),(11117,1,21),(11118,1,21),(11119,1,21),(11120,1,21),(11121,1,21),(11122,1,21),(11123,1,21),(11124,1,21),(11125,1,21),(11126,1,21),(11127,1,21),(11128,1,21),(11129,1,21),(11130,1,21),(11131,1,21),(11132,1,21),(11133,1,21),(11134,1,21),(11135,1,21),(11136,1,21),(11137,1,21),(11138,1,21),(11139,1,21),(11140,1,21),(11141,1,21),(11142,1,21),(11143,1,21),(11144,1,21),(11145,1,21),(11146,1,21),(11147,1,21),(11148,1,21),(11149,1,21),(11150,1,21),(11151,1,21),(11152,1,21),(11153,1,21),(11154,1,21),(11155,1,21),(11156,1,21),(11157,1,21),(11158,1,21),(11159,1,21),(11160,1,21),(11161,1,21),(11162,1,21),(11163,1,21),(11164,1,21),(11165,1,21),(11166,1,21),(11167,1,21),(11168,1,21),(11169,1,21),(11170,1,21),(11171,1,21),(11172,1,21),(11173,1,21),(11174,1,21),(11175,1,21),(11176,1,21),(11177,1,21),(11178,1,21),(11179,1,21),(11180,1,21),(11181,1,21),(11182,1,21),(11183,1,21),(11184,1,21),(11185,1,21),(11186,1,21),(11187,1,21),(11188,1,21),(11189,1,21),(11190,1,21),(11191,1,21),(11192,1,21),(11193,1,21),(11194,1,21),(11195,1,21),(11196,1,21),(11197,1,21),(11198,1,21),(11199,1,21),(11200,1,21),(11201,1,21),(11202,1,21),(11203,1,21),(11204,1,21),(11205,1,21),(11206,1,21),(11207,1,21),(11208,1,21),(11209,1,21),(11210,1,21),(11211,1,21),(11212,1,21),(11213,1,21),(11214,1,21),(11215,1,21),(11216,1,21),(11217,1,21),(11218,1,21),(11219,1,21),(11220,1,21),(11221,1,21),(11222,1,21),(11223,1,21),(11224,1,21),(11225,1,21),(11226,1,21),(11227,1,21),(11228,1,21),(11229,1,21),(11230,1,21),(11231,1,21),(11232,1,21),(11233,1,21),(11234,1,21),(11235,1,21),(11236,1,21),(11237,1,21),(11238,1,21),(11239,1,21),(11240,1,21),(11241,1,21),(11242,1,21),(11243,1,21),(11244,1,21),(11245,1,21),(11246,1,21),(11247,1,21),(11248,1,21),(11249,1,21),(11250,1,21),(11251,1,21),(11252,1,21),(11253,1,21),(11254,1,21),(11255,1,21),(11256,1,21),(11257,1,21),(11258,1,21),(11259,1,21),(11260,1,21),(11261,1,21),(11262,1,21),(11263,1,21),(11264,1,21),(11265,1,21),(11266,1,21),(11267,1,21),(11268,1,21),(11269,1,21),(11270,1,21),(11271,1,21),(11272,1,21),(11273,1,21),(11274,1,21),(11275,1,21),(11276,1,21),(11277,1,21),(11278,1,21),(11279,1,21),(11280,1,21),(11281,1,21),(11282,1,21),(11283,1,21),(11284,1,21),(11285,1,21),(11286,1,21),(11287,1,21),(11288,1,21),(11289,1,21),(11290,1,21),(11291,1,21),(11292,1,21),(11293,1,21),(11294,1,21),(11295,1,21),(11296,1,21),(11297,1,21),(11298,1,21),(11299,1,21),(11300,1,21),(11301,1,21),(11302,1,21),(11303,1,21),(11304,1,21),(11305,1,21),(11306,1,21),(11307,1,21),(11308,1,21),(11309,1,21),(11310,1,21),(11311,1,21),(11312,1,21),(11313,1,21),(11314,1,21),(11315,1,21),(11316,1,21),(11317,1,21),(11318,1,21),(11319,1,21),(11320,1,21),(11321,1,21),(11322,1,21),(11323,1,21),(11324,1,21),(11325,1,21),(11326,1,21),(11327,1,21),(11328,1,21),(11329,1,21),(11330,1,21),(11331,1,21),(11332,1,21),(11333,1,21),(11334,1,21),(11335,1,21),(11336,1,21),(11337,1,21),(11338,1,21),(11339,1,21),(11340,1,21),(11341,1,21),(11342,1,21),(11343,1,21),(11344,1,21),(11345,1,21),(11346,1,21),(11347,1,21),(11348,1,21),(11349,1,21),(11350,1,21),(11351,1,21),(11352,1,21),(11353,1,21),(11354,1,21),(11355,1,21),(11356,1,21),(11357,1,21),(11358,1,21),(11359,1,21),(11360,1,21),(11361,1,21),(11362,1,21),(11363,1,21),(11364,1,21),(11365,1,21),(11366,1,21),(11367,1,21),(11368,1,21),(11369,1,21),(11370,1,21),(11371,1,21),(11372,1,21),(11373,1,21),(11374,1,21),(11375,1,21),(11376,1,21),(11377,1,21),(11378,1,21),(11379,1,21),(11380,1,21),(11381,1,21),(11382,1,21),(11383,1,21),(11384,1,21),(11385,1,21),(11386,1,21),(11387,1,21),(11388,1,21),(11389,1,21),(11390,1,21),(11391,1,21),(11392,1,21),(11393,1,21),(11394,1,21),(11395,1,21),(11396,1,21),(11397,1,21),(11398,1,21),(11399,1,21),(11400,1,21),(11401,1,21),(11402,1,21),(11403,1,21),(11404,1,21),(11405,1,21),(11406,1,21),(11407,1,21),(11408,1,21),(11409,1,21),(11410,1,21),(11411,1,21),(11412,1,21),(11413,1,21),(11414,1,21),(11415,1,21),(11416,1,21),(11417,1,21),(11418,1,21),(11419,1,21),(11420,1,21),(11421,1,21),(11422,1,21),(11423,1,21),(11424,1,21),(11425,1,21),(11426,1,21),(11427,1,21),(11428,1,21),(11429,1,21),(11430,1,21),(11431,1,21),(11432,1,21),(11433,1,21),(11434,1,21),(11435,1,21),(11436,1,21),(11437,1,21),(11438,1,21),(11439,1,21),(11440,1,21),(11441,1,21),(11442,1,21),(11443,1,21),(11444,1,21),(11445,1,21),(11446,1,21),(11447,1,21),(11448,1,21),(11449,1,21),(11450,1,21),(11451,1,21),(11452,1,21),(11453,1,21),(11454,1,21),(11455,1,21),(11456,1,21),(11457,1,21),(11458,1,21),(11459,1,21),(11460,1,21),(11461,1,21),(11462,1,21),(11463,1,21),(11464,1,21),(11465,1,21),(11466,1,21),(11467,1,21),(11468,1,21),(11469,1,21),(11470,1,21),(11471,1,21),(11472,1,21),(11473,1,21),(11474,1,21),(11475,1,21),(11476,1,21),(11477,1,21),(11478,1,21),(11479,1,21),(11480,1,21),(11481,1,21),(11482,1,21),(11483,1,21),(11484,1,21),(11485,1,21),(11486,1,21),(11487,1,21),(11488,1,21),(11489,1,21),(11490,1,21),(11491,1,21),(11492,1,21),(11493,1,21),(11494,1,21),(11495,1,21),(11496,1,21),(11497,1,21),(11498,1,21),(11499,1,21),(11500,1,21),(11501,1,21),(11502,1,21),(11503,1,21),(11504,1,21),(11505,1,21),(11506,1,21),(11507,1,21),(11508,1,21),(11509,1,21),(11510,1,21),(11511,1,21),(11512,1,21),(11513,1,21),(11514,1,21),(11515,1,21),(11516,1,21),(11517,1,21),(11518,1,21),(11519,1,21),(11520,1,21),(11521,1,21),(11522,1,21),(11523,1,21),(11524,1,21),(11525,1,21),(11526,1,21),(11527,1,21),(11528,1,21),(11529,1,21),(11530,1,21),(11531,1,21),(11532,1,21),(11533,1,21),(11534,1,21),(11535,1,21),(11536,1,21),(11537,1,21),(11538,1,21),(11539,1,21),(11540,1,21),(11541,1,21),(11542,1,21),(11543,1,21),(11544,1,21),(11545,1,21),(11546,1,21),(11547,1,21),(11548,1,21),(11549,1,21),(11550,1,21),(11551,1,21),(11552,1,21),(11553,1,21),(11554,1,21),(11555,1,21),(11556,1,21),(11557,1,21),(11558,1,21),(11559,1,21),(11560,1,21),(11561,1,21),(11562,1,21),(11563,1,21),(11564,1,21),(11565,1,21),(11566,1,21),(11567,1,21),(11568,1,21),(11569,1,21),(11570,1,21),(11571,1,21),(11572,1,21),(11573,1,21),(11574,1,21),(11575,1,21),(11576,1,21),(11577,1,21),(11578,1,21),(11579,1,21),(11580,1,21),(11581,1,21),(11582,1,21),(11583,1,21),(11584,1,21),(11585,1,21),(11586,1,21),(11587,1,21),(11588,1,21),(11589,1,21),(11590,1,21),(11591,1,21),(11592,1,21),(11593,1,21),(11594,1,21),(11595,1,21),(11596,1,21),(11597,1,21),(11598,1,21),(11599,1,21),(11600,1,21),(11601,1,21),(11602,1,21),(11603,1,21),(11604,1,21),(11605,1,21),(11606,1,21),(11607,1,21),(11608,1,21),(11609,1,21),(11610,1,21),(11611,1,21),(11612,1,21),(11613,1,21),(11614,1,21),(11615,1,21),(11616,1,21),(11617,1,21),(11618,1,21),(11619,1,21),(11620,1,21),(11621,1,21),(11622,1,21),(11623,1,21),(11624,1,21),(11625,1,21),(11626,1,21),(11627,1,21),(11628,1,21),(11629,1,21),(11630,1,21),(11631,1,21),(11632,1,21),(11633,1,21),(11634,1,21),(11635,1,21),(11636,1,21),(11637,1,21),(11638,1,21),(11639,1,21),(11640,1,21),(11641,1,21),(11642,1,21),(11643,1,21),(11644,1,21),(11645,1,21),(11646,1,21),(11647,1,21),(11648,1,21),(11649,1,21),(11650,1,21),(11651,1,21),(11652,1,21),(11653,1,21),(11654,1,21),(11655,1,21),(11656,1,21),(11657,1,21),(11658,1,21),(11659,1,21),(11660,1,21),(11661,1,21),(11662,1,21),(11663,1,21),(11664,1,21),(11665,1,21),(11666,1,21),(11667,1,21),(11668,1,21),(11669,1,21),(11670,1,21),(11671,1,21),(11672,1,21),(11673,1,21),(11674,1,21),(11675,1,21),(11676,1,21),(11677,1,21),(11678,1,21),(11679,1,21),(11680,1,21),(11681,1,21),(11682,1,21),(11683,1,21),(11684,1,21),(11685,1,21),(11686,1,21),(11687,1,21),(11688,1,21),(11689,1,21),(11690,1,21),(11691,1,21),(11692,1,21),(11693,1,21),(11694,1,21),(11695,1,21),(11696,1,21),(11697,1,21),(11698,1,21),(11699,1,21),(11700,1,21),(11701,1,21),(11702,1,21),(11703,1,21),(11704,1,21),(11705,1,21),(11706,1,21),(11707,1,21),(11708,1,21),(11709,1,21),(11710,1,21),(11711,1,21),(11712,1,21),(11713,1,21),(11714,1,21),(11715,1,21),(11716,1,21),(11717,1,21),(11718,1,21),(11719,1,21),(11720,1,21),(11721,1,21),(11722,1,21),(11723,1,21),(11724,1,21),(11725,1,21),(11726,1,21),(11727,1,21),(11728,1,21),(11729,1,21),(11730,1,21),(11731,1,21),(11732,1,21),(11733,1,21),(11734,1,21),(11735,1,21),(11736,1,21),(11737,1,21),(11738,1,21),(11739,1,21),(11740,1,21),(11741,1,21),(11742,1,21),(11743,1,21),(11744,1,21),(11745,1,21),(11746,1,21),(11747,1,21),(11748,1,21),(11749,1,21),(11750,1,21),(11751,1,21),(11752,1,21),(11753,1,21),(11754,1,21),(11755,1,21),(11756,1,21),(11757,1,21),(11758,1,21),(11759,1,21),(11760,1,21),(11761,1,21),(11762,1,21),(11763,1,21),(11764,1,21),(11765,1,21),(11766,1,21),(11767,1,21),(11768,1,21),(11769,1,21),(11770,1,21),(11771,1,21),(11772,1,21),(11773,1,21),(11774,1,21),(11775,1,21),(11776,1,21),(11777,1,21),(11778,1,21),(11779,1,21),(11780,1,21),(11781,1,21),(11782,1,21),(11783,1,21),(11784,1,21),(11785,1,21),(11786,1,21),(11787,1,21),(11788,1,21),(11789,1,21),(11790,1,21),(11791,1,21),(11792,1,21),(11793,1,21),(11794,1,21),(11795,1,21),(11796,1,21),(11797,1,21),(11798,1,21),(11799,1,21),(11800,1,21),(11801,1,21),(11802,1,21),(11803,1,21),(11804,1,21),(11805,1,21),(11806,1,21),(11807,1,21),(11808,1,21),(11809,1,21),(11810,1,21),(11811,1,21),(11812,1,21),(11813,1,21),(11814,1,21),(11815,1,21),(11816,1,21),(11817,1,21),(11818,1,21),(11819,1,21),(11820,1,21),(11821,1,21),(11822,1,21),(11823,1,21),(11824,1,21),(11825,1,21),(11826,1,21),(11827,1,21),(11828,1,21),(11829,1,21),(11830,1,21),(11831,1,21),(11832,1,21),(11833,1,21),(11834,1,21),(11835,1,21),(11836,1,21),(11837,1,21),(11838,1,21),(11839,1,21),(11840,1,21),(11841,1,21),(11842,1,21),(11843,1,21),(11844,1,21),(11845,1,21),(11846,1,21),(11847,1,21),(11848,1,21),(11849,1,21),(11850,1,21),(11851,1,21),(11852,1,21),(11853,1,21),(11854,1,21),(11855,1,21),(11856,1,21),(11857,1,22),(11858,1,22),(11859,1,22),(11860,1,22),(11861,1,22),(11862,1,22),(11863,1,22),(11864,1,22),(11865,1,22),(11866,1,22),(11867,1,22),(11868,1,22),(11869,1,22),(11870,1,22),(11871,1,22),(11872,1,22),(11873,1,22),(11874,1,22),(11875,1,22),(11876,1,22),(11877,1,22),(11878,1,22),(11879,1,22),(11880,1,22),(11881,1,22),(11882,1,22),(11883,1,22),(11884,1,22),(11885,1,22),(11886,1,22),(11887,1,22),(11888,1,22),(11889,1,22),(11890,1,22),(11891,1,22),(11892,1,22),(11893,1,22),(11894,1,22),(11895,1,22),(11896,1,22),(11897,1,22),(11898,1,22),(11899,1,22),(11900,1,22),(11901,1,22),(11902,1,22),(11903,1,22),(11904,1,22),(11905,1,22),(11906,1,22),(11907,1,22),(11908,1,22),(11909,1,22),(11910,1,22),(11911,1,22),(11912,1,22),(11913,1,22),(11914,1,22),(11915,1,22),(11916,1,22),(11917,1,22),(11918,1,22),(11919,1,22),(11920,1,22),(11921,1,22),(11922,1,22),(11923,1,22),(11924,1,22),(11925,1,22),(11926,1,22),(11927,1,22),(11928,1,22),(11929,1,22),(11930,1,22),(11931,1,22),(11932,1,22),(11933,1,22),(11934,1,22),(11935,1,22),(11936,1,22),(11937,1,22),(11938,1,22),(11939,1,22),(11940,1,22),(11941,1,22),(11942,1,22),(11943,1,22),(11944,1,22),(11945,1,22),(11946,1,22),(11947,1,22),(11948,1,22),(11949,1,22),(11950,1,22),(11951,1,22),(11952,1,22),(11953,1,22),(11954,1,22),(11955,1,22),(11956,1,22),(11957,1,22),(11958,1,22),(11959,1,22),(11960,1,22),(11961,1,22),(11962,1,22),(11963,1,22),(11964,1,22),(11965,1,22),(11966,1,22),(11967,1,22),(11968,1,22),(11969,1,22),(11970,1,22),(11971,1,22),(11972,1,22),(11973,1,22),(11974,1,22),(11975,1,22),(11976,1,22),(11977,1,22),(11978,1,22),(11979,1,22),(11980,1,22),(11981,1,22),(11982,1,22),(11983,1,22),(11984,1,22),(11985,1,22),(11986,1,22),(11987,1,22),(11988,1,22),(11989,1,22),(11990,1,22),(11991,1,22),(11992,1,22),(11993,1,22),(11994,1,22),(11995,1,22),(11996,1,22),(11997,1,22),(11998,1,22),(11999,1,22),(12000,1,22),(12001,1,22),(12002,1,22),(12003,1,22),(12004,1,22),(12005,1,22),(12006,1,22),(12007,1,22),(12008,1,22),(12009,1,22),(12010,1,22),(12011,1,22),(12012,1,22),(12013,1,22),(12014,1,22),(12015,1,22),(12016,1,22),(12017,1,22),(12018,1,22),(12019,1,22),(12020,1,22),(12021,1,22),(12022,1,22),(12023,1,22),(12024,1,22),(12025,1,22),(12026,1,22),(12027,1,22),(12028,1,22),(12029,1,22),(12030,1,22),(12031,1,22),(12032,1,22),(12033,1,22),(12034,1,22),(12035,1,22),(12036,1,22),(12037,1,22),(12038,1,22),(12039,1,22),(12040,1,22),(12041,1,22),(12042,1,22),(12043,1,22),(12044,1,22),(12045,1,22),(12046,1,22),(12047,1,22),(12048,1,22),(12049,1,22),(12050,1,22),(12051,1,22),(12052,1,22),(12053,1,22),(12054,1,22),(12055,1,22),(12056,1,22),(12057,1,22),(12058,1,22),(12059,1,22),(12060,1,22),(12061,1,22),(12062,1,22),(12063,1,22),(12064,1,22),(12065,1,22),(12066,1,22),(12067,1,22),(12068,1,22),(12069,1,22),(12070,1,22),(12071,1,22),(12072,1,22),(12073,1,22),(12074,1,22),(12075,1,22),(12076,1,22),(12077,1,22),(12078,1,22),(12079,1,22),(12080,1,22),(12081,1,22),(12082,1,22),(12083,1,22),(12084,1,22),(12085,1,22),(12086,1,22),(12087,1,22),(12088,1,22),(12089,1,22),(12090,1,22),(12091,1,22),(12092,1,22),(12093,1,22),(12094,1,22),(12095,1,22),(12096,1,22),(12097,1,22),(12098,1,22),(12099,1,22),(12100,1,22),(12101,1,22),(12102,1,22),(12103,1,22),(12104,1,22),(12105,1,22),(12106,1,22),(12107,1,22),(12108,1,22),(12109,1,22),(12110,1,22),(12111,1,22),(12112,1,22),(12113,1,22),(12114,1,22),(12115,1,22),(12116,1,22),(12117,1,22),(12118,1,22),(12119,1,22),(12120,1,22),(12121,1,22),(12122,1,22),(12123,1,22),(12124,1,22),(12125,1,22),(12126,1,22),(12127,1,22),(12128,1,22),(12129,1,22),(12130,1,22),(12131,1,22),(12132,1,22),(12133,1,22),(12134,1,22),(12135,1,22),(12136,1,22),(12137,1,22),(12138,1,22),(12139,1,22),(12140,1,22),(12141,1,22),(12142,1,22),(12143,1,22),(12144,1,22),(12145,1,22),(12146,1,22),(12147,1,22),(12148,1,22),(12149,1,22),(12150,1,22),(12151,1,22),(12152,1,22),(12153,1,22),(12154,1,22),(12155,1,22),(12156,1,22),(12157,1,22),(12158,1,22),(12159,1,22),(12160,1,22),(12161,1,22),(12162,1,22),(12163,1,22),(12164,1,22),(12165,1,22),(12166,1,22),(12167,1,22),(12168,1,22),(12169,1,22),(12170,1,22),(12171,1,22),(12172,1,22),(12173,1,22),(12174,1,22),(12175,1,22),(12176,1,22),(12177,1,22),(12178,1,22),(12179,1,22),(12180,1,22),(12181,1,22),(12182,1,22),(12183,1,22),(12184,1,22),(12185,1,22),(12186,1,22),(12187,1,22),(12188,1,22),(12189,1,22),(12190,1,22),(12191,1,22),(12192,1,22),(12193,1,22),(12194,1,22),(12195,1,22),(12196,1,22),(12197,1,22),(12198,1,22),(12199,1,22),(12200,1,22),(12201,1,22),(12202,1,22),(12203,1,22),(12204,1,22),(12205,1,22),(12206,1,22),(12207,1,22),(12208,1,22),(12209,1,22),(12210,1,22),(12211,1,22),(12212,1,22),(12213,1,22),(12214,1,22),(12215,1,22),(12216,1,22),(12217,1,22),(12218,1,22),(12219,1,22),(12220,1,22),(12221,1,22),(12222,1,22),(12223,1,22),(12224,1,22),(12225,1,22),(12226,1,22),(12227,1,22),(12228,1,22),(12229,1,22),(12230,1,22),(12231,1,22),(12232,1,22),(12233,1,22),(12234,1,22),(12235,1,22),(12236,1,22),(12237,1,22),(12238,1,22),(12239,1,22),(12240,1,22),(12241,1,22),(12242,1,22),(12243,1,22),(12244,1,22),(12245,1,22),(12246,1,22),(12247,1,22),(12248,1,22),(12249,1,22),(12250,1,22),(12251,1,22),(12252,1,22),(12253,1,22),(12254,1,22),(12255,1,22),(12256,1,22),(12257,1,22),(12258,1,22),(12259,1,22),(12260,1,22),(12261,1,22),(12262,1,22),(12263,1,22),(12264,1,22),(12265,1,22),(12266,1,22),(12267,1,22),(12268,1,22),(12269,1,22),(12270,1,22),(12271,1,22),(12272,1,22),(12273,1,22),(12274,1,22),(12275,1,22),(12276,1,22),(12277,1,22),(12278,1,22),(12279,1,22),(12280,1,22),(12281,1,22),(12282,1,22),(12283,1,22),(12284,1,22),(12285,1,22),(12286,1,22),(12287,1,22),(12288,1,22),(12289,1,22),(12290,1,22),(12291,1,22),(12292,1,22),(12293,1,22),(12294,1,22),(12295,1,22),(12296,1,22),(12297,1,22),(12298,1,22),(12299,1,22),(12300,1,22),(12301,1,22),(12302,1,22),(12303,1,22),(12304,1,22),(12305,1,22),(12306,1,22),(12307,1,22),(12308,1,22),(12309,1,22),(12310,1,22),(12311,1,22),(12312,1,22),(12313,1,22),(12314,1,22),(12315,1,22),(12316,1,22),(12317,1,22),(12318,1,22),(12319,1,22),(12320,1,22),(12321,1,22),(12322,1,22),(12323,1,22),(12324,1,22),(12325,1,22),(12326,1,22),(12327,1,22),(12328,1,22),(12329,1,22),(12330,1,22),(12331,1,22),(12332,1,22),(12333,1,22),(12334,1,22),(12335,1,22),(12336,1,22),(12337,1,22),(12338,1,22),(12339,1,22),(12340,1,22),(12341,1,22),(12342,1,22),(12343,1,22),(12344,1,22),(12345,1,22),(12346,1,22),(12347,1,22),(12348,1,22),(12349,1,22),(12350,1,22),(12351,1,22),(12352,1,22),(12353,1,22),(12354,1,22),(12355,1,22),(12356,1,22),(12357,1,22),(12358,1,22),(12359,1,22),(12360,1,22),(12361,1,22),(12362,1,22),(12363,1,22),(12364,1,22),(12365,1,22),(12366,1,22),(12367,1,22),(12368,1,22),(12369,1,22),(12370,1,22),(12371,1,22),(12372,1,22),(12373,1,22),(12374,1,22),(12375,1,22),(12376,1,22),(12377,1,22),(12378,1,22),(12379,1,22),(12380,1,22),(12381,1,22),(12382,1,22),(12383,1,22),(12384,1,22),(12385,1,22),(12386,1,22),(12387,1,22),(12388,1,22),(12389,1,22),(12390,1,22),(12391,1,22),(12392,1,22),(12393,1,22),(12394,1,22),(12395,1,22),(12396,1,22),(12397,1,22),(12398,1,22),(12399,1,22),(12400,1,22),(12401,1,22),(12402,1,22),(12403,1,22),(12404,1,22),(12405,1,22),(12406,1,22),(12407,1,22),(12408,1,22),(12409,1,22),(12410,1,22),(12411,1,22),(12412,1,22),(12413,1,22),(12414,1,22),(12415,1,22),(12416,1,22),(12417,1,22),(12418,1,22),(12419,1,22),(12420,1,22),(12421,1,22),(12422,1,22),(12423,1,22),(12424,1,22),(12425,1,22),(12426,1,22),(12427,1,22),(12428,1,22),(12429,1,22),(12430,1,22),(12431,1,22),(12432,1,22),(12433,1,22),(12434,1,22),(12435,1,22),(12436,1,22),(12437,1,22),(12438,1,22),(12439,1,22),(12440,1,22),(12441,1,22),(12442,1,22),(12443,1,22),(12444,1,22),(12445,1,22),(12446,1,22),(12447,1,22),(12448,1,22),(12449,1,22),(12450,1,22),(12451,1,22),(12452,1,22),(12453,1,22),(12454,1,22),(12455,1,22),(12456,1,22),(12457,1,22),(12458,1,22),(12459,1,22),(12460,1,22),(12461,1,22),(12462,1,22),(12463,1,22),(12464,1,22),(12465,1,22),(12466,1,22),(12467,1,22),(12468,1,22),(12469,1,22),(12470,1,22),(12471,1,22),(12472,1,22),(12473,1,22),(12474,1,22),(12475,1,22),(12476,1,22),(12477,1,22),(12478,1,22),(12479,1,22),(12480,1,22),(12481,1,22),(12482,1,22),(12483,1,22),(12484,1,22),(12485,1,22),(12486,1,22),(12487,1,22),(12488,1,22),(12489,1,22),(12490,1,22),(12491,1,22),(12492,1,22),(12493,1,22),(12494,1,22),(12495,1,22),(12496,1,22),(12497,1,22),(12498,1,22),(12499,1,22),(12500,1,22),(12501,1,22),(12502,1,22),(12503,1,22),(12504,1,22),(12505,1,22),(12506,1,22),(12507,1,22),(12508,1,22),(12509,1,22),(12510,1,22),(12511,1,22),(12512,1,22),(12513,1,22),(12514,1,22),(12515,1,22),(12516,1,22),(12517,1,22),(12518,1,22),(12519,1,22),(12520,1,22),(12521,1,22),(12522,1,22),(12523,1,22),(12524,1,22),(12525,1,22),(12526,1,22),(12527,1,22),(12528,1,22),(12529,1,22),(12530,1,22),(12531,1,22),(12532,1,22),(12533,1,22),(12534,1,22),(12535,1,22),(12536,1,22),(12537,1,22),(12538,1,22),(12539,1,22),(12540,1,22),(12541,1,22),(12542,1,22),(12543,1,22),(12544,1,22),(12545,1,22),(12546,1,22),(12547,1,22),(12548,1,22),(12549,1,22),(12550,1,22),(12551,1,22),(12552,1,22),(12553,1,22),(12554,1,22),(12555,1,22),(12556,1,22),(12557,1,22),(12558,1,22),(12559,1,22),(12560,1,22),(12561,1,22),(12562,1,22),(12563,1,22),(12564,1,22),(12565,1,22),(12566,1,22),(12567,1,22),(12568,1,22),(12569,1,22),(12570,1,22),(12571,1,22),(12572,1,22),(12573,1,22),(12574,1,22),(12575,1,22),(12576,1,22),(12577,1,22),(12578,1,22),(12579,1,22),(12580,1,22),(12581,1,22),(12582,1,22),(12583,1,22),(12584,1,22),(12585,1,22),(12586,1,22),(12587,1,22),(12588,1,22),(12589,1,22),(12590,1,22),(12591,1,22),(12592,1,22),(12593,1,22),(12594,1,22),(12595,1,22),(12596,1,22),(12597,1,22),(12598,1,22),(12599,1,22),(12600,1,22),(12601,1,22),(12602,1,22),(12603,1,22),(12604,1,22),(12605,1,22),(12606,1,22),(12607,1,22),(12608,1,22),(12609,1,22),(12610,1,22),(12611,1,22),(12612,1,22),(12613,1,22),(12614,1,22),(12615,1,22),(12616,1,22),(12617,1,22),(12618,1,22),(12619,1,22),(12620,1,22),(12621,1,22),(12622,1,22),(12623,1,22),(12624,1,22),(12625,1,22),(12626,1,22),(12627,1,22),(12628,1,22),(12629,1,22),(12630,1,22),(12631,1,22),(12632,1,22),(12633,1,22),(12634,1,22),(12635,1,22),(12636,1,22),(12637,1,22),(12638,1,22),(12639,1,22),(12640,1,22),(12641,1,22),(12642,1,22),(12643,1,22),(12644,1,22),(12645,1,22),(12646,1,22),(12647,1,22),(12648,1,22),(12649,1,22),(12650,1,22),(12651,1,22),(12652,1,22),(12653,1,22),(12654,1,22),(12655,1,22),(12656,1,22),(12657,1,22),(12658,1,22),(12659,1,22),(12660,1,22),(12661,1,22),(12662,1,22),(12663,1,22),(12664,1,22),(12665,1,22),(12666,1,22),(12667,1,22),(12668,1,22),(12669,1,22),(12670,1,22),(12671,1,22),(12672,1,22),(12673,1,22),(12674,1,22),(12675,1,22),(12676,1,22),(12677,1,22),(12678,1,22),(12679,1,22),(12680,1,22),(12681,1,22),(12682,1,22),(12683,1,22),(12684,1,22),(12685,1,22),(12686,1,22),(12687,1,22),(12688,1,22),(12689,1,22),(12690,1,22),(12691,1,22),(12692,1,22),(12693,1,22),(12694,1,22),(12695,1,22),(12696,1,22),(12697,1,22),(12698,1,22),(12699,1,22),(12700,1,22),(12701,1,22),(12702,1,22),(12703,1,22),(12704,1,22),(12705,1,22),(12706,1,22),(12707,1,22),(12708,1,22),(12709,1,22),(12710,1,22),(12711,1,22),(12712,1,22),(12713,1,22),(12714,1,22),(12715,1,22),(12716,1,22),(12717,1,22),(12718,1,22),(12719,1,22),(12720,1,22),(12721,1,22),(12722,1,22),(12723,1,22),(12724,1,22),(12725,1,22),(12726,1,22),(12727,1,22),(12728,1,22),(12729,1,22),(12730,1,22),(12731,1,22),(12732,1,22),(12733,1,22),(12734,1,22),(12735,1,22),(12736,1,22),(12737,1,22),(12738,1,22),(12739,1,22),(12740,1,22),(12741,1,22),(12742,1,22),(12743,1,22),(12744,1,22),(12745,1,22),(12746,1,22),(12747,1,22),(12748,1,22),(12749,1,22),(12750,1,22),(12751,1,22),(12752,1,22),(12753,1,22),(12754,1,22),(12755,1,22),(12756,1,22),(12757,1,22),(12758,1,22),(12759,1,22),(12760,1,22),(12761,1,22),(12762,1,22),(12763,1,22),(12764,1,22),(12765,1,22),(12766,1,22),(12767,1,22),(12768,1,22),(12769,1,22),(12770,1,22),(12771,1,22),(12772,1,22),(12773,1,22),(12774,1,22),(12775,1,22),(12776,1,22),(12777,1,22),(12778,1,22),(12779,1,22),(12780,1,22),(12781,1,22),(12782,1,22),(12783,1,22),(12784,1,22),(12785,1,22),(12786,1,22),(12787,1,22),(12788,1,22),(12789,1,22),(12790,1,22),(12791,1,22),(12792,1,22),(12793,1,22),(12794,1,22),(12795,1,22),(12796,1,22),(12797,1,22),(12798,1,22),(12799,1,22),(12800,1,22),(12801,1,22),(12802,1,22),(12803,1,22),(12804,1,22),(12805,1,22),(12806,1,22),(12807,1,22),(12808,1,22),(12809,1,22),(12810,1,22),(12811,1,22),(12812,1,22),(12813,1,22),(12814,1,22),(12815,1,22),(12816,1,22),(12817,1,22),(12818,1,22),(12819,1,22),(12820,1,22),(12821,1,22),(12822,1,22),(12823,1,22),(12824,1,22),(12825,1,22),(12826,1,22),(12827,1,22),(12828,1,22),(12829,1,22),(12830,1,22),(12831,1,22),(12832,1,22),(12833,1,22),(12834,1,22),(12835,1,22),(12836,1,22),(12837,1,22),(12838,1,22),(12839,1,22),(12840,1,22),(12841,1,22),(12842,1,22),(12843,1,22),(12844,1,22),(12845,1,22),(12846,1,22),(12847,1,22),(12848,1,22),(12849,1,22),(12850,1,22),(12851,1,22),(12852,1,22),(12853,1,22),(12854,1,22),(12855,1,22),(12856,1,22),(12857,1,22),(12858,1,22),(12859,1,22),(12860,1,22),(12861,1,22),(12862,1,22),(12863,1,22),(12864,1,22),(12865,1,22),(12866,1,22),(12867,1,22),(12868,1,22),(12869,1,22),(12870,1,22),(12871,1,22),(12872,1,22),(12873,1,22),(12874,1,22),(12875,1,22),(12876,1,22),(12877,1,22),(12878,1,22),(12879,1,22),(12880,1,22),(12881,1,22),(12882,1,22),(12883,1,22),(12884,1,22),(12885,1,22),(12886,1,22),(12887,1,22),(12888,1,22),(12889,1,22),(12890,1,22),(12891,1,22),(12892,1,22),(12893,1,22),(12894,1,22),(12895,1,22),(12896,1,22),(12897,1,22),(12898,1,22),(12899,1,22),(12900,1,22),(12901,1,22),(12902,1,22),(12903,1,22),(12904,1,22),(12905,1,22),(12906,1,22),(12907,1,22),(12908,1,22),(12909,1,22),(12910,1,22),(12911,1,22),(12912,1,22),(12913,1,22),(12914,1,22),(12915,1,22),(12916,1,22),(12917,1,22),(12918,1,22),(12919,1,22),(12920,1,22),(12921,1,22),(12922,1,22),(12923,1,22),(12924,1,22),(12925,1,22),(12926,1,22),(12927,1,22),(12928,1,22),(12929,1,22),(12930,1,22),(12931,1,22),(12932,1,22),(12933,1,22),(12934,1,22),(12935,1,22),(12936,1,22),(12937,1,22),(12938,1,22),(12939,1,22),(12940,1,22),(12941,1,22),(12942,1,22),(12943,1,22),(12944,1,22),(12945,1,22),(12946,1,22),(12947,1,22),(12948,1,22),(12949,1,22),(12950,1,22),(12951,1,22),(12952,1,22),(12953,1,22),(12954,1,22),(12955,1,22),(12956,1,22),(12957,1,22),(12958,1,22),(12959,1,22),(12960,1,22),(12961,1,22),(12962,1,22),(12963,1,22),(12964,1,22),(12965,1,22),(12966,1,22),(12967,1,22),(12968,1,22),(12969,1,22),(12970,1,22),(12971,1,22),(12972,1,22),(12973,1,22),(12974,1,22),(12975,1,22),(12976,1,22),(12977,1,22),(12978,1,22),(12979,1,22),(12980,1,22),(12981,1,22),(12982,1,22),(12983,1,22),(12984,1,22),(12985,1,22),(12986,1,22),(12987,1,22),(12988,1,22),(12989,1,22),(12990,1,22),(12991,1,22),(12992,1,22),(12993,1,22),(12994,1,22),(12995,1,22),(12996,1,22),(12997,1,22),(12998,1,22),(12999,1,22),(13000,1,22),(13001,1,22),(13002,1,22),(13003,1,22),(13004,1,22),(13005,1,22),(13006,1,22),(13007,1,22),(13008,1,22),(13009,1,22),(13010,1,22),(13011,1,22),(13012,1,22),(13013,1,22),(13014,1,22),(13015,1,22),(13016,1,22),(13017,1,22),(13018,1,22),(13019,1,22),(13020,1,22),(13021,1,22),(13022,1,22),(13023,1,22),(13024,1,22),(13025,1,22),(13026,1,22),(13027,1,22),(13028,1,22),(13029,1,22),(13030,1,22),(13031,1,22),(13032,1,22),(13033,1,22),(13034,1,22),(13035,1,22),(13036,1,22),(13037,1,22),(13038,1,22),(13039,1,22),(13040,1,22),(13041,1,22),(13042,1,22),(13043,1,22),(13044,1,22),(13045,1,22),(13046,1,22),(13047,1,22),(13048,1,22),(13049,1,22),(13050,1,22),(13051,1,22),(13052,1,22),(13053,1,22),(13054,1,22),(13055,1,22),(13056,1,22),(13057,1,22),(13058,1,22),(13059,1,22),(13060,1,22),(13061,1,22),(13062,1,22),(13063,1,22),(13064,1,22),(13065,1,22),(13066,1,22),(13067,1,22),(13068,1,22),(13069,1,22),(13070,1,22),(13071,1,22),(13072,1,22),(13073,1,22),(13074,1,22),(13075,1,22),(13076,1,22),(13077,1,22),(13078,1,22),(13079,1,22),(13080,1,22),(13081,1,22),(13082,1,22),(13083,1,22),(13084,1,22),(13085,1,22),(13086,1,22),(13087,1,22),(13088,1,22),(13089,1,22),(13090,1,22),(13091,1,22),(13092,1,22),(13093,1,22),(13094,1,22),(13095,1,22),(13096,1,22),(13097,1,22),(13098,1,22),(13099,1,22),(13100,1,22),(13101,1,22),(13102,1,22),(13103,1,22),(13104,1,22),(13105,1,22),(13106,1,22),(13107,1,22),(13108,1,22),(13109,1,22),(13110,1,22),(13111,1,22),(13112,1,22),(13113,1,22),(13114,1,22),(13115,1,22),(13116,1,22),(13117,1,22),(13118,1,22),(13119,1,22),(13120,1,22),(13121,1,22),(13122,1,22),(13123,1,22),(13124,1,22),(13125,1,22),(13126,1,22),(13127,1,22),(13128,1,22),(13129,1,22),(13130,1,22),(13131,1,22),(13132,1,22),(13133,1,22),(13134,1,22),(13135,1,22),(13136,1,22),(13137,1,22),(13138,1,22),(13139,1,22),(13140,1,22),(13141,1,22),(13142,1,22),(13143,1,22),(13144,1,22),(13145,1,22),(13146,1,22),(13147,1,22),(13148,1,22),(13149,1,22),(13150,1,22),(13151,1,22),(13152,1,22),(13153,1,22),(13154,1,22),(13155,1,22),(13156,1,22),(13157,1,22),(13158,1,22),(13159,1,22),(13160,1,22),(13161,1,22),(13162,1,22),(13163,1,22),(13164,1,22),(13165,1,22),(13166,1,22),(13167,1,22),(13168,1,22),(13169,1,22),(13170,1,22),(13171,1,22),(13172,1,22),(13173,1,22),(13174,1,22),(13175,1,22),(13176,1,22),(13177,1,22),(13178,1,22),(13179,1,22),(13180,1,22),(13181,1,22),(13182,1,22),(13183,1,22),(13184,1,22),(13185,1,22),(13186,1,22),(13187,1,22),(13188,1,22),(13189,1,22),(13190,1,22),(13191,1,22),(13192,1,22),(13193,1,22),(13194,1,22),(13195,1,22),(13196,1,22),(13197,1,22),(13198,1,22),(13199,1,22),(13200,1,22),(13201,1,22),(13202,1,22),(13203,1,22),(13204,1,22),(13205,1,22),(13206,1,22),(13207,1,22),(13208,1,22),(13209,1,22),(13210,1,22),(13211,1,22),(13212,1,22),(13213,1,22),(13214,1,22),(13215,1,22),(13216,1,22),(13217,1,22),(13218,1,22),(13219,1,22),(13220,1,22),(13221,1,22),(13222,1,22),(13223,1,22),(13224,1,22),(13225,1,22),(13226,1,22),(13227,1,22),(13228,1,22),(13229,1,22),(13230,1,22),(13231,1,22),(13232,1,22),(13233,1,22),(13234,1,22),(13235,1,22),(13236,1,22),(13237,1,22),(13238,1,22),(13239,1,22),(13240,1,22),(13241,1,22),(13242,1,22),(13243,1,22),(13244,1,22),(13245,1,22),(13246,1,22),(13247,1,22),(13248,1,22),(13249,1,22),(13250,1,22),(13251,1,22),(13252,1,22),(13253,1,22),(13254,1,22),(13255,1,22),(13256,1,22),(13257,1,22),(13258,1,22),(13259,1,22),(13260,1,22),(13261,1,22),(13262,1,22),(13263,1,22),(13264,1,22),(13265,1,22),(13266,1,22),(13267,1,22),(13268,1,22),(13269,1,22),(13270,1,22),(13271,1,22),(13272,1,22),(13273,1,22),(13274,1,22),(13275,1,22),(13276,1,22),(13277,1,22),(13278,1,22),(13279,1,22),(13280,1,22),(13281,1,22),(13282,1,22),(13283,1,22),(13284,1,22),(13285,1,22),(13286,1,22),(13287,1,22),(13288,1,22),(13289,1,22),(13290,1,22),(13291,1,22),(13292,1,22),(13293,1,22),(13294,1,22),(13295,1,22),(13296,1,22),(13297,1,22),(13298,1,22),(13299,1,22),(13300,1,22),(13301,1,22),(13302,1,22),(13303,1,22),(13304,1,22),(13305,1,22),(13306,1,22),(13307,1,22),(13308,1,22),(13309,1,22),(13310,1,22),(13311,1,22),(13312,1,22),(13313,1,22),(13314,1,22),(13315,1,22),(13316,1,22),(13317,1,22),(13318,1,22),(13319,1,22),(13320,1,22),(13321,1,22),(13322,1,22),(13323,1,22),(13324,1,22),(13325,1,22),(13326,1,22),(13327,1,22),(13328,1,22),(13329,1,22),(13330,1,22),(13331,1,22),(13332,1,22),(13333,1,22),(13334,1,22),(13335,1,22),(13336,1,22),(13337,1,22),(13338,1,22),(13339,1,22),(13340,1,22),(13341,1,22),(13342,1,22),(13343,1,22),(13344,1,22),(13345,1,22),(13346,1,22),(13347,1,22),(13348,1,22),(13349,1,22),(13350,1,22),(13351,1,22),(13352,1,22),(13353,1,22),(13354,1,22),(13355,1,22),(13356,1,22),(13357,1,22),(13358,1,22),(13359,1,22),(13360,1,22),(13361,1,22),(13362,1,22),(13363,1,22),(13364,1,22),(13365,1,22),(13366,1,22),(13367,1,22),(13368,1,22),(13369,1,22),(13370,1,22),(13371,1,22),(13372,1,22),(13373,1,22),(13374,1,22),(13375,1,22),(13376,1,22),(13377,1,22),(13378,1,22),(13379,1,22),(13380,1,22),(13381,1,22),(13382,1,22),(13383,1,22),(13384,1,22),(13385,1,22),(13386,1,22),(13387,1,22),(13388,1,22),(13389,1,22),(13390,1,22),(13391,1,22),(13392,1,22),(13393,1,22),(13394,1,22),(13395,1,22),(13396,1,22),(13397,1,22),(13398,1,22),(13399,1,22),(13400,1,22),(13401,1,22),(13402,1,22),(13403,1,22),(13404,1,22),(13405,1,22),(13406,1,22),(13407,1,22),(13408,1,22),(13409,1,22),(13410,1,22),(13411,1,22),(13412,1,22),(13413,1,22),(13414,1,22),(13415,1,22),(13416,1,22),(13417,1,22),(13418,1,22),(13419,1,22),(13420,1,22),(13421,1,22),(13422,1,22),(13423,1,22),(13424,1,22),(13425,1,22),(13426,1,22),(13427,1,22),(13428,1,22),(13429,1,22),(13430,1,22),(13431,1,22),(13432,1,22),(13433,1,22),(13434,1,22),(13435,1,22),(13436,1,22),(13437,1,22),(13438,1,22),(13439,1,22),(13440,1,22),(13441,1,22),(13442,1,22),(13443,1,22),(13444,1,22),(13445,1,22),(13446,1,22),(13447,1,22),(13448,1,22),(13449,1,22),(13450,1,22),(13451,1,22),(13452,1,22),(13453,1,22),(13454,1,22),(13455,1,22),(13456,1,22),(13457,1,22),(13458,1,22),(13459,1,22),(13460,1,22),(13461,1,22),(13462,1,22),(13463,1,22),(13464,1,22),(13465,1,22),(13466,1,22),(13467,1,22),(13468,1,22),(13469,1,22),(13470,1,22),(13471,1,22),(13472,1,22),(13473,1,22),(13474,1,22),(13475,1,22),(13476,1,22),(13477,1,22),(13478,1,22),(13479,1,22),(13480,1,22),(13481,1,22),(13482,1,22),(13483,1,22),(13484,1,22),(13485,1,22),(13486,1,22),(13487,1,22),(13488,1,22),(13489,1,22),(13490,1,22),(13491,1,22),(13492,1,22),(13493,1,22),(13494,1,22),(13495,1,22),(13496,1,22),(13497,1,22),(13498,1,22),(13499,1,22),(13500,1,22),(13501,1,22),(13502,1,22),(13503,1,22),(13504,1,22),(13505,1,22),(13506,1,22),(13507,1,22),(13508,1,22),(13509,1,22),(13510,1,22),(13511,1,22),(13512,1,22),(13513,1,22),(13514,1,22),(13515,1,22),(13516,1,22),(13517,1,22),(13518,1,22),(13519,1,22),(13520,1,22),(13521,1,22),(13522,1,22),(13523,1,22),(13524,1,22),(13525,1,22),(13526,1,22),(13527,1,22),(13528,1,22),(13529,1,22),(13530,1,22),(13531,1,22),(13532,1,22),(13533,1,22),(13534,1,22),(13535,1,22),(13536,1,22),(13537,1,22),(13538,1,22),(13539,1,22),(13540,1,22),(13541,1,22),(13542,1,22),(13543,1,22),(13544,1,22),(13545,1,22),(13546,1,22),(13547,1,22),(13548,1,22),(13549,1,22),(13550,1,22),(13551,1,22),(13552,1,22),(13553,1,22),(13554,1,22),(13555,1,22),(13556,1,22),(13557,1,22),(13558,1,22),(13559,1,22),(13560,1,22),(13561,1,22),(13562,1,22),(13563,1,22),(13564,1,22),(13565,1,22),(13566,1,22),(13567,1,22),(13568,1,22),(13569,1,22),(13570,1,22),(13571,1,22),(13572,1,22),(13573,1,22),(13574,1,22),(13575,1,22),(13576,1,22),(13577,1,22),(13578,1,22),(13579,1,22),(13580,1,22),(13581,1,22),(13582,1,22),(13583,1,22),(13584,1,22),(13585,1,22),(13586,1,22),(13587,1,22),(13588,1,22),(13589,1,22),(13590,1,22),(13591,1,22),(13592,1,22),(13593,1,22),(13594,1,22),(13595,1,22),(13596,1,22),(13597,1,22),(13598,1,22),(13599,1,22),(13600,1,22),(13601,1,22),(13602,1,22),(13603,1,22),(13604,1,22),(13605,1,22),(13606,1,22),(13607,1,22),(13608,1,22),(13609,1,22),(13610,1,22),(13611,1,22),(13612,1,22),(13613,1,22),(13614,1,22),(13615,1,22),(13616,1,22),(13617,1,22),(13618,1,22),(13619,1,22),(13620,1,22),(13621,1,22),(13622,1,22),(13623,1,22),(13624,1,22),(13625,1,22),(13626,1,22),(13627,1,22),(13628,1,22),(13629,1,22),(13630,1,22),(13631,1,22),(13632,1,22),(13633,1,22),(13634,1,22),(13635,1,22),(13636,1,22),(13637,1,22),(13638,1,22),(13639,1,22),(13640,1,22),(13641,1,22),(13642,1,22),(13643,1,22),(13644,1,22),(13645,1,22),(13646,1,22),(13647,1,22),(13648,1,22),(13649,1,22),(13650,1,22),(13651,1,22),(13652,1,22),(13653,1,22),(13654,1,22),(13655,1,22),(13656,1,22),(13657,1,22),(13658,1,22),(13659,1,22),(13660,1,22),(13661,1,22),(13662,1,22),(13663,1,22),(13664,1,22),(13665,1,22),(13666,1,22),(13667,1,22),(13668,1,22),(13669,1,22),(13670,1,22),(13671,1,22),(13672,1,22),(13673,1,22),(13674,1,22),(13675,1,22),(13676,1,22),(13677,1,22),(13678,1,22),(13679,1,22),(13680,1,22),(13681,1,22),(13682,1,22),(13683,1,22),(13684,1,22),(13685,1,22),(13686,1,22),(13687,1,22),(13688,1,22),(13689,1,22),(13690,1,22),(13691,1,22),(13692,1,22),(13693,1,22),(13694,1,22),(13695,1,22),(13696,1,22),(13697,1,22),(13698,1,22),(13699,1,22),(13700,1,22),(13701,1,22),(13702,1,22),(13703,1,22),(13704,1,22),(13705,1,22),(13706,1,22),(13707,1,22),(13708,1,22),(13709,1,22),(13710,1,22),(13711,1,22),(13712,1,22),(13713,1,22),(13714,1,22),(13715,1,22),(13716,1,22),(13717,1,22),(13718,1,22),(13719,1,22),(13720,1,22),(13721,1,22),(13722,1,22),(13723,1,22),(13724,1,22),(13725,1,22),(13726,1,22),(13727,1,22),(13728,1,22),(13729,1,22),(13730,1,22),(13731,1,22),(13732,1,22),(13733,1,22),(13734,1,22),(13735,1,22),(13736,1,22),(13737,1,22),(13738,1,22),(13739,1,22),(13740,1,22),(13741,1,22),(13742,1,22),(13743,1,22),(13744,1,22),(13745,1,22),(13746,1,22),(13747,1,22),(13748,1,22),(13749,1,22),(13750,1,22),(13751,1,22),(13752,1,22),(13753,1,22),(13754,1,22),(13755,1,22),(13756,1,22),(13757,1,22),(13758,1,22),(13759,1,22),(13760,1,22),(13761,1,22),(13762,1,22),(13763,1,22),(13764,1,22),(13765,1,22),(13766,1,22),(13767,1,22),(13768,1,22),(13769,1,22),(13770,1,22),(13771,1,22),(13772,1,22),(13773,1,22),(13774,1,22),(13775,1,22),(13776,1,22),(13777,1,22),(13778,1,22),(13779,1,22),(13780,1,22),(13781,1,22),(13782,1,22),(13783,1,22),(13784,1,22),(13785,1,22),(13786,1,22),(13787,1,22),(13788,1,22),(13789,1,22),(13790,1,22),(13791,1,22),(13792,1,22),(13793,1,22),(13794,1,22),(13795,1,22),(13796,1,22);
/*!40000 ALTER TABLE `localidades` ENABLE KEYS */;
UNLOCK TABLES;

--
-- Table structure for table `participantes_espectaculo`
--

DROP TABLE IF EXISTS `participantes_espectaculo`;
/*!40101 SET @saved_cs_client     = @@character_set_client */;
/*!40101 SET character_set_client = utf8 */;
CREATE TABLE `participantes_espectaculo` (
  `ID_Participante` int(11) NOT NULL AUTO_INCREMENT,
  `Nombre` varchar(45) NOT NULL,
  `Papel` varchar(45) NOT NULL,
  PRIMARY KEY (`ID_Participante`)
) ENGINE=InnoDB AUTO_INCREMENT=46 DEFAULT CHARSET=latin1;
/*!40101 SET character_set_client = @saved_cs_client */;

--
-- Dumping data for table `participantes_espectaculo`
--

LOCK TABLES `participantes_espectaculo` WRITE;
/*!40000 ALTER TABLE `participantes_espectaculo` DISABLE KEYS */;
INSERT INTO `participantes_espectaculo` VALUES (1,'Marc-André Ter Stegen','Portero\r'),(2,'Martín Montoya Torralbo','Lateral derecho\r'),(3,'Gerard Piqué Bernabeu','Defensa\r'),(4,'Ivan Rakitic','Delantero-Centro\r'),(5,'Sergio Busquets Burgos','Centro\r'),(6,'Xavier Hernández Creus','Delantero\r'),(7,'Pedro Rodríguez Ledesma','Delantero\r'),(8,'Andrés Iniesta Luján','Centro\r'),(9,'Luis Alberto Suárez Díaz','Delantero Centro\r'),(10,'Lionel Andrés Messi','Delantero\r'),(11,'Neymar da Silva Santos Júnior','Delantero\r'),(12,'Rafael Alcántaro do Nascimento','Delantero\r'),(13,'Claudio Bravo','Portero\r'),(14,'Daniel Alves da Silva','Defensa\r'),(15,'Íker casillas','Portero\r'),(16,'K.Navas','Portero\r'),(17,'Á.Arbeloa','Lateral Derecho\r'),(18,'F.Coentrao','Lateral Izquierdo\r'),(19,'Sergio Ramos','Centro\r'),(20,'Pepe','Centro\r'),(21,'Derik','Centro\r'),(22,'Nacho','Centro\r'),(23,'Llorente','Centro\r'),(24,'S.Khedira','Medio Centro\r'),(25,'L.Modríc','Volante Derecho\r'),(26,'Isco','Centro\r'),(27,'C.Ronaldo',' Extremo Izquierdo\r'),(28,'Chicharito','Delantero Centro\r'),(29,'Jesé','Extremo Izquierdo\r'),(30,'De Tomás','Extremo Izquierdo\r'),(31,'María Teresa Carreño',' Pianista\r'),(32,'Ignacy Jan Paderewski','Compositor\r'),(33,'Alfred Cortot','Pianista\r'),(34,'Myra Hess','Tenor\r'),(35,'Artur Schnabel','Pianista\r'),(36,'Malcolm D. Lee',' Director\r'),(37,'Simon Rex','Actor\r'),(38,'Ashley Tisdale',' Actriz\r'),(39,'Charlie Sheen',' Actor\r'),(40,'Pat Proft',' Actor\r'),(41,'Jarmila Kratochvílovça','Corredora\r'),(42,'Joan Benoite','Corredora\r'),(43,'Kelly Holmes','Corredora\r'),(44,'Derartu Tulu',' Corredora\r'),(45,'Ingrid Kristiansen',' Corredora\r');
/*!40000 ALTER TABLE `participantes_espectaculo` ENABLE KEYS */;
UNLOCK TABLES;

--
-- Table structure for table `participantes_espectaculo_has_espectaculos`
--

DROP TABLE IF EXISTS `participantes_espectaculo_has_espectaculos`;
/*!40101 SET @saved_cs_client     = @@character_set_client */;
/*!40101 SET character_set_client = utf8 */;
CREATE TABLE `participantes_espectaculo_has_espectaculos` (
  `Participantes_Espectaculo_ID_Participante` int(11) NOT NULL,
  `Espectaculos_ID_Espectaculo` int(11) NOT NULL,
  PRIMARY KEY (`Participantes_Espectaculo_ID_Participante`,`Espectaculos_ID_Espectaculo`),
  KEY `fk_Participantes_Espectaculo_has_Espectaculos_Espectaculos1_idx` (`Espectaculos_ID_Espectaculo`),
  KEY `fk_Participantes_Espectaculo_has_Espectaculos_Participantes_idx` (`Participantes_Espectaculo_ID_Participante`),
  CONSTRAINT `fk_Participantes_Espectaculo_has_Espectaculos_Espectaculos1` FOREIGN KEY (`Espectaculos_ID_Espectaculo`) REFERENCES `espectaculos` (`ID_Espectaculo`) ON DELETE CASCADE ON UPDATE CASCADE,
  CONSTRAINT `fk_Participantes_Espectaculo_has_Espectaculos_Participantes_E1` FOREIGN KEY (`Participantes_Espectaculo_ID_Participante`) REFERENCES `participantes_espectaculo` (`ID_Participante`) ON DELETE CASCADE ON UPDATE CASCADE
) ENGINE=InnoDB DEFAULT CHARSET=latin1;
/*!40101 SET character_set_client = @saved_cs_client */;

--
-- Dumping data for table `participantes_espectaculo_has_espectaculos`
--

LOCK TABLES `participantes_espectaculo_has_espectaculos` WRITE;
/*!40000 ALTER TABLE `participantes_espectaculo_has_espectaculos` DISABLE KEYS */;
INSERT INTO `participantes_espectaculo_has_espectaculos` VALUES (31,1),(32,1),(33,1),(34,1),(35,1),(36,2),(37,2),(38,2),(39,2),(40,2),(41,3),(42,3),(43,3),(44,3),(45,3),(41,4),(42,4),(45,4),(31,5),(32,5),(33,5),(34,5),(1,6),(2,6),(3,6),(4,6),(5,6),(6,6),(7,6),(8,6),(9,6),(10,6),(11,6),(12,6),(13,6),(14,6),(15,6),(16,6),(17,6),(18,6),(19,6),(20,6),(21,6),(22,6),(23,6),(24,6),(25,6),(26,6),(27,6),(28,6),(29,6),(30,6);
/*!40000 ALTER TABLE `participantes_espectaculo_has_espectaculos` ENABLE KEYS */;
UNLOCK TABLES;

--
-- Table structure for table `precio`
--

DROP TABLE IF EXISTS `precio`;
/*!40101 SET @saved_cs_client     = @@character_set_client */;
/*!40101 SET character_set_client = utf8 */;
CREATE TABLE `precio` (
  `precio` int(11) NOT NULL,
  `FK_ID_evento` int(11) NOT NULL,
  `FK_Permite_Tipo` int(11) NOT NULL,
  `ID_Precio` int(11) NOT NULL AUTO_INCREMENT,
  `Gradas_ID_gradas` int(11) NOT NULL,
  PRIMARY KEY (`ID_Precio`),
  KEY `fk_Precio_Eventos1_idx` (`FK_ID_evento`),
  KEY `fk_Precio_Tipo Permite1_idx` (`FK_Permite_Tipo`),
  KEY `fk_Precio_Gradas1_idx` (`Gradas_ID_gradas`),
  CONSTRAINT `fk_Precio_Eventos1` FOREIGN KEY (`FK_ID_evento`) REFERENCES `eventos` (`ID_evento`) ON DELETE CASCADE ON UPDATE CASCADE,
  CONSTRAINT `fk_Precio_Gradas1` FOREIGN KEY (`Gradas_ID_gradas`) REFERENCES `gradas` (`ID_gradas`) ON DELETE CASCADE ON UPDATE CASCADE,
  CONSTRAINT `fk_Precio_Tipo Permite1` FOREIGN KEY (`FK_Permite_Tipo`) REFERENCES `tipo_permite` (`Tipo`) ON DELETE CASCADE ON UPDATE CASCADE
) ENGINE=InnoDB AUTO_INCREMENT=31 DEFAULT CHARSET=latin1;
/*!40101 SET character_set_client = @saved_cs_client */;

--
-- Dumping data for table `precio`
--

LOCK TABLES `precio` WRITE;
/*!40000 ALTER TABLE `precio` DISABLE KEYS */;
INSERT INTO `precio` VALUES (10,2,1,1,1),(20,2,2,2,1),(25,2,3,3,1),(25,2,4,4,1),(50,2,5,5,1),(10,2,1,6,2),(20,2,2,7,2),(25,2,3,8,2),(25,2,4,9,2),(50,2,5,10,2),(10,2,1,11,3),(20,2,2,12,3),(25,2,3,13,3),(100,2,1,14,4),(200,2,2,15,4),(250,2,3,16,4),(250,2,4,17,4),(500,2,5,18,4),(120,1,2,19,8),(200,1,3,20,9),(100,4,5,22,17),(100,4,4,23,17),(80,4,3,24,17),(100,4,5,25,18),(100,4,4,26,18),(80,4,3,27,18),(100,4,5,28,19),(80,4,3,30,21);
/*!40000 ALTER TABLE `precio` ENABLE KEYS */;
UNLOCK TABLES;

--
-- Table structure for table `recintos`
--

DROP TABLE IF EXISTS `recintos`;
/*!40101 SET @saved_cs_client     = @@character_set_client */;
/*!40101 SET character_set_client = utf8 */;
CREATE TABLE `recintos` (
  `ID_Recinto` int(11) NOT NULL,
  `Descripcion` varchar(45) NOT NULL COMMENT 'Podemos poner la dirección, la descripción del lugar...',
  PRIMARY KEY (`ID_Recinto`)
) ENGINE=InnoDB DEFAULT CHARSET=latin1;
/*!40101 SET character_set_client = @saved_cs_client */;

--
-- Dumping data for table `recintos`
--

LOCK TABLES `recintos` WRITE;
/*!40000 ALTER TABLE `recintos` DISABLE KEYS */;
INSERT INTO `recintos` VALUES (1,'Camp Nou\r'),(2,'Vicente Calderón\r'),(3,'Ópera de Madrid\r'),(4,'Sala de Conciertos Caixagalicia\r'),(5,'Centro Deportivo de Barcelona\r'),(6,'Ópera de Barcelona\r');
/*!40000 ALTER TABLE `recintos` ENABLE KEYS */;
UNLOCK TABLES;

--
-- Table structure for table `tipo_permite`
--

DROP TABLE IF EXISTS `tipo_permite`;
/*!40101 SET @saved_cs_client     = @@character_set_client */;
/*!40101 SET character_set_client = utf8 */;
CREATE TABLE `tipo_permite` (
  `Tipo` int(11) NOT NULL,
  `NombreTipo` varchar(45) NOT NULL,
  PRIMARY KEY (`Tipo`)
) ENGINE=InnoDB DEFAULT CHARSET=latin1;
/*!40101 SET character_set_client = @saved_cs_client */;

--
-- Dumping data for table `tipo_permite`
--

LOCK TABLES `tipo_permite` WRITE;
/*!40000 ALTER TABLE `tipo_permite` DISABLE KEYS */;
INSERT INTO `tipo_permite` VALUES (1,'Bebes\r'),(2,'Infantiles\r'),(3,'Adultos\r'),(4,'Parados\r'),(5,'Jubilados\r');
/*!40000 ALTER TABLE `tipo_permite` ENABLE KEYS */;
UNLOCK TABLES;

--
-- Table structure for table `tipo_permite_has_venta`
--

DROP TABLE IF EXISTS `tipo_permite_has_venta`;
/*!40101 SET @saved_cs_client     = @@character_set_client */;
/*!40101 SET character_set_client = utf8 */;
CREATE TABLE `tipo_permite_has_venta` (
  `Tipo_Permite_Tipo` int(11) NOT NULL,
  `Venta_ID_Venta` int(11) NOT NULL,
  PRIMARY KEY (`Tipo_Permite_Tipo`,`Venta_ID_Venta`),
  KEY `fk_Tipo_Permite_has_Venta_Venta1_idx` (`Venta_ID_Venta`),
  KEY `fk_Tipo_Permite_has_Venta_Tipo_Permite1_idx` (`Tipo_Permite_Tipo`),
  CONSTRAINT `fk_Tipo_Permite_has_Venta_Tipo_Permite1` FOREIGN KEY (`Tipo_Permite_Tipo`) REFERENCES `tipo_permite` (`Tipo`) ON DELETE CASCADE ON UPDATE CASCADE,
  CONSTRAINT `fk_Tipo_Permite_has_Venta_Venta1` FOREIGN KEY (`Venta_ID_Venta`) REFERENCES `venta` (`ID_Venta`) ON DELETE CASCADE ON UPDATE CASCADE
) ENGINE=InnoDB DEFAULT CHARSET=latin1;
/*!40101 SET character_set_client = @saved_cs_client */;

--
-- Dumping data for table `tipo_permite_has_venta`
--

LOCK TABLES `tipo_permite_has_venta` WRITE;
/*!40000 ALTER TABLE `tipo_permite_has_venta` DISABLE KEYS */;
/*!40000 ALTER TABLE `tipo_permite_has_venta` ENABLE KEYS */;
UNLOCK TABLES;

--
-- Table structure for table `venta`
--

DROP TABLE IF EXISTS `venta`;
/*!40101 SET @saved_cs_client     = @@character_set_client */;
/*!40101 SET character_set_client = utf8 */;
CREATE TABLE `venta` (
  `Estado` varchar(45) NOT NULL,
  `FK_idEstado_Localidad` int(11) NOT NULL,
  `FK_ID_Cliente` int(11) NOT NULL,
  `ID_Venta` int(11) NOT NULL AUTO_INCREMENT,
  `hora_preReserva` datetime NOT NULL,
  PRIMARY KEY (`ID_Venta`),
  KEY `fk_Venta_Cliente1_idx` (`FK_ID_Cliente`),
  KEY `fk_Venta_Estado_Localidad1` (`FK_idEstado_Localidad`),
  CONSTRAINT `fk_Venta_Cliente1` FOREIGN KEY (`FK_ID_Cliente`) REFERENCES `cliente` (`ID_Cliente`) ON DELETE CASCADE ON UPDATE CASCADE,
  CONSTRAINT `fk_Venta_Estado_Localidad1` FOREIGN KEY (`FK_idEstado_Localidad`) REFERENCES `estado_localidad` (`idEstado_Localidad`) ON DELETE CASCADE ON UPDATE CASCADE
) ENGINE=InnoDB DEFAULT CHARSET=latin1;
/*!40101 SET character_set_client = @saved_cs_client */;

--
-- Dumping data for table `venta`
--

LOCK TABLES `venta` WRITE;
/*!40000 ALTER TABLE `venta` DISABLE KEYS */;
/*!40000 ALTER TABLE `venta` ENABLE KEYS */;
UNLOCK TABLES;

--
-- Dumping events for database 'taquilla_virtual'
--
/*!50106 SET @save_time_zone= @@TIME_ZONE */ ;
/*!50106 DROP EVENT IF EXISTS `reserva_check` */;
DELIMITER ;;
/*!50003 SET @saved_cs_client      = @@character_set_client */ ;;
/*!50003 SET @saved_cs_results     = @@character_set_results */ ;;
/*!50003 SET @saved_col_connection = @@collation_connection */ ;;
/*!50003 SET character_set_client  = utf8 */ ;;
/*!50003 SET character_set_results = utf8 */ ;;
/*!50003 SET collation_connection  = utf8_general_ci */ ;;
/*!50003 SET @saved_sql_mode       = @@sql_mode */ ;;
/*!50003 SET sql_mode              = 'STRICT_TRANS_TABLES,NO_AUTO_CREATE_USER,NO_ENGINE_SUBSTITUTION' */ ;;
/*!50003 SET @saved_time_zone      = @@time_zone */ ;;
/*!50003 SET time_zone             = 'SYSTEM' */ ;;
/*!50106 CREATE*/ /*!50117 DEFINER=`root`@`localhost`*/ /*!50106 EVENT `reserva_check` ON SCHEDULE EVERY 1 MINUTE STARTS '2011-07-24 03:00:00' ON COMPLETION NOT PRESERVE ENABLE DO BEGIN
	CALL comprobarFinPreReserva();
    CALL comprobarFinEvento();
	    
	END */ ;;
/*!50003 SET time_zone             = @saved_time_zone */ ;;
/*!50003 SET sql_mode              = @saved_sql_mode */ ;;
/*!50003 SET character_set_client  = @saved_cs_client */ ;;
/*!50003 SET character_set_results = @saved_cs_results */ ;;
/*!50003 SET collation_connection  = @saved_col_connection */ ;;
DELIMITER ;
/*!50106 SET TIME_ZONE= @save_time_zone */ ;

--
-- Dumping routines for database 'taquilla_virtual'
--
/*!50003 DROP PROCEDURE IF EXISTS `anulacionLocalidad` */;
/*!50003 SET @saved_cs_client      = @@character_set_client */ ;
/*!50003 SET @saved_cs_results     = @@character_set_results */ ;
/*!50003 SET @saved_col_connection = @@collation_connection */ ;
/*!50003 SET character_set_client  = utf8 */ ;
/*!50003 SET character_set_results = utf8 */ ;
/*!50003 SET collation_connection  = utf8_general_ci */ ;
/*!50003 SET @saved_sql_mode       = @@sql_mode */ ;
/*!50003 SET sql_mode              = 'STRICT_TRANS_TABLES,NO_AUTO_CREATE_USER,NO_ENGINE_SUBSTITUTION' */ ;
DELIMITER ;;
CREATE DEFINER=`root`@`localhost` PROCEDURE `anulacionLocalidad`(
IN 		ID_evento		INT,
IN 		ID_localidad	INT,
IN		ID_cliente		INT
)
BEGIN 

declare id_Estado_Localidad int;
declare hora_pre DATETIME;
declare t_penalizacion int;
declare porcentaje int;
declare ID_espectaculo int;



    /* Adquirimos el identificador Localidad->Evento->Compra */
SELECT 
    idEstado_Localidad
INTO id_Estado_Localidad FROM
    Estado_Localidad
WHERE
    FK_ID_localidad = ID_Localidad
        AND FK_ID_evento = ID_Evento;
/* Adquirimos hora de pre reserva */
SELECT 
    hora_preReserva
INTO hora_pre FROM
    Venta
WHERE
    FK_idEstado_Localidad = id_Estado_Localidad;

/*  Adquirimos el ID del espectaculo */
SELECT 
    FK_ID_Espectaculo
INTO ID_espectaculo FROM
    Eventos
WHERE
    Eventos.ID_evento = ID_evento;
/*  Una vez que tenemos el espectaculo, sacamos tiempo y porcentaje de penalizacion */


SELECT 
    Porcentaje_Penalizacion
INTO porcentaje
FROM
    Espectaculos
WHERE
    Espectaculos.ID_espectaculo = ID_espectaculo;
    
    
SELECT Espectaculos.Tiempo_Penalizacion
INTO t_penalizacion
FROM Espectaculos
WHERE Espectaculos.ID_espectaculo = ID_espectaculo;

if NOW()>DATE_ADD(hora_pre,INTERVAL t_penalizacion MINUTE)  then
select 'Se te penalizará con un'as'Estado Operación',porcentaje as 'porcentaje de penalizacion';

    else

SELECT 'no hay penalizacion, anulación correcta' as 'Estado Operación';
select id_Estado_Localidad,hora_pre,t_penalizacion,porcentaje,ID_espectaculo;

    end if;
    
    
    
    
UPDATE Estado_Localidad 
SET 
    estado = 'libre'
WHERE
    FK_ID_localidad = ID_Localidad
        AND FK_ID_evento = ID_Evento;
        
        
DELETE FROM Venta 
WHERE
    FK_idEstado_Localidad = id_Estado_Localidad;
END ;;
DELIMITER ;
/*!50003 SET sql_mode              = @saved_sql_mode */ ;
/*!50003 SET character_set_client  = @saved_cs_client */ ;
/*!50003 SET character_set_results = @saved_cs_results */ ;
/*!50003 SET collation_connection  = @saved_col_connection */ ;
/*!50003 DROP PROCEDURE IF EXISTS `compralocalidad` */;
/*!50003 SET @saved_cs_client      = @@character_set_client */ ;
/*!50003 SET @saved_cs_results     = @@character_set_results */ ;
/*!50003 SET @saved_col_connection = @@collation_connection */ ;
/*!50003 SET character_set_client  = utf8 */ ;
/*!50003 SET character_set_results = utf8 */ ;
/*!50003 SET collation_connection  = utf8_general_ci */ ;
/*!50003 SET @saved_sql_mode       = @@sql_mode */ ;
/*!50003 SET sql_mode              = 'STRICT_TRANS_TABLES,NO_AUTO_CREATE_USER,NO_ENGINE_SUBSTITUTION' */ ;
DELIMITER ;;
CREATE DEFINER=`root`@`localhost` PROCEDURE `compralocalidad`(
    in ID_Cliente int,
    in ID_Evento int,
    in ID_Localidad int)
begin
    
    declare id_Estado_Localidad int;
SELECT 
    idEstado_Localidad
INTO id_Estado_Localidad FROM
    Estado_Localidad
WHERE
    FK_ID_localidad = ID_Localidad
        AND FK_ID_evento = ID_Evento;
    
    
UPDATE Estado_Localidad 
SET 
    estado = 'reservado'
WHERE
    FK_ID_localidad = ID_Localidad
        AND FK_ID_evento = ID_Evento;
    if (select estado from Venta where FK_idEstado_Localidad=id_Estado_Localidad and FK_ID_Cliente=ID_Cliente) is not null then
        update Venta set Estado="reservado" where FK_idEstado_Localidad=id_Estado_Localidad and FK_ID_Cliente=ID_Cliente;
    else 
        insert into Venta (Estado,FK_idEstado_Localidad,FK_ID_Cliente,hora_preReserva) values("reservado",id_Estado_Localidad,ID_Cliente,NOW());
    end if;
    end ;;
DELIMITER ;
/*!50003 SET sql_mode              = @saved_sql_mode */ ;
/*!50003 SET character_set_client  = @saved_cs_client */ ;
/*!50003 SET character_set_results = @saved_cs_results */ ;
/*!50003 SET collation_connection  = @saved_col_connection */ ;
/*!50003 DROP PROCEDURE IF EXISTS `comprobarFinEvento` */;
/*!50003 SET @saved_cs_client      = @@character_set_client */ ;
/*!50003 SET @saved_cs_results     = @@character_set_results */ ;
/*!50003 SET @saved_col_connection = @@collation_connection */ ;
/*!50003 SET character_set_client  = utf8 */ ;
/*!50003 SET character_set_results = utf8 */ ;
/*!50003 SET collation_connection  = utf8_general_ci */ ;
/*!50003 SET @saved_sql_mode       = @@sql_mode */ ;
/*!50003 SET sql_mode              = 'STRICT_TRANS_TABLES,NO_AUTO_CREATE_USER,NO_ENGINE_SUBSTITUTION' */ ;
DELIMITER ;;
CREATE DEFINER=`root`@`localhost` PROCEDURE `comprobarFinEvento`()
BEGIN
UPDATE   eventos 
SET  eventos.estado=2
WHERE eventos.fecha < NOW();


END ;;
DELIMITER ;
/*!50003 SET sql_mode              = @saved_sql_mode */ ;
/*!50003 SET character_set_client  = @saved_cs_client */ ;
/*!50003 SET character_set_results = @saved_cs_results */ ;
/*!50003 SET collation_connection  = @saved_col_connection */ ;
/*!50003 DROP PROCEDURE IF EXISTS `comprobarFinPreReserva` */;
/*!50003 SET @saved_cs_client      = @@character_set_client */ ;
/*!50003 SET @saved_cs_results     = @@character_set_results */ ;
/*!50003 SET @saved_col_connection = @@collation_connection */ ;
/*!50003 SET character_set_client  = utf8 */ ;
/*!50003 SET character_set_results = utf8 */ ;
/*!50003 SET collation_connection  = utf8_general_ci */ ;
/*!50003 SET @saved_sql_mode       = @@sql_mode */ ;
/*!50003 SET sql_mode              = 'STRICT_TRANS_TABLES,NO_AUTO_CREATE_USER,NO_ENGINE_SUBSTITUTION' */ ;
DELIMITER ;;
CREATE DEFINER=`root`@`localhost` PROCEDURE `comprobarFinPreReserva`()
BEGIN
-- Flag para finalizado
 DECLARE v_finished INTEGER DEFAULT 0;
 
 DECLARE tiempo_anula INTEGER DEFAULT 0;
 DECLARE ID_evento INTEGER DEFAULT 0;
 DECLARE ID_cliente INTEGER DEFAULT 0;
 DECLARE ID_localidad INTEGER DEFAULT 0;
 DECLARE horaPreReserva DATETIME DEFAULT (NOW()- NOW());
 
 -- declare cursor for employee email
 DEClARE reservaCursor CURSOR FOR 
SELECT 
eventos.tiempo_anula_preReserva as 'tiempo de anulacion',
venta.FK_ID_Cliente as 'ID cliente',
venta.hora_preReserva as 'hora de preReserva',
estado_localidad.FK_ID_localidad as 'localidad',
estado_localidad.FK_ID_evento as 'evento'
FROM
Venta,
estado_localidad,
eventos
WHERE Venta.estado='pre-reservado'
AND estado_localidad.FK_ID_evento=eventos.ID_evento
AND venta.FK_idEstado_Localidad=estado_localidad.idEstado_Localidad;

 -- declare NOT FOUND handler
 DECLARE CONTINUE HANDLER 
        FOR NOT FOUND SET v_finished = 1;
 
 OPEN reservaCursor;
 
 get_datos: LOOP
 
 FETCH reservaCursor INTO tiempo_anula,ID_cliente,horaPreReserva,ID_localidad,ID_evento;
 
 select tiempo_anula,ID_cliente,ID_cliente,horaPreReserva,ID_localidad,ID_evento ;
 
 if DATE_ADD(horaPreReserva,INTERVAL tiempo_anula MINUTE)< NOW()  then

     call anulacionLocalidad(ID_evento,ID_localidad,ID_cliente);

  /*  else

select 'no ha caducado';*/
    end if;
 
 IF v_finished = 1 THEN 
 LEAVE get_datos;
 END IF;
 
 END LOOP get_datos;
 
 CLOSE reservaCursor;
 

END ;;
DELIMITER ;
/*!50003 SET sql_mode              = @saved_sql_mode */ ;
/*!50003 SET character_set_client  = @saved_cs_client */ ;
/*!50003 SET character_set_results = @saved_cs_results */ ;
/*!50003 SET collation_connection  = @saved_col_connection */ ;
/*!50003 DROP PROCEDURE IF EXISTS `consultarcompras` */;
/*!50003 SET @saved_cs_client      = @@character_set_client */ ;
/*!50003 SET @saved_cs_results     = @@character_set_results */ ;
/*!50003 SET @saved_col_connection = @@collation_connection */ ;
/*!50003 SET character_set_client  = utf8 */ ;
/*!50003 SET character_set_results = utf8 */ ;
/*!50003 SET collation_connection  = utf8_general_ci */ ;
/*!50003 SET @saved_sql_mode       = @@sql_mode */ ;
/*!50003 SET sql_mode              = 'STRICT_TRANS_TABLES,NO_AUTO_CREATE_USER,NO_ENGINE_SUBSTITUTION' */ ;
DELIMITER ;;
CREATE DEFINER=`root`@`localhost` PROCEDURE `consultarcompras`(
    in ID_Cliente int)
begin
    select Estado_Localidad.FK_ID_evento as ID_Evento,Estado_Localidad.FK_ID_localidad as ID_Localidad,Venta.Estado
        from Venta,Estado_Localidad where FK_ID_Cliente=ID_Cliente 
        and FK_idEstado_Localidad=Estado_Localidad.idEstado_Localidad;
    end ;;
DELIMITER ;
/*!50003 SET sql_mode              = @saved_sql_mode */ ;
/*!50003 SET character_set_client  = @saved_cs_client */ ;
/*!50003 SET character_set_results = @saved_cs_results */ ;
/*!50003 SET collation_connection  = @saved_col_connection */ ;
/*!50003 DROP PROCEDURE IF EXISTS `eventosEspectaculo` */;
/*!50003 SET @saved_cs_client      = @@character_set_client */ ;
/*!50003 SET @saved_cs_results     = @@character_set_results */ ;
/*!50003 SET @saved_col_connection = @@collation_connection */ ;
/*!50003 SET character_set_client  = utf8 */ ;
/*!50003 SET character_set_results = utf8 */ ;
/*!50003 SET collation_connection  = utf8_general_ci */ ;
/*!50003 SET @saved_sql_mode       = @@sql_mode */ ;
/*!50003 SET sql_mode              = 'STRICT_TRANS_TABLES,NO_AUTO_CREATE_USER,NO_ENGINE_SUBSTITUTION' */ ;
DELIMITER ;;
CREATE DEFINER=`root`@`localhost` PROCEDURE `eventosEspectaculo`(
       IN ID_Espectaculo INT
)
BEGIN

SELECT DISTINCT
       Eventos.ID_evento,
       Eventos.fecha,
       Recintos.ID_Recinto,
       Recintos.Descripcion as 'Descripcion Recinto'
             
FROM  
      (Eventos,Recintos,Precio,Gradas)
WHERE 
      FK_ID_Espectaculo=ID_Espectaculo
      AND
      Eventos.estado=1
      AND
      Gradas.ID_gradas=Precio.Gradas_ID_gradas
      AND
      Recintos.ID_Recinto=Gradas.FK_ID_Recinto
      AND
      Precio.FK_ID_evento=Eventos.ID_evento;
      


END ;;
DELIMITER ;
/*!50003 SET sql_mode              = @saved_sql_mode */ ;
/*!50003 SET character_set_client  = @saved_cs_client */ ;
/*!50003 SET character_set_results = @saved_cs_results */ ;
/*!50003 SET collation_connection  = @saved_col_connection */ ;
/*!50003 DROP PROCEDURE IF EXISTS `login` */;
/*!50003 SET @saved_cs_client      = @@character_set_client */ ;
/*!50003 SET @saved_cs_results     = @@character_set_results */ ;
/*!50003 SET @saved_col_connection = @@collation_connection */ ;
/*!50003 SET character_set_client  = utf8 */ ;
/*!50003 SET character_set_results = utf8 */ ;
/*!50003 SET collation_connection  = utf8_general_ci */ ;
/*!50003 SET @saved_sql_mode       = @@sql_mode */ ;
/*!50003 SET sql_mode              = 'STRICT_TRANS_TABLES,NO_AUTO_CREATE_USER,NO_ENGINE_SUBSTITUTION' */ ;
DELIMITER ;;
CREATE DEFINER=`root`@`localhost` PROCEDURE `login`(
    in id_cliente_in int,
    in contraseña_in varchar(45))
begin
    if (select ID_Cliente from Cliente where ID_Cliente=id_cliente_in and Pass=contraseña_in) is not null then
        set @ID_Cliente=id_cliente_in;
        select "Login correcto" as log;
    else
        select "Contraseña o usuario incorrecto" as log;
    end if;
    end ;;
DELIMITER ;
/*!50003 SET sql_mode              = @saved_sql_mode */ ;
/*!50003 SET character_set_client  = @saved_cs_client */ ;
/*!50003 SET character_set_results = @saved_cs_results */ ;
/*!50003 SET collation_connection  = @saved_col_connection */ ;
/*!50003 DROP PROCEDURE IF EXISTS `mostrarAdultos` */;
/*!50003 SET @saved_cs_client      = @@character_set_client */ ;
/*!50003 SET @saved_cs_results     = @@character_set_results */ ;
/*!50003 SET @saved_col_connection = @@collation_connection */ ;
/*!50003 SET character_set_client  = utf8 */ ;
/*!50003 SET character_set_results = utf8 */ ;
/*!50003 SET collation_connection  = utf8_general_ci */ ;
/*!50003 SET @saved_sql_mode       = @@sql_mode */ ;
/*!50003 SET sql_mode              = 'STRICT_TRANS_TABLES,NO_AUTO_CREATE_USER,NO_ENGINE_SUBSTITUTION' */ ;
DELIMITER ;;
CREATE DEFINER=`root`@`localhost` PROCEDURE `mostrarAdultos`()
BEGIN 

/* 
Esta consulta mostrará una lista del nombre
 e id de espectáculos a los que pueden asistir bebés.
*/


select DISTINCT ID_Espectaculo,Descripcion,Espectaculos.Tipo FROM
Espectaculos,Espectaculos_has_Tipo_Permite,Tipo_Permite,Eventos
WHERE Espectaculos.ID_espectaculo=Espectaculos_has_Tipo_Permite.Espectaculos_ID_Espectaculo
AND
Espectaculos_has_Tipo_Permite.Tipo_Permite_Tipo=3
AND
eventos.estado=1
AND
Eventos.FK_ID_Espectaculo=Espectaculos.ID_Espectaculo;


END ;;
DELIMITER ;
/*!50003 SET sql_mode              = @saved_sql_mode */ ;
/*!50003 SET character_set_client  = @saved_cs_client */ ;
/*!50003 SET character_set_results = @saved_cs_results */ ;
/*!50003 SET collation_connection  = @saved_col_connection */ ;
/*!50003 DROP PROCEDURE IF EXISTS `mostrarBebes` */;
/*!50003 SET @saved_cs_client      = @@character_set_client */ ;
/*!50003 SET @saved_cs_results     = @@character_set_results */ ;
/*!50003 SET @saved_col_connection = @@collation_connection */ ;
/*!50003 SET character_set_client  = utf8 */ ;
/*!50003 SET character_set_results = utf8 */ ;
/*!50003 SET collation_connection  = utf8_general_ci */ ;
/*!50003 SET @saved_sql_mode       = @@sql_mode */ ;
/*!50003 SET sql_mode              = 'STRICT_TRANS_TABLES,NO_AUTO_CREATE_USER,NO_ENGINE_SUBSTITUTION' */ ;
DELIMITER ;;
CREATE DEFINER=`root`@`localhost` PROCEDURE `mostrarBebes`()
BEGIN 
select DISTINCT ID_Espectaculo,Descripcion,Espectaculos.Tipo FROM
Espectaculos,Espectaculos_has_Tipo_Permite,Tipo_Permite,Eventos
WHERE Espectaculos.ID_espectaculo=Espectaculos_has_Tipo_Permite.Espectaculos_ID_Espectaculo
AND
Espectaculos_has_Tipo_Permite.Tipo_Permite_Tipo=1
AND
eventos.estado=1
AND
Eventos.FK_ID_Espectaculo=Espectaculos.ID_Espectaculo;


END ;;
DELIMITER ;
/*!50003 SET sql_mode              = @saved_sql_mode */ ;
/*!50003 SET character_set_client  = @saved_cs_client */ ;
/*!50003 SET character_set_results = @saved_cs_results */ ;
/*!50003 SET collation_connection  = @saved_col_connection */ ;
/*!50003 DROP PROCEDURE IF EXISTS `mostrarEspectaculos` */;
/*!50003 SET @saved_cs_client      = @@character_set_client */ ;
/*!50003 SET @saved_cs_results     = @@character_set_results */ ;
/*!50003 SET @saved_col_connection = @@collation_connection */ ;
/*!50003 SET character_set_client  = utf8 */ ;
/*!50003 SET character_set_results = utf8 */ ;
/*!50003 SET collation_connection  = utf8_general_ci */ ;
/*!50003 SET @saved_sql_mode       = @@sql_mode */ ;
/*!50003 SET sql_mode              = 'STRICT_TRANS_TABLES,NO_AUTO_CREATE_USER,NO_ENGINE_SUBSTITUTION' */ ;
DELIMITER ;;
CREATE DEFINER=`root`@`localhost` PROCEDURE `mostrarEspectaculos`()
BEGIN



SELECT DISTINCT
	Espectaculos.ID_Espectaculo as ID,
    Espectaculos.Descripcion as Descripcion,
    Espectaculos.Tipo as 'Tipo de Espectáculo'
FROM
	Espectaculos,Eventos	
WHERE
	Eventos.estado=1
    AND
    Eventos.FK_ID_Espectaculo=Espectaculos.ID_Espectaculo;


END ;;
DELIMITER ;
/*!50003 SET sql_mode              = @saved_sql_mode */ ;
/*!50003 SET character_set_client  = @saved_cs_client */ ;
/*!50003 SET character_set_results = @saved_cs_results */ ;
/*!50003 SET collation_connection  = @saved_col_connection */ ;
/*!50003 DROP PROCEDURE IF EXISTS `mostrarGradas` */;
/*!50003 SET @saved_cs_client      = @@character_set_client */ ;
/*!50003 SET @saved_cs_results     = @@character_set_results */ ;
/*!50003 SET @saved_col_connection = @@collation_connection */ ;
/*!50003 SET character_set_client  = utf8 */ ;
/*!50003 SET character_set_results = utf8 */ ;
/*!50003 SET collation_connection  = utf8_general_ci */ ;
/*!50003 SET @saved_sql_mode       = @@sql_mode */ ;
/*!50003 SET sql_mode              = 'STRICT_TRANS_TABLES,NO_AUTO_CREATE_USER,NO_ENGINE_SUBSTITUTION' */ ;
DELIMITER ;;
CREATE DEFINER=`root`@`localhost` PROCEDURE `mostrarGradas`(
       IN ID_Evento INT
)
BEGIN

SELECT DISTINCT
	Gradas.ID_gradas,Gradas.nombreGrada
FROM
	Gradas,Precio	
WHERE
	Precio.FK_ID_evento=ID_Evento;
	


END ;;
DELIMITER ;
/*!50003 SET sql_mode              = @saved_sql_mode */ ;
/*!50003 SET character_set_client  = @saved_cs_client */ ;
/*!50003 SET character_set_results = @saved_cs_results */ ;
/*!50003 SET collation_connection  = @saved_col_connection */ ;
/*!50003 DROP PROCEDURE IF EXISTS `mostrarInfantiles` */;
/*!50003 SET @saved_cs_client      = @@character_set_client */ ;
/*!50003 SET @saved_cs_results     = @@character_set_results */ ;
/*!50003 SET @saved_col_connection = @@collation_connection */ ;
/*!50003 SET character_set_client  = utf8 */ ;
/*!50003 SET character_set_results = utf8 */ ;
/*!50003 SET collation_connection  = utf8_general_ci */ ;
/*!50003 SET @saved_sql_mode       = @@sql_mode */ ;
/*!50003 SET sql_mode              = 'STRICT_TRANS_TABLES,NO_AUTO_CREATE_USER,NO_ENGINE_SUBSTITUTION' */ ;
DELIMITER ;;
CREATE DEFINER=`root`@`localhost` PROCEDURE `mostrarInfantiles`()
BEGIN 
select DISTINCT ID_Espectaculo,Descripcion,Espectaculos.Tipo FROM
Espectaculos,Espectaculos_has_Tipo_Permite,Tipo_Permite,Eventos
WHERE Espectaculos.ID_espectaculo=Espectaculos_has_Tipo_Permite.Espectaculos_ID_Espectaculo
AND
Espectaculos_has_Tipo_Permite.Tipo_Permite_Tipo=2
AND
eventos.estado=1
AND
Eventos.FK_ID_Espectaculo=Espectaculos.ID_Espectaculo;

END ;;
DELIMITER ;
/*!50003 SET sql_mode              = @saved_sql_mode */ ;
/*!50003 SET character_set_client  = @saved_cs_client */ ;
/*!50003 SET character_set_results = @saved_cs_results */ ;
/*!50003 SET collation_connection  = @saved_col_connection */ ;
/*!50003 DROP PROCEDURE IF EXISTS `mostrarJubilados` */;
/*!50003 SET @saved_cs_client      = @@character_set_client */ ;
/*!50003 SET @saved_cs_results     = @@character_set_results */ ;
/*!50003 SET @saved_col_connection = @@collation_connection */ ;
/*!50003 SET character_set_client  = utf8 */ ;
/*!50003 SET character_set_results = utf8 */ ;
/*!50003 SET collation_connection  = utf8_general_ci */ ;
/*!50003 SET @saved_sql_mode       = @@sql_mode */ ;
/*!50003 SET sql_mode              = 'STRICT_TRANS_TABLES,NO_AUTO_CREATE_USER,NO_ENGINE_SUBSTITUTION' */ ;
DELIMITER ;;
CREATE DEFINER=`root`@`localhost` PROCEDURE `mostrarJubilados`()
BEGIN 
select DISTINCT ID_Espectaculo,Descripcion,Espectaculos.Tipo FROM
Espectaculos,Espectaculos_has_Tipo_Permite,Tipo_Permite,Eventos
WHERE Espectaculos.ID_espectaculo=Espectaculos_has_Tipo_Permite.Espectaculos_ID_Espectaculo
AND
Espectaculos_has_Tipo_Permite.Tipo_Permite_Tipo=5
AND
eventos.estado=1
AND
Eventos.FK_ID_Espectaculo=Espectaculos.ID_Espectaculo;

END ;;
DELIMITER ;
/*!50003 SET sql_mode              = @saved_sql_mode */ ;
/*!50003 SET character_set_client  = @saved_cs_client */ ;
/*!50003 SET character_set_results = @saved_cs_results */ ;
/*!50003 SET collation_connection  = @saved_col_connection */ ;
/*!50003 DROP PROCEDURE IF EXISTS `mostrarParados` */;
/*!50003 SET @saved_cs_client      = @@character_set_client */ ;
/*!50003 SET @saved_cs_results     = @@character_set_results */ ;
/*!50003 SET @saved_col_connection = @@collation_connection */ ;
/*!50003 SET character_set_client  = utf8 */ ;
/*!50003 SET character_set_results = utf8 */ ;
/*!50003 SET collation_connection  = utf8_general_ci */ ;
/*!50003 SET @saved_sql_mode       = @@sql_mode */ ;
/*!50003 SET sql_mode              = 'STRICT_TRANS_TABLES,NO_AUTO_CREATE_USER,NO_ENGINE_SUBSTITUTION' */ ;
DELIMITER ;;
CREATE DEFINER=`root`@`localhost` PROCEDURE `mostrarParados`()
BEGIN 
select DISTINCT ID_Espectaculo,Descripcion,Espectaculos.Tipo FROM
Espectaculos,Espectaculos_has_Tipo_Permite,Tipo_Permite,Eventos
WHERE Espectaculos.ID_espectaculo=Espectaculos_has_Tipo_Permite.Espectaculos_ID_Espectaculo
AND
Espectaculos_has_Tipo_Permite.Tipo_Permite_Tipo=4
AND
eventos.estado=1
AND
Eventos.FK_ID_Espectaculo=Espectaculos.ID_Espectaculo;

END ;;
DELIMITER ;
/*!50003 SET sql_mode              = @saved_sql_mode */ ;
/*!50003 SET character_set_client  = @saved_cs_client */ ;
/*!50003 SET character_set_results = @saved_cs_results */ ;
/*!50003 SET collation_connection  = @saved_col_connection */ ;
/*!50003 DROP PROCEDURE IF EXISTS `mostrarPrecioGrada` */;
/*!50003 SET @saved_cs_client      = @@character_set_client */ ;
/*!50003 SET @saved_cs_results     = @@character_set_results */ ;
/*!50003 SET @saved_col_connection = @@collation_connection */ ;
/*!50003 SET character_set_client  = utf8 */ ;
/*!50003 SET character_set_results = utf8 */ ;
/*!50003 SET collation_connection  = utf8_general_ci */ ;
/*!50003 SET @saved_sql_mode       = @@sql_mode */ ;
/*!50003 SET sql_mode              = 'STRICT_TRANS_TABLES,NO_AUTO_CREATE_USER,NO_ENGINE_SUBSTITUTION' */ ;
DELIMITER ;;
CREATE DEFINER=`root`@`localhost` PROCEDURE `mostrarPrecioGrada`(
       IN ID_grada INT,
       IN Evento INT
)
BEGIN



SELECT DISTINCT
	Gradas.ID_gradas as 'ID de Grada',
	Gradas.nombreGrada as 'Nombre de Grada',
	Precio.precio as 'Precio(€)',
	Precio.FK_Permite_Tipo as Permite,
	Precio.FK_ID_evento as ID_Evento
FROM
	Gradas,Precio	
WHERE
	Gradas.ID_gradas=ID_grada
AND
	FK_ID_evento=Evento
    ORDER BY Precio.FK_Permite_Tipo;
	


END ;;
DELIMITER ;
/*!50003 SET sql_mode              = @saved_sql_mode */ ;
/*!50003 SET character_set_client  = @saved_cs_client */ ;
/*!50003 SET character_set_results = @saved_cs_results */ ;
/*!50003 SET collation_connection  = @saved_col_connection */ ;
/*!50003 DROP PROCEDURE IF EXISTS `participantesEspectaculo` */;
/*!50003 SET @saved_cs_client      = @@character_set_client */ ;
/*!50003 SET @saved_cs_results     = @@character_set_results */ ;
/*!50003 SET @saved_col_connection = @@collation_connection */ ;
/*!50003 SET character_set_client  = utf8 */ ;
/*!50003 SET character_set_results = utf8 */ ;
/*!50003 SET collation_connection  = utf8_general_ci */ ;
/*!50003 SET @saved_sql_mode       = @@sql_mode */ ;
/*!50003 SET sql_mode              = 'STRICT_TRANS_TABLES,NO_AUTO_CREATE_USER,NO_ENGINE_SUBSTITUTION' */ ;
DELIMITER ;;
CREATE DEFINER=`root`@`localhost` PROCEDURE `participantesEspectaculo`(
       IN ID_Espectaculo INT
)
BEGIN 
SELECT ID_Participante,Nombre,Papel FROM
Participantes_Espectaculo,Participantes_Espectaculo_has_Espectaculos
WHERE Participantes_Espectaculo_has_Espectaculos.Espectaculos_ID_Espectaculo=ID_Espectaculo
AND
Participantes_Espectaculo_has_Espectaculos.Participantes_Espectaculo_ID_Participante=Participantes_Espectaculo.ID_Participante;


END ;;
DELIMITER ;
/*!50003 SET sql_mode              = @saved_sql_mode */ ;
/*!50003 SET character_set_client  = @saved_cs_client */ ;
/*!50003 SET character_set_results = @saved_cs_results */ ;
/*!50003 SET collation_connection  = @saved_col_connection */ ;
/*!50003 DROP PROCEDURE IF EXISTS `reservalocalidad` */;
/*!50003 SET @saved_cs_client      = @@character_set_client */ ;
/*!50003 SET @saved_cs_results     = @@character_set_results */ ;
/*!50003 SET @saved_col_connection = @@collation_connection */ ;
/*!50003 SET character_set_client  = utf8 */ ;
/*!50003 SET character_set_results = utf8 */ ;
/*!50003 SET collation_connection  = utf8_general_ci */ ;
/*!50003 SET @saved_sql_mode       = @@sql_mode */ ;
/*!50003 SET sql_mode              = 'STRICT_TRANS_TABLES,NO_AUTO_CREATE_USER,NO_ENGINE_SUBSTITUTION' */ ;
DELIMITER ;;
CREATE DEFINER=`root`@`localhost` PROCEDURE `reservalocalidad`(
    in ID_Cliente int,
    in ID_Evento int,
    in ID_Localidad int)
begin
    /* Mostramos al cliente las localidades
    de ese evento.
    */
    
    
    declare id_Estado_Localidad int;
SELECT 
    idEstado_Localidad
INTO id_Estado_Localidad FROM
    Estado_Localidad
WHERE
    FK_ID_localidad = ID_Localidad
        AND FK_ID_evento = ID_Evento;
    
    
UPDATE Estado_Localidad 
SET 
    estado = 'pre-reservado'
WHERE
    FK_ID_localidad = ID_Localidad
        AND FK_ID_evento = ID_Evento;
    if (select estado from Venta where FK_idEstado_Localidad=id_Estado_Localidad and FK_ID_Cliente=ID_Cliente) is not null then
        update Venta set Estado="pre-reservado" where FK_idEstado_Localidad=id_Estado_Localidad and FK_ID_Cliente=ID_Cliente;
    else 
        insert into Venta (Estado,FK_idEstado_Localidad,FK_ID_Cliente,hora_preReserva) values("pre-reservado",id_Estado_Localidad,ID_Cliente,NOW());
    end if;
    end ;;
DELIMITER ;
/*!50003 SET sql_mode              = @saved_sql_mode */ ;
/*!50003 SET character_set_client  = @saved_cs_client */ ;
/*!50003 SET character_set_results = @saved_cs_results */ ;
/*!50003 SET collation_connection  = @saved_col_connection */ ;
/*!50003 DROP PROCEDURE IF EXISTS `signup` */;
/*!50003 SET @saved_cs_client      = @@character_set_client */ ;
/*!50003 SET @saved_cs_results     = @@character_set_results */ ;
/*!50003 SET @saved_col_connection = @@collation_connection */ ;
/*!50003 SET character_set_client  = utf8 */ ;
/*!50003 SET character_set_results = utf8 */ ;
/*!50003 SET collation_connection  = utf8_general_ci */ ;
/*!50003 SET @saved_sql_mode       = @@sql_mode */ ;
/*!50003 SET sql_mode              = 'STRICT_TRANS_TABLES,NO_AUTO_CREATE_USER,NO_ENGINE_SUBSTITUTION' */ ;
DELIMITER ;;
CREATE DEFINER=`root`@`localhost` PROCEDURE `signup`(
    in nombre_in varchar(45),
    in direccion_in varchar(45),
    in contraseña_in varchar(45),
    in metodo_de_pago_in varchar(45))
begin
    /*if (select ID_Cliente from Cliente where ID_Cliente=id_cliente_in and Contraseña=contraseña_in) is not null then
        update Cliente set Metodo_de_pago=metodo_de_pago_in where ID_Cliente=id_cliente_in and Contraseña=contraseña_in;
    else */
        insert into Cliente (nombre,Direccion,Pass,Metodo_de_pago) values(nombre_in,direccion_in,contraseña_in,metodo_de_pago_in);
   /* end if;*/
    end ;;
DELIMITER ;
/*!50003 SET sql_mode              = @saved_sql_mode */ ;
/*!50003 SET character_set_client  = @saved_cs_client */ ;
/*!50003 SET character_set_results = @saved_cs_results */ ;
/*!50003 SET collation_connection  = @saved_col_connection */ ;
/*!40103 SET TIME_ZONE=@OLD_TIME_ZONE */;

/*!40101 SET SQL_MODE=@OLD_SQL_MODE */;
/*!40014 SET FOREIGN_KEY_CHECKS=@OLD_FOREIGN_KEY_CHECKS */;
/*!40014 SET UNIQUE_CHECKS=@OLD_UNIQUE_CHECKS */;
/*!40101 SET CHARACTER_SET_CLIENT=@OLD_CHARACTER_SET_CLIENT */;
/*!40101 SET CHARACTER_SET_RESULTS=@OLD_CHARACTER_SET_RESULTS */;
/*!40101 SET COLLATION_CONNECTION=@OLD_COLLATION_CONNECTION */;
/*!40111 SET SQL_NOTES=@OLD_SQL_NOTES */;

-- Dump completed on 2015-05-05 15:52:02
